[www.sasken.com/index.html]
[backblue.gif]
[fade.gif]
[index.html]
[www.sasken.com/hubfs/fav-icon_0.png]
[www.sasken.com/hubfs/hub_generated/template_assets/1/117882741121/1743227830766/template_sasken-home-bootstrap.min.css]
[www.sasken.com/hubfs/hub_generated/template_assets/1/19868754007/1743227813637/template_common-style.min.css]
[www.sasken.com/hubfs/hub_generated/template_assets/1/66919354150/1743227821468/template_slick-theme.min.css]
[www.sasken.com/hubfs/hub_generated/template_assets/1/66917759488/1743227820351/template_slick.min.css]
[www.sasken.com/hubfs/hub_generated/module_assets/1/195107540854/1768204005997/module_MarTech_Header_2025.css]
[www.sasken.com/hubfs/hub_generated/module_assets/1/192019676172/1754458043905/module_Advanced_Hero_Slider_Dynamic_-_2025.min.css]
[www.sasken.com/hubfs/hub_generated/template_assets/1/117837507159/1743227829173/template_Sasken_Focus_Numbers.min.css]
[www.sasken.com/hubfs/hub_generated/module_assets/1/195106966817/1756191556037/module_MarTech_Footer_Global_2025.min.css]
[www.google-analytics.com/analytics.js]
[7052064.fs1.hubspotusercontent-na1.net/hubfs/7052064/hub_generated/template_assets/DEFAULT_ASSET/1771018353273/template_layout.min.css]
[www.sasken.com/hubfs/Sasken-Logo_Theme.png]
[www.sasken.com/hubfs/Sasken Feb-2022/Slider Files/slick.min.js]
[code.jquery.com/jquery-3.7.1.js]
[www.sasken.com/industry-listing.html]
[www.sasken.com/industries/automotive.html]
[www.sasken.com/industries/automotive/adas-autonomous.html]
[www.sasken.com/industries/automotive/integrated-cockpit.html]
[www.sasken.com/industries/automotive/telematics-v2x-smart-mobility.html]
[www.sasken.com/industries/enterprise-devices.html]
[www.sasken.com/industries/enterprise-devices/hardware-design-and-development.html]
[www.sasken.com/industries/enterprise-devices/embedded-software-development.html]
[www.sasken.com/industries/enterprise-devices/android-security-management-services.html]
[www.sasken.com/industries/enterprise-devices/android-services.html]
[www.sasken.com/industries/enterprise-devices/device-and-platform-testing.html]
[www.sasken.com/industries/semiconductor.html]
[www.sasken.com/industries/semiconductor/hardware-design.html]
[www.sasken.com/industries/semiconductor/platform-and-application-software.html]
[www.sasken.com/industries/semiconductor/modem-software-development.html]
[www.sasken.com/industries/consumer-electronics.html]
[www.sasken.com/industries/consumer-electronics/hardware-design-and-development.html]
[www.sasken.com/industries/consumer-electronics/embedded-software-development.html]
[www.sasken.com/industries/consumer-electronics/application-development.html]
[www.sasken.com/industries/consumer-electronics/android-security-management-services.html]
[www.sasken.com/industries/consumer-electronics/device-and-platform-testing.html]
[www.sasken.com/industries/satcom.html]
[www.sasken.com/industries/satcom/access-network-enhancement-maintenance-and-ip.html]
[www.sasken.com/industries/satcom/application-development.html]
[www.sasken.com/industries/satcom/embedded-software-development.html]
[www.sasken.com/industries/satcom/terminal-design-and-development.html]
[www.sasken.com/industries/telecom.html]
[www.sasken.com/industries/telecom/modem-software-development.html]
[www.sasken.com/industries/telecom/radio-access-networks.html]
[www.sasken.com/industries/industrials.html]
[www.sasken.com/industries/industrials/off-highway-machines.html]
[www.sasken.com/industries/industrials/connected-manufacturing.html]
[www.sasken.com/industries/industrials/machine-tools.html]
[www.sasken.com/transportation-services.html]
[www.sasken.com/digital.html]
[www.sasken.com/digital/platform-development-sustenance.html]
[www.sasken.com/digital/mobility.html]
[www.sasken.com/digital/data-analytics.html]
[www.sasken.com/digital/internet-of-things.html]
[www.sasken.com/digital/digital-testing.html]
[www.sasken.com/digital/devops.html]
[www.sasken.com/digital/blockchain.html]
[www.sasken.com/sasken-product-security.html]
[www.sasken.com/aws.html]
[www.sasken.com/product-engineering/overview.html]
[www.sasken.com/insights/success-stories.html]
[www.sasken.com/insights/saskens-focus-areas.html]
[www.sasken.com/insights/customer-speaks.html]
[www.sasken.com/business-continuity-success-stories.html]
[www.sasken.com/insights/case-study.html]
[www.sasken.com/insights/white-papers.html]
[www.sasken.com/insights/buzz.html]
[www.sasken.com/about-us/corporate-profile.html]
[www.sasken.com/saskens-brand-story.html]
[www.sasken.com/investors.html]
[www.sasken.com/about-us/our-leaders.html]
[www.sasken.com/news.html]
[www.sasken.com/about-us/recognitions.html]
[www.sasken.com/about-us/partnerships-and-alliances.html]
[www.sasken.com/sustainability-sasken.html]
[www.sasken.com/csr.html]
[www.sasken.com/contact-us.html]
[www.sasken.com/hubfs/ICAI Award-2.jpg]
[www.sasken.com/hubfs/SatshowBG-1.jpg]
[www.sasken.com/jp/index.html]
[www.sasken.com/hubfs/MWCbg.jpg]
[www.sasken.com/hubfs/AvtarAwards.jpg]
[www.sasken.com/hubfs/BG_3.jpg]
[www.sasken.com/hs-fs/hubfs/Sasken_global/home/5Gf9c4.jpg]
[www.sasken.com/hs-fs/hubfs/Sasken_global/home/iot027c.jpg]
[www.sasken.com/hs-fs/hubfs/Sasken_global/home/AI-AND-ML5a5b.jpg]
[www.sasken.com/hs-fs/hubfs/Sasken_global/home/v2xf2e3.jpg]
[www.sasken.com/hs-fs/hubfs/Sasken_global/home/blockchainaf88.jpg]
[www.sasken.com/insights/success-stories/battery-management-system-for-an-asian-original-equipment-manufacturer-oem.html]
[www.sasken.com/insights/success-stories/transform-your-digital-marketing-landscape-unleashing-saskens-analytical-prowess.html]
[www.sasken.com/insights/success-stories/store-app-retail-store-associatefnameemailphone.html]
[www.sasken.com/hubfs/shutterstock_2196663673.jpg]
[www.sasken.com/hubfs/Sasken - Sales, Marketing Insight Platform.jpg]
[www.sasken.com/hubfs/retail_associate-1.webp]
[www.sasken.com/hubfs/Sasken_global/home/yers.webp]
[www.sasken.com/hubfs/Sasken_global/home/hundred.webp]
[www.sasken.com/hubfs/Sasken_global/home/fhund.webp]
[www.sasken.com/hubfs/Sasken_global/home/bilion.webp]
[www.sasken.com/hubfs/Sasken_global/home/certificate.webp]
[www.sasken.com/hubfs/Imported images/logo-white-1.png]
[www.sasken.com/terms-use.html]
[www.sasken.com/privacy-policy.html]
[www.sasken.com/cookie-policy.html]
[cdnjs.cloudflare.com/ajax/libs/font-awesome/6.5.1/css/all.min.css]
[www.sasken.com/hs/hsstatic/content-cwv-embed/static-1.1293/embed.js]
[www.sasken.com/hubfs/hub_generated/template_assets/1/24572069418/1743168591751/template_jquery-min.min.js]
[www.sasken.com/hubfs/hub_generated/template_assets/1/66921819950/1743227822028/template_slick.min.js]
[www.sasken.com/hs/hsstatic/cos-i18n/static-1.53/bundles/project.js]
[www.sasken.com/hubfs/hub_generated/module_assets/1/195107540854/1768204005997/module_MarTech_Header_2025.min.js]
[www.sasken.com/hubfs/hub_generated/module_assets/1/192019676172/1754458043905/module_Advanced_Hero_Slider_Dynamic_-_2025.min.js]
[www.sasken.com/hubfs/hub_generated/module_assets/1/67010706951/1743342388739/module_Sasken_Focus_Numbers.min.js]
[www.sasken.com/hubfs/hub_generated/module_assets/1/195106966817/1756191556037/module_MarTech_Footer_Global_2025.min.js]
[www.sasken.com/hs/scriptloader/2401243.js]
[www.sasken.com/index.html]
[www.sasken.com/hubfs/hub_generated/template_assets/1/117882741121/1743227830766/template_sasken-home-bootstrap.min.css]
[www.sasken.com/hs/hsstatic/HubspotToolsMenu/static-1.624/js/index.js]
[static.hsappstatic.net/static-hubspot-com/static-1.270519761/final/img/common/icons/social/facebook-24x24.png]
[www.sasken.com/hubfs/hub_generated/template_assets/1/19868754007/1743227813637/template_common-style.min.css]
[www.sasken.com/hubfs/hub_generated/template_assets/1/66919354150/1743227821468/ajax-loader.gif]
[www.sasken.com/hubfs/hub_generated/template_assets/1/66919354150/1743227821468/fonts/slick.eot]
[www.sasken.com/hubfs/hub_generated/template_assets/1/66919354150/1743227821468/fonts/slickd41d.eot]
[www.sasken.com/hubfs/hub_generated/template_assets/1/66919354150/1743227821468/fonts/slick.svg]
[www.sasken.com/hubfs/hub_generated/template_assets/1/66919354150/1743227821468/template_slick-theme.min.css]
[www.sasken.com/hubfs/hub_generated/template_assets/1/66917759488/1743227820351/template_slick.min.css]
[www.sasken.com/hubfs/hub_generated/module_assets/1/195107540854/1768204005997/module_MarTech_Header_2025.css]
[www.sasken.com/hubfs/hub_generated/module_assets/1/192019676172/1754458043905/module_Advanced_Hero_Slider_Dynamic_-_2025.min.css]
[2401243.fs1.hubspotusercontent-na2.net/hubfs/2401243/Group 1.png]
[www.sasken.com/hubfs/hub_generated/template_assets/1/117837507159/1743227829173/template_Sasken_Focus_Numbers.min.css]
[www.sasken.com/hubfs/hub_generated/module_assets/1/195106966817/1756191556037/module_MarTech_Footer_Global_2025.min.css]
[7052064.fs1.hubspotusercontent-na1.net/hubfs/7052064/hub_generated/template_assets/DEFAULT_ASSET/1771018353273/template_layout.min.css]
[www.sasken.com/hubfs/hub_generated/module_assets/1/67994959119/1743342401596/module_Seed_To_Harvest_Icon_box_Module.min.css]
[7052064.fs1.hubspotusercontent-na1.net/hubfs/7052064/hub_generated/template_assets/DEFAULT_ASSET/1770412220877/template_layout.min.css]
[www.sasken.com/hubfs/hub_generated/template_assets/1/66933758361/1743227822649/template_sasken-bootstrap.min.css]
[ajax.googleapis.com/ajax/libs/jquery/3.5.1/jquery.min.js]
[cdnjs.cloudflare.com/ajax/libs/normalize/5.0.0/normalize.min.css]
[cdnjs.cloudflare.com/ajax/libs/slick-carousel/1.6.0/slick.min.css]
[cdnjs.cloudflare.com/ajax/libs/jquery/3.1.0/jquery.min.js]
[cdnjs.cloudflare.com/ajax/libs/slick-carousel/1.6.0/slick.min.js]
[unpkg.com/aos@2.3.1/dist/aos.css]
[unpkg.com/aos@2.3.1/dist/aos.js]
[www.sasken.com/hubfs/WB-IndustryOfferings.jpg]
[www.sasken.com/hubfs/Industry Offerings Page/Automotive.png]
[www.sasken.com/hubfs/Industry Offerings Page/Semiconductor.png]
[www.sasken.com/hubfs/Industry Offerings Page/Industrial.png]
[www.sasken.com/hubfs/Industry Offerings Page/Comms-&-Devices.png]
[www.sasken.com/hubfs/Industry Offerings Page/SatCom.png]
[www.sasken.com/hubfs/Industry Offerings Page/Transportation.png]
[www.sasken.com/hubfs/hub_generated/template_assets/1/66917920947/1743227820814/template_slick-min.min.js]
[www.sasken.com/hubfs/hub_generated/template_assets/1/26241132278/1743227819547/template_slick.min.js]
[www.sasken.com/hubfs/hub_generated/module_assets/1/67316765622/1768540117936/module_Sasken_Image_and_Text_Banner_Module.min.js]
[www.sasken.com/industry-listing.html]
[www.sasken.com/hs/hsstatic/HubspotToolsMenu/static-1.432/js/index.js]
[www.sasken.com/hubfs/Group 1.png]
[www.sasken.com/hubfs/Sasken Feb-2022/arrowmore.png]
[www.sasken.com/hubfs/Industries_Automotive.jpg]
[www.sasken.com/hubfs/ind-img2-01.png]
[www.sasken.com/hubfs/automitive_illustration.png]
[www.sasken.com/hubfs/Sasken Feb-2022/Industry Offerings/agl-logo.jpg]
[www.sasken.com/hubfs/Sasken Feb-2022/Industry Offerings/android-logo_0.jpg]
[www.sasken.com/hubfs/Sasken Feb-2022/Industry Offerings/qnx-logo.jpg]
[www.sasken.com/hubfs/Sasken Feb-2022/Automotive/platform_engineering.jpg]
[www.sasken.com/hubfs/Sasken Feb-2022/Automotive/enabling_leading.jpg]
[www.sasken.com/hubfs/Sasken Feb-2022/Automotive/enabled_na_semiconductor.jpg]
[www.sasken.com/hubfs/Sasken Feb-2022/Automotive/enabling_na_oem.jpg]
[www.sasken.com/hubfs/Sasken Feb-2022/Automotive/making.jpg]
[www.sasken.com/hubfs/Sasken Feb-2022/Automotive/rse.jpg]
[www.sasken.com/hubfs/Sasken Feb-2022/Automotive/agl_genivi.jpg]
[www.sasken.com/hubfs/Sasken Feb-2022/Automotive/aftermarket_telematics.jpg]
[www.sasken.com/industries/automotive/body-electronics-autosar]
[www.sasken.com/hubfs/Sasken Feb-2022/Hardware Design/l3_icdesign.jpg]
[www.sasken.com/hubfs/AdobeStock_902326859-1.jpg]
[www.sasken.com/hubfs/platform.jpg]
[www.sasken.com/hubfs/Sasken-Smart-Industrial-Product_50f1e773a394c37fda72e985388b8598.jpg]
[www.sasken.com/hubfs/mwc_19.jpg]
[www.sasken.com/industries/automotive.html]
[www.sasken.com/hubfs/hub_generated/template_assets/1/101034964793/1743227826549/template_jquery.min.js]
[www.sasken.com/hubfs/Sasken Feb-2022/Plus.png]
[www.sasken.com/hubfs/Sasken Feb-2022/minus.png]
[www.sasken.com/hubfs/Sasken Feb-2022/Hardware Design/L2_ban_default.jpg]
[www.sasken.com/hs-fs/hubfs/Sasken Feb-2022/Website Demo Images/system_Architecture_of_Sasken__ADAS_Platformf13f.jpg]
[www.sasken.com/hs-fs/hubfs/Sasken Feb-2022/Website Demo Images/system_Architecture_of_Sasken__ADAS_Platform.jpg]
[www.sasken.com/industries/consumer-electronics/android-services.html]
[www.sasken.com/industries/enterprise-devices/mobility-solutions.html]
[www.sasken.com/hubfs/Sasken Feb-2022/Website Demo Images/debashis_profile.jpg]
[www.sasken.com/about-us/ask-our-expert/leader-debashis-panigrahi.html]
[www.sasken.com/competencies/analytics.html]
[www.sasken.com/competencies/antenna-design.html]
[www.sasken.com/audio/index.html]
[www.sasken.com/competencies/connectivity.html]
[www.sasken.com/competencies/cross-platform-technologies.html]
[www.sasken.com/competencies/electronics-design.html]
[www.sasken.com/competencies/firmware.html]
[www.sasken.com/competencies/mechanics-design.html]
[www.sasken.com/competencies/multimedia.html]
[www.sasken.com/competencies/os.html]
[www.sasken.com/competencies/pcb-layout-and-board-design.html]
[www.sasken.com/competencies/platforms.html]
[www.sasken.com/competencies/production-testing.html]
[www.sasken.com/competencies/rf-design.html]
[www.sasken.com/hubfs/blog_no.jpg]
[www.sasken.com/hubfs/222-min.jpg]
[www.sasken.com/industries/automotive/adas-autonomous.html]
[www.sasken.com/hubfs/tag (1).webp]
[www.sasken.com/insights/success-stories/developed-one-first-agl-based-integrated-cockpit-solution.html]
[www.sasken.com/hubfs/Imported_Blog_Media/cst2_0-1.jpg]
[www.sasken.com/insights/success-stories/developed-autosar-compliant-remote-climate-control-module.html]
[www.sasken.com/hubfs/Imported_Blog_Media/cst1.jpg]
[www.sasken.com/insights/success-stories/adaptive-autosar-stack-based-integrated-cockpit-development.html]
[www.sasken.com/hubfs/Imported_Blog_Media/cs2.jpg]
[www.sasken.com/industries/automotive/integrated-cockpit.html]
[www.sasken.com/insights/success-stories/developed-autosar-based-phone-key-paak-solution-compatible-41-different.html]
[www.sasken.com/hs-fs/hubfs/system_architecture-1855e.jpg]
[www.sasken.com/hubfs/Imported_Blog_Media/test_3.jpg]
[www.sasken.com/insights/success-stories/automated-testing-data-visualization-widgets-american-industrial-0.html]
[www.sasken.com/hubfs/Imported_Blog_Media/test_2.jpg]
[www.sasken.com/insights/success-stories/provided-test-automation-mobile-application-suite-and-ticketing-system-0.html]
[www.sasken.com/hubfs/Imported_Blog_Media/mobility_winning.jpg]
[www.sasken.com/insights/success-stories/content-streaming-application-rated-best-app-2017-apple.html]
[www.sasken.com/hubfs/Imported_Blog_Media/mobility_counter.jpg]
[www.sasken.com/industries/automotive/telematics-v2x-smart-mobility.html]
[www.sasken.com/insights/success-stories/enabling-customer-identify-counterfeits-and-protect-revenues-high-value.html]
[www.sasken.com/hubfs/Sasken Feb-2022/Enterprise-Devices/Industries_EGD_1.jpg]
[www.sasken.com/hubfs/ind10-01.png]
[www.sasken.com/hubfs/enterprise_illustration_0.png]
[www.sasken.com/hubfs/Sasken Feb-2022/Competencies/ocf-logo.jpg]
[www.sasken.com/hubfs/Sasken Feb-2022/Enterprise-Devices/39817801_l_0.jpg]
[www.sasken.com/hubfs/Sasken Feb-2022/Enterprise-Devices/rugged_device-CS_0.jpg]
[www.sasken.com/hubfs/Sasken Feb-2022/Enterprise-Devices/39028190_l_0.jpg]
[www.sasken.com/hubfs/Sasken Feb-2022/Enterprise-Devices/Business_Impact_EGD.jpg]
[www.sasken.com/hubfs/Sasken Feb-2022/Enterprise-Devices/27088711_xxl_0.jpg]
[www.sasken.com/hubfs/Sasken Feb-2022/Enterprise-Devices/51614197_l_1.jpg]
[www.sasken.com/hubfs/suc_and (1).webp]
[www.sasken.com/insights/success-stories/enabled-customer-launch-fips-compliant-enterprise-devices.html]
[www.sasken.com/hubfs/Imported_Blog_Media/cs-next_1.jpg]
[www.sasken.com/insights/success-stories/next-gen-rugged-device-platform-development-tier-1-oem.html]
[www.sasken.com/hubfs/Imported_Blog_Media/cs-jelly_0.jpg]
[www.sasken.com/insights/success-stories/android-jelly-bean-bring-na-ruggedized-handset-oem.html]
[www.sasken.com/hubfs/Imported_Blog_Media/cs-upgrade_0.jpg]
[www.sasken.com/industries/enterprise-devices.html]
[www.sasken.com/insights/success-stories/upgrade-legacy-android-rugged-device-android-l.html]
[www.sasken.com/hubfs/Sasken Feb-2022/Hardware Design/mikko_0.jpg]
[www.sasken.com/about-us/ask-our-expert/leader-mikko-keskilammi.html]
[www.sasken.com/hubfs/Imported_Blog_Media/cen.jpg]
[www.sasken.com/insights/success-stories/enabled-na-oem-upgrade-60-devices-latest-android-versions.html]
[www.sasken.com/hubfs/Imported_Blog_Media/may_case.jpg]
[www.sasken.com/industries/enterprise-devices/hardware-design-and-development.html]
[www.sasken.com/industries/enterprise-devices/embedded-software-development.html]
[www.sasken.com/industries/enterprise-devices/android-security-management-services.html]
[www.sasken.com/insights/success-stories/enabled-over-30-cost-savings-upgrades-and-launch-smartphones-and-feature.html]
[www.sasken.com/hubfs/smr_head.jpg]
[www.sasken.com/hubfs/blog_tit.jpg]
[www.sasken.com/industries/enterprise-devices/android-services.html]
[www.sasken.com/hubfs/shutterstock_646496632-1.jpg]
[www.sasken.com/industries/enterprise-devices/device-and-platform-testing.html]
[www.sasken.com/about-us/ask-our-expert.html]
[www.sasken.com/hubfs/Industries_Semiconductor_0.jpg]
[www.sasken.com/hubfs/Sasken Feb-2022/Semiconductor/ind1-01.png]
[www.sasken.com/hubfs/Sasken Feb-2022/Semiconductor/semiconductor_illustration.png]
[www.sasken.com/hubfs/Sasken Feb-2022/Semiconductor/Bus_Imp_SemiCon_01.jpg]
[www.sasken.com/hubfs/Sasken Feb-2022/Semiconductor/Bus_Imp_SemiCon_02.jpg]
[www.sasken.com/hubfs/Sasken Feb-2022/Semiconductor/Bus_Imp_SemiCon_03.jpg]
[www.sasken.com/hubfs/Sasken Feb-2022/Semiconductor/Bus_Imp_SemiCon_04.jpg]
[www.sasken.com/hubfs/Sasken Feb-2022/Semiconductor/Bus_Imp_SemiCon_05.jpg]
[www.sasken.com/hubfs/Sasken Feb-2022/Semiconductor/Bus_Imp_SemiCon_06.jpg]
[www.sasken.com/hubfs/Sasken Feb-2022/Semiconductor/Bus_Imp_SemiCon_07.jpg]
[www.sasken.com/hubfs/Sasken Feb-2022/Semiconductor/Bus_Imp_SemiCon_08.jpg]
[www.sasken.com/hubfs/Sasken Feb-2022/Semiconductor/Bus_Imp_SemiCon_09.jpg]
[www.sasken.com/hubfs/Imported_Blog_Media/android-tv-cs.jpg]
[www.sasken.com/insights/success-stories/helping-operators-put-smart-iptvs.html]
[www.sasken.com/hubfs/Imported_Blog_Media/insight_img.jpg]
[www.sasken.com/industries/semiconductor.html]
[www.sasken.com/industries/semiconductor/hardware-design.html]
[www.sasken.com/industries/semiconductor/platform-and-application-software.html]
[www.sasken.com/insights/success-stories/enabling-leading-semiconductor-vendor-go-market-quicker-their-stb-chips.html]
[www.sasken.com/hubfs/Sasken Feb-2022/Website Demo Images/subhas-kamble_0.jpg]
[www.sasken.com/about-us/ask-our-expert/leader-subhas-kamble.html]
[www.sasken.com/hubfs/Imported_Blog_Media/vran.jpg]
[www.sasken.com/insights/success-stories/development-testing-vran-4g-and-5g.html]
[www.sasken.com/hubfs/Imported_Blog_Media/ca3.jpg]
[www.sasken.com/insights/success-stories/reduced-hardware-requirements-80-virtual-base-station-controller-gsm-r.html]
[www.sasken.com/hubfs/Imported_Blog_Media/ca5.jpg]
[www.sasken.com/insights/success-stories/enabled-customer-launch-100-devices-timely-carrier-acceptance-and.html]
[www.sasken.com/hubfs/Imported_Blog_Media/ca8.jpg]
[www.sasken.com/industries/semiconductor/modem-software-development.html]
[www.sasken.com/insights/success-stories/operator-test-case-compliance.html]
[www.sasken.com/hubfs/Industries_Smart_Devices_Wearables.jpg]
[www.sasken.com/hubfs/Smart_Devices_And_Wearables.png]
[www.sasken.com/hubfs/Sasken_Finland/Sasken-Finland_Industry_Offerings/smartdevices_illustration.png]
[www.sasken.com/hubfs/ocf-logo_0.jpg]
[www.sasken.com/hubfs/Sasken Feb-2022/Consumer Electronics/11343575_l.jpg]
[www.sasken.com/hubfs/Sasken Feb-2022/Consumer Electronics/44750253_l.jpg]
[www.sasken.com/hubfs/Sasken Feb-2022/Consumer Electronics/54301633_l.jpg]
[www.sasken.com/hubfs/Sasken Feb-2022/Consumer Electronics/android-tv-cs.jpg]
[www.sasken.com/hubfs/Sasken Feb-2022/Consumer Electronics/stb-cs.jpg]
[www.sasken.com/hubfs/Sasken Feb-2022/Consumer Electronics/wireless-speaker-cs.jpg]
[www.sasken.com/industries/consumer-electronics.html]
[www.sasken.com/industries/consumer-electronics/hardware-design-and-development.html]
[www.sasken.com/industries/consumer-electronics/embedded-software-development.html]
[www.sasken.com/hubfs/Sasken Feb-2022/Website Demo Images/Sasken_Infographics_Smart_Devices_And_Analytics_Application_Development_1.png]
[www.sasken.com/hubfs/Sasken Feb-2022/Website Demo Images/Sasken_Partnership_2.png]
[www.sasken.com/hubfs/Sasken Feb-2022/Website Demo Images/Sasken_Infographics_Enterprise_1.png]
[www.sasken.com/industries/consumer-electronics/application-development.html]
[www.sasken.com/industries/consumer-electronics/android-security-management-services.html]
[www.sasken.com/industries/consumer-electronics/device-and-platform-testing.html]
[www.sasken.com/hubfs/satcom_new1.jpg]
[www.sasken.com/hubfs/ind-img8.png]
[www.sasken.com/hubfs/satcom_illustration.png]
[www.sasken.com/hubfs/Sasken Feb-2022/Satcom/921754_l.jpg]
[www.sasken.com/hubfs/Sasken Feb-2022/Satcom/13775299_l.jpg]
[www.sasken.com/hubfs/Sasken Feb-2022/Satcom/51614197_l_0.jpg]
[www.sasken.com/hubfs/Sasken Feb-2022/Satcom/51765589_ml.jpg]
[www.sasken.com/hubfs/Imported_Blog_Media/img12.jpg]
[www.sasken.com/industries/satcom.html]
[www.sasken.com/insights/success-stories/lte-based-satellite-terminals-fixed-vehicular-and-maritime.html]
[www.sasken.com/hubfs/Imported_Blog_Media/img13.jpg]
[www.sasken.com/insights/success-stories/end-end-satellite-phone-european-satellite-service-provider.html]
[www.sasken.com/hubfs/Imported_Blog_Media/img11.jpg]
[www.sasken.com/insights/success-stories/new-generation-satellite-user-terminal-handset.html]
[www.sasken.com/hubfs/Imported_Blog_Media/professional-mobile.jpg]
[www.sasken.com/industries/satcom/access-network-enhancement-maintenance-and-ip.html]
[www.sasken.com/industries/satcom/application-development.html]
[www.sasken.com/industries/satcom/embedded-software-development.html]
[www.sasken.com/industries/satcom/terminal-design-and-development.html]
[www.sasken.com/insights/success-stories/professional-mobile-radio-user-terminal-350-mhz-band.html]
[www.sasken.com/hubfs/telcom-banner_0.jpg]
[www.sasken.com/hubfs/icon.jpg]
[www.sasken.com/hubfs/telecom_main.jpg]
[www.sasken.com/hubfs/Sasken Feb-2022/Telecom/1_2.jpg]
[www.sasken.com/hubfs/Sasken Feb-2022/Telecom/2_3.jpg]
[www.sasken.com/hubfs/Sasken Feb-2022/Telecom/3_3.jpg]
[www.sasken.com/hubfs/Sasken Feb-2022/Telecom/4_3.jpg]
[www.sasken.com/hubfs/Sasken Feb-2022/Telecom/5_2.jpg]
[www.sasken.com/industries/telecom.html]
[www.sasken.com/industries/telecom/modem-software-development.html]
[www.sasken.com/hubfs/Imported_Blog_Media/sucess_stories2.jpg]
[www.sasken.com/insights/success-stories/enabling-brand-new-ip-automotive-soc-maker.html]
[www.sasken.com/hubfs/Imported_Blog_Media/case_study1.jpg]
[www.sasken.com/insights/success-stories/enabling-leading-soc-makers-develop-and-launch-products-schedule.html]
[www.sasken.com/hubfs/Imported_Blog_Media/sucess_stories3.jpg]
[www.sasken.com/industries/telecom/radio-access-networks.html]
[www.sasken.com/insights/success-stories/design-verification-modem-ip-discrete-modem-soc.html]
[www.sasken.com/hubfs/Industries_Industrial.jpg]
[www.sasken.com/hubfs/ind-img4-01.png]
[www.sasken.com/hubfs/inds.jpg]
[www.sasken.com/hubfs/Microsite/intel.png]
[www.sasken.com/hubfs/Sasken Feb-2022/smart_0.jpg]
[www.sasken.com/hubfs/Sasken Feb-2022/things_0.jpg]
[www.sasken.com/hubfs/Sasken Feb-2022/Industrials/1_1.jpg]
[www.sasken.com/hubfs/Sasken Feb-2022/Industrials/2_1.jpg]
[www.sasken.com/hubfs/Sasken Feb-2022/Industrials/3_2.jpg]
[www.sasken.com/hubfs/Sasken Feb-2022/Industrials/4_2.jpg]
[www.sasken.com/hubfs/Sasken Feb-2022/Industrials/5_1.jpg]
[www.sasken.com/hubfs/Sasken Feb-2022/Industrials/6_1.jpg]
[www.sasken.com/hubfs/Imported_Blog_Media/blog-iot-2.jpg]
[www.sasken.com/hubfs/Imported_Blog_Media/142-2.jpg]
[www.sasken.com/hubfs/Imported_Blog_Media/blog-17-1.jpg]
[www.sasken.com/hubfs/Imported_Blog_Media/IOT-1.png]
[www.sasken.com/industries/industrials.html]
[www.sasken.com/hubfs/hub_generated/module_assets/1/67791192972/1743342398333/module_Sasken_Header_and_Text_white_two_Col_List_Module.min.css]
[www.sasken.com/hubfs/hub_generated/module_assets/1/67882421060/1743342399509/module_Sasken_Header_and_Text_white_three_column_list.min.css]
[www.sasken.com/industries/industrials/off-highway-machines.html]
[www.sasken.com/hubfs/hub_generated/module_assets/1/67725515410/1743342397180/module_Sasken_Header_and_Two_Col_Listing_Gray_Module.min.css]
[www.sasken.com/hubfs/hub_generated/module_assets/1/67544232997/1743342393942/module_Sasken_Header_and_Text_One_Col_Module.min.css]
[www.sasken.com/hubfs/Imported_Blog_Media/csy.jpg]
[www.sasken.com/insights/success-stories/reduced-maintenance-costs-remote-control-and-diagnostics-industrial-valves.html]
[www.sasken.com/hubfs/Imported_Blog_Media/suc4.jpg]
[www.sasken.com/insights/success-stories/reduced-time-market-unified-iiot-platform-and-business-apps.html]
[www.sasken.com/hubfs/Imported_Blog_Media/suc2.jpg]
[www.sasken.com/insights/success-stories/enhanced-user-experience-touch-screen-based-gui-next-gen-kettle-product.html]
[www.sasken.com/hubfs/Imported_Blog_Media/suc3.jpg]
[www.sasken.com/industries/industrials/connected-manufacturing.html]
[www.sasken.com/industries/industrials/machine-tools.html]
[www.sasken.com/insights/success-stories/faster-time-market-multi-connectivity-iot-logistic-gateway.html]
[www.sasken.com/hubfs/27_1.png]
[www.sasken.com/hubfs/Sasken Feb-2022/Transportation/28_1.png]
[www.sasken.com/hubfs/Sasken Feb-2022/Transportation/30_1.png]
[www.sasken.com/hubfs/Sasken Feb-2022/Transportation/31_1.png]
[www.sasken.com/hubfs/Sasken Feb-2022/Transportation/32_1.png]
[www.sasken.com/hubfs/Sasken Feb-2022/Transportation/29_1.png]
[www.sasken.com/hubfs/Sasken Feb-2022/Transportation/vivek.jpg]
[www.sasken.com/about-us/ask-our-expert/leader-vivek-madathil.html]
[www.sasken.com/hubfs/Imported_Blog_Media/blog-transport-2.jpg]
[www.sasken.com/hubfs/Imported_Blog_Media/blog5-1.jpg]
[www.sasken.com/hubfs/Imported_Blog_Media/journey-1.jpg]
[www.sasken.com/hubfs/Imported_Blog_Media/blog_feb-1.jpg]
[www.sasken.com/transportation-services.html]
[www.sasken.com/hubfs/hub_generated/module_assets/1/68005810301/1743342403790/module_Sasken_Slider_Banner_Two_Col.min.css]
[www.sasken.com/hubfs/hub_generated/module_assets/1/68000857778/1743342402717/module_Services_Offerings.min.css]
[www.sasken.com/hubfs/hub_generated/module_assets/1/71485405045/1743342465289/module_Sasken_Recent_Blogs_Module.min.css]
[www.sasken.com/hubfs/hub_generated/module_assets/1/68009012054/1743342405374/module_Sasken_Contact_Us_Form_Module.min.css]
[www.sasken.com/hubfs/WB-DigitalEngineering.jpg]
[www.sasken.com/hubfs/Sasken Feb-2022/Digital/slider1_digital.png]
[www.sasken.com/hubfs/Sasken Feb-2022/Digital/slide-2.png]
[www.sasken.com/hubfs/Sasken Feb-2022/Digital/slide-3.png]
[www.sasken.com/hubfs/Sasken Feb-2022/Digital/s1.png]
[www.sasken.com/hubfs/Sasken Feb-2022/Digital/ideate.jpg]
[www.sasken.com/hubfs/Sasken Feb-2022/Digital/Conceptualize.jpg]
[www.sasken.com/hubfs/Sasken Feb-2022/Digital/harmonize.jpg]
[www.sasken.com/hubfs/Sasken Feb-2022/Digital/sustain.jpg]
[www.sasken.com/hubfs/industries.jpg]
[www.sasken.com/hubfs/Imported_Blog_Media/1340.jpg]
[www.sasken.com/insights/success-stories/multimodal-ticketing-platform-using-blockchain-enable-real-time-revenue.html]
[www.sasken.com/hubfs/Imported_Blog_Media/coldchain.jpg]
[www.sasken.com/insights/success-stories/establishing-traceability-product-quality-and-accountability-supply-chain.html]
[www.sasken.com/hubfs/BlogCover-01-1.jpg]
[www.sasken.com/hubfs/BlogCover2.jpg]
[www.sasken.com/hubfs/BlogCover copy.jpg]
[www.sasken.com/hubfs/hub_generated/module_assets/1/68005810301/1743342403790/module_Sasken_Slider_Banner_Two_Col.min.js]
[www.sasken.com/digital.html]
[www.sasken.com/_hcms/forms/v2.js]
[www.sasken.com/hubfs/hub_generated/module_assets/1/68088021350/1743342406468/module_Digital_Platform_Flip_Flop_Module.min.css]
[www.sasken.com/hubfs/Sasken Feb-2022/Digital/plat-banner_0.jpg]
[www.sasken.com/hubfs/Sasken Feb-2022/Digital/1_5.jpg]
[www.sasken.com/hubfs/Sasken Feb-2022/Digital/2_3.jpg]
[www.sasken.com/hubfs/Sasken Feb-2022/Digital/3_3.jpg]
[www.sasken.com/hubfs/Sasken Feb-2022/Digital/4_5.jpg]
[www.sasken.com/hubfs/Imported_Blog_Media/platform_oem.jpg]
[www.sasken.com/insights/success-stories/enabled-business-continuity-and-sustained-service-levels.html]
[www.sasken.com/hubfs/Imported_Blog_Media/transportation.jpg]
[www.sasken.com/insights/success-stories/enabled-customer-gain-entry-public-transportation-intelligent.html]
[www.sasken.com/hubfs/Imported_Blog_Media/sucess_NA.jpg]
[www.sasken.com/insights/success-stories/enabled-30-cost-savings-through-cloud-infrastructure-usage.html]
[www.sasken.com/hubfs/Imported_Blog_Media/Smart-Factory-2.jpg]
[www.sasken.com/hubfs/Imported_Blog_Media/laser-blog-1.jpg]
[www.sasken.com/digital/platform-development-sustenance.html]
[www.sasken.com/hubfs/digital_mobility.jpg]
[www.sasken.com/hubfs/1_7.jpg]
[www.sasken.com/hubfs/2_5.jpg]
[www.sasken.com/hubfs/3_5.jpg]
[www.sasken.com/hubfs/4_7.jpg]
[www.sasken.com/hubfs/blog_future.jpg]
[www.sasken.com/hubfs/uploads/2018/09/blog-set.jpg]
[www.sasken.com/hubfs/Imported_Blog_Media/blog-business-2.jpg]
[www.sasken.com/digital/mobility.html]
[www.sasken.com/hubfs/digital_analytics.jpg]
[www.sasken.com/hubfs/1_6.jpg]
[www.sasken.com/hubfs/2_4.jpg]
[www.sasken.com/hubfs/3_4.jpg]
[www.sasken.com/hubfs/4_6.jpg]
[www.sasken.com/hubfs/Imported_Blog_Media/anlytics_increased.jpg]
[www.sasken.com/insights/success-stories/enabled-uk-mvno-achieve-increased-profitability.html]
[www.sasken.com/hubfs/Imported_Blog_Media/analytics_leadings.jpg]
[www.sasken.com/digital/data-analytics.html]
[www.sasken.com/insights/success-stories/leveraged-predictive-analytics-save-wholesale-bundle-purchase-cost.html]
[www.sasken.com/hubfs/digital_internet.jpg]
[www.sasken.com/hubfs/1_8.jpg]
[www.sasken.com/hubfs/digital_iot.jpg]
[www.sasken.com/hubfs/3_6.jpg]
[www.sasken.com/hubfs/Imported_Blog_Media/iot_reduced.jpg]
[www.sasken.com/insights/success-stories/reduced-resolution-time-rtk-gnss-enabled-tracking-system.html]
[www.sasken.com/hubfs/Imported_Blog_Media/iot_global.jpg]
[www.sasken.com/insights/success-stories/reduced-go-market-time-global-leader-iot-solutions.html]
[www.sasken.com/hubfs/Imported_Blog_Media/blog-feb2-1.jpg]
[www.sasken.com/hubfs/Imported_Blog_Media/vibration-1.jpg]
[www.sasken.com/hubfs/Imported_Blog_Media/blog-30.jpg]
[www.sasken.com/digital/internet-of-things.html]
[www.sasken.com/hubfs/hub_generated/module_assets/1/68177644447/1743342407534/module_Sasken_Digital-Testing_Arow_Box_Module.min.css]
[www.sasken.com/hubfs/hub_generated/module_assets/1/73491832900/1743342475487/module_Digital_Methodology_Box_Module.min.css]
[www.sasken.com/hubfs/test-banner_0.jpg]
[www.sasken.com/hubfs/ts_2.jpg]
[www.sasken.com/hubfs/ts_3.jpg]
[www.sasken.com/hubfs/Screenshot 2022-03-10 115423.png]
[www.sasken.com/hubfs/Sasken Feb-2022/Digital/Documents/IoT_Testing_Methodology.pdf]
[www.sasken.com/hubfs/Sasken Feb-2022/Digital/Documents/Data_Testing_Methodology.pdf]
[www.sasken.com/hubfs/Sasken Feb-2022/Digital/Documents/Application_Test_Automation_Methodology.pdf]
[www.sasken.com/hubfs/Sasken Feb-2022/Digital/Documents/API_Testing_Methodology.pdf]
[www.sasken.com/hubfs/Sasken Feb-2022/Digital/Documents/Functional_Testing_Methodology.pdf]
[www.sasken.com/hubfs/Sasken Feb-2022/Digital/Documents/Performance_Testing_Methodology.pdf]
[www.sasken.com/hubfs/Sasken Feb-2022/Digital/Documents/Test_Automation_Methodology.pdf]
[www.sasken.com/hubfs/Sasken Feb-2022/Digital/Documents/Testing_for_Agile_Projects_Methodology.pdf]
[www.sasken.com/digital/digital-testing.html]
[www.sasken.com/hubfs/hub_generated/module_assets/1/68266550879/1743342410699/module_Sasken_Expertise_Logo_Col_Module.min.css]
[www.sasken.com/hubfs/devops_0.jpg]
[www.sasken.com/hubfs/dev_develop.jpg]
[www.sasken.com/hubfs/dev_consumer.jpg]
[www.sasken.com/hubfs/dev_business.jpg]
[www.sasken.com/hubfs/dev_technology.jpg]
[www.sasken.com/hubfs/Imported_Blog_Media/sucess_1_0.jpg]
[www.sasken.com/insights/success-stories/enabled-continuous-automated-deployment-applications-and-platforms.html]
[www.sasken.com/hubfs/Imported_Blog_Media/sucess_2.jpg]
[www.sasken.com/insights/success-stories/ensured-continuous-releases-new-web-apps-and-apis-global-transportation.html]
[www.sasken.com/hubfs/Imported_Blog_Media/smrt.jpg]
[www.sasken.com/insights/success-stories/provided-automated-deployment-web-and-mobile-apps-public-cloud-reputed.html]
[www.sasken.com/hubfs/Sasken Feb-2022/Digital/devops/jira.png]
[www.sasken.com/hubfs/Sasken Feb-2022/Digital/devops/confluence.png]
[www.sasken.com/hubfs/Sasken Feb-2022/codecl.png]
[www.sasken.com/hubfs/Sasken Feb-2022/jenkins.png]
[www.sasken.com/hubfs/Sasken Feb-2022/docker.png]
[www.sasken.com/hubfs/Sasken Feb-2022/git.png]
[www.sasken.com/hubfs/Sasken Feb-2022/maven.png]
[www.sasken.com/hubfs/Sasken Feb-2022/circelci.png]
[www.sasken.com/hubfs/Sasken Feb-2022/apache.png]
[www.sasken.com/hubfs/Sasken Feb-2022/junit.png]
[www.sasken.com/hubfs/cucmber.png]
[www.sasken.com/hubfs/Sasken Feb-2022/ansible.png]
[www.sasken.com/hubfs/powershell.png]
[www.sasken.com/hubfs/chef.png]
[www.sasken.com/hubfs/cloudformation.png]
[www.sasken.com/hubfs/dockerhub.png]
[www.sasken.com/hubfs/Sasken Feb-2022/mazure.png]
[www.sasken.com/hubfs/aws.png]
[www.sasken.com/hubfs/amazon_cloud.png]
[www.sasken.com/hubfs/nagios.png]
[www.sasken.com/hubfs/swarm.png]
[www.sasken.com/hubfs/kibana.png]
[www.sasken.com/hubfs/kubernetes.png]
[www.sasken.com/hubfs/blog-head-1.jpg]
[www.sasken.com/hubfs/blog_del-1.jpg]
[www.sasken.com/hubfs/Devops as a Service  Saas  AWS Cloud Formation Solution.jpg]
[www.sasken.com/digital/devops.html]
[www.sasken.com/hubfs/blockchain_banner.jpg]
[www.sasken.com/hubfs/decentralized.jpg]
[www.sasken.com/hubfs/immutable.jpg]
[www.sasken.com/hubfs/blockchain_0.jpg]
[www.sasken.com/digital/blockchain.html]
[www.sasken.com/hubfs/2 3.jpg]
[cdn.jsdelivr.net/npm/bootstrap-icons@1.11.3/font/bootstrap-icons.min.css]
[www.sasken.com/hubfs/Cybersecurity/Requirement.jpg]
[www.sasken.com/hubfs/Cybersecurity/Design.jpg]
[www.sasken.com/hubfs/Cybersecurity/Development.jpg]
[www.sasken.com/hubfs/Cybersecurity/Validation.jpg]
[www.sasken.com/hubfs/Cybersecurity/Release.jpg]
[www.sasken.com/hubfs/Cybersecurity/Maintenance.jpg]
[www.sasken.com/hubfs/Cybersecurity/auto solution.png]
[www.sasken.com/hubfs/Cybersecurity/5G.png]
[www.sasken.com/hubfs/MA 1.png]
[www.sasken.com/hubfs/AWS-2.png]
[www.sasken.com/hubfs/Trustonic.png]
[www.sasken.com/hubfs/GCP.png]
[www.sasken.com/hubfs/Vic.png]
[www.sasken.com/sasken-product-security.html]
[cdn.jsdelivr.net/npm/bootstrap@5.3.3/dist/js/bootstrap.bundle.min.js]
[www.sasken.com/hubfs/hub_generated/module_assets/1/69164466823/1743342419253/module_Sasken_Full_Width_Text_Box.min.css]
[www.sasken.com/hubfs/hub_generated/template_assets/1/117837849644/1743227829759/template_Sasken_Next_Gen_Thinker.min.css]
[www.sasken.com/hubfs/AWS_Banner_Sasken.jpg]
[www.sasken.com/hs-fs/hubfs/Sasken Feb-2022/bann4d109.png]
[www.sasken.com/hubfs/partnership_tr.png]
[www.sasken.com/hubfs/DATA BREACHES.png]
[www.sasken.com/hubfs/FINANCIAL LOSSES.png]
[www.sasken.com/hubfs/DAMAGE TO REPUTATION.png]
[www.sasken.com/hs-fs/hubfs/home_career_050f3.png]
[www.sasken.com/hubfs/Sasken Feb-2022/yers.png]
[www.sasken.com/hubfs/competency1-01.png]
[www.sasken.com/aws.html]
[www.sasken.com/hubfs/hub_generated/module_assets/1/66929458204/1743342387659/module_Sasken_Slider_Banner.min.js]
[www.sasken.com/hubfs/WB-ProductEngineering.jpg]
[www.sasken.com/hubfs/Sasken Feb-2022/services1-1.png]
[www.sasken.com/product-engineering/overview.html]
[www.sasken.com/hubfs/hub_generated/module_assets/1/69360475754/1743342428869/module_Sasken_Success_Stories_Tag_Filter_Module.min.css]
[platform.linkedin.com/in.js]
[www.sasken.com/insights/success-stories/rss.xml]
[www.sasken.com/hubfs/hub_generated/template_assets/1/69351021486/1743227823291/template_Sasken_Success_Stories_styles.min.css]
[ajax.googleapis.com/ajax/libs/jquery/3.6.0/jquery.min.js]
[www.sasken.com/hubfs/Sasken Feb-2022/Insights_Success_Stories_0.jpg]
[www.campaigncreators.com/hs-fs/hub/313589/hub_generated/template_assets/27966256559/1585922942513/CampaignCreators_August2018/Codes_Files/Infinitescroll.min.js]
[www.sasken.com/insights/success-stories/tag/automotive.html]
[www.sasken.com/insights/success-stories/tag/mobility.html]
[www.sasken.com/insights/success-stories/tag/industrials.html]
[www.sasken.com/insights/success-stories/tag/data-analytics.html]
[www.sasken.com/insights/success-stories/tag/telecom.html]
[www.sasken.com/insights/success-stories/tag/consumer-electronics.html]
[www.sasken.com/insights/success-stories/tag/enterprise-devices.html]
[www.sasken.com/insights/success-stories/tag/satcom.html]
[www.sasken.com/insights/success-stories/tag/internet-of-things.html]
[www.sasken.com/insights/success-stories/tag/platform.html]
[www.sasken.com/insights/success-stories/tag/semiconductor.html]
[www.sasken.com/insights/success-stories/tag/devops.html]
[www.sasken.com/insights/success-stories/tag/blockchain.html]
[www.sasken.com/insights/success-stories/tag/digital-testing.html]
[www.sasken.com/hubfs/insights/white-papers/Telematics_and_Ride_Hailing_Case_study.jpg]
[www.sasken.com/hubfs/Sasken Feb-2022/Textbox_Close.png]
[www.sasken.com/hubfs/insights/white-papers/Sasken_Telematics_and_Ride-Hailing_Case_Study.mp4]
[www.sasken.com/insights/success-stories/enabled-customer-launch-next-gen-autosar-compliant-telematics-solution.html]
[www.sasken.com/hubfs/Imported_Blog_Media/cs1.jpg]
[www.sasken.com/insights/success-stories/reduced-t2m-30-core-application-development-instrument-cluster.html]
[www.sasken.com/hubfs/Imported_Blog_Media/cs3.jpg]
[www.sasken.com/insights/success-stories/preferred-partner-customers-modem-sustenance-and-customer-engineering.html]
[www.sasken.com/hubfs/Imported_Blog_Media/ca7.jpg]
[www.sasken.com/insights/success-stories/end-end-design-and-platform-migration-bts-railways.html]
[www.sasken.com/hubfs/Imported_Blog_Media/ca6.jpg]
[www.sasken.com/insights/success-stories/4g-o-ran-fronthaul.html]
[www.sasken.com/hubfs/Imported_Blog_Media/ca2.jpg]
[www.sasken.com/insights/success-stories/reduced-time-market-carriers-5g-launch.html]
[www.sasken.com/hubfs/Imported_Blog_Media/ca5_0.jpg]
[www.sasken.com/insights/success-stories/enabled-successful-road-trials-c-v2x-japan.html]
[www.sasken.com/hubfs/Imported_Blog_Media/succ2.jpg]
[www.sasken.com/insights/success-stories/partnering-north-american-tier-1-autonomous-vehicular-validation.html]
[www.sasken.com/hubfs/Imported_Blog_Media/partnering.jpg]
[www.sasken.com/insights/success-stories/enabled-zero-glare-car-headlights-pedestrian-convenience.html]
[www.sasken.com/hubfs/Imported_Blog_Media/succ1.jpg]
[www.sasken.com/insights/success-stories/enabled-fabless-semiconductor-company-develop-software-sdk.html]
[www.sasken.com/hubfs/Imported_Blog_Media/succ3.jpg]
[www.sasken.com/insights/success-stories/driver-monitoring-system-nvidia-platform.html]
[www.sasken.com/hubfs/Imported_Blog_Media/suu5.jpg]
[www.sasken.com/insights/success-stories/android-based-ivi-partnership-japanese-auto-tier-1.html]
[www.sasken.com/hubfs/Imported_Blog_Media/su1.jpg]
[www.sasken.com/insights/success-stories/connectivity-partner-north-american-tier-1.html]
[www.sasken.com/hubfs/Imported_Blog_Media/su3.jpg]
[www.sasken.com/insights/success-stories/android-based-ivi-productization-uk-based-tier-1.html]
[www.sasken.com/hubfs/Imported_Blog_Media/su2.jpg]
[www.sasken.com/insights/success-stories/bluetooth-solution-north-american-tier-1.html]
[www.sasken.com/hubfs/Imported_Blog_Media/su4.jpg]
[www.sasken.com/insights/success-stories/multimedia-integration-genivi-compliant-ivi-system.html]
[www.sasken.com/hubfs/Imported_Blog_Media/su6_0.jpg]
[www.sasken.com/insights/success-stories/reduced-test-effort-75-end-end-test-automation.html]
[www.sasken.com/hubfs/Imported_Blog_Media/suc_3.jpg]
[www.sasken.com/insights/success-stories/enabled-remote-monitoring-control-high-precision-welding-machine.html]
[www.sasken.com/hubfs/Imported_Blog_Media/sucess_enab.jpg]
[www.sasken.com/insights/success-stories/track-and-visualize-paving-operations-saas-based-industrial-iot-platform.html]
[www.sasken.com/hubfs/Imported_Blog_Media/suc_4.jpg]
[www.sasken.com/insights/success-stories/enabled-faster-shipping-devices-leading-japanese-telecom-operator.html]
[www.sasken.com/hubfs/Imported_Blog_Media/Story 1.jpg]
[www.sasken.com/insights/success-stories/delivered-optimized-user-experience-resource-constrained-devices.html]
[www.sasken.com/hubfs/Imported_Blog_Media/Story 2.jpg]
[www.sasken.com/insights/success-stories/delivered-test-automation-iot-platform-reducing-time-market.html]
[www.sasken.com/hubfs/Imported_Blog_Media/test_1.jpg]
[www.sasken.com/insights/success-stories/enabled-infotainment-system-japanese-and-german-tier-1s.html]
[www.sasken.com/hubfs/Imported_Blog_Media/ren_4.jpg]
[www.sasken.com/insights/success-stories/enabled-ivi-solution-na-oem-next-gen-streaming-technologies.html]
[www.sasken.com/hubfs/Imported_Blog_Media/ren_3.jpg]
[www.sasken.com/insights/success-stories/instrument-cluster-verification-validation-na-tier-1.html]
[www.sasken.com/hubfs/Imported_Blog_Media/ren_5.jpg]
[www.sasken.com/insights/success-stories/enabled-can-interface-european-auto-tier-1.html]
[www.sasken.com/hubfs/Imported_Blog_Media/ren_2_0.jpg]
[www.sasken.com/insights/success-stories/enabled-automotive-tier-1-launch-ivi-solution-multiple-platforms.html]
[www.sasken.com/hubfs/Imported_Blog_Media/ren_1.jpg]
[www.sasken.com/insights/success-stories/asset-performance-management-rolling-stock.html]
[www.sasken.com/hubfs/Imported_Blog_Media/ss_3.jpg]
[www.sasken.com/insights/success-stories/developed-industrial-imaging-engine-enabled-edge-intelligence-machine.html]
[www.sasken.com/hubfs/Imported_Blog_Media/sec_3.jpg]
[www.sasken.com/insights/success-stories/developed-industry-40-enabled-welder-connectivity-unprecedented-control-and.html]
[www.sasken.com/hubfs/Imported_Blog_Media/ss_2.jpg]
[www.sasken.com/insights/success-stories/enabled-customer-launch-next-gen-lte-based-telematics-solution-0.html]
[www.sasken.com/hubfs/Imported_Blog_Media/cus_auto2_0.jpg]
[www.sasken.com/insights/success-stories/enabled-customer-launch-next-gen-lte-based-telematics-solution.html]
[www.sasken.com/hubfs/Imported_Blog_Media/cus_auto-1.jpg]
[www.sasken.com/insights/success-stories/grew-market-share-mvp-aftermarket-automotive-ancillary-products.html]
[www.sasken.com/hubfs/Imported_Blog_Media/iot_ukbased.jpg]
[www.sasken.com/insights/success-stories/first-android-m-upgrade-omap4-platform-rugged-device-oem.html]
[www.sasken.com/hubfs/Imported_Blog_Media/cs-android_0.jpg]
[www.sasken.com/insights/success-stories/automated-testing-telematics-based-application-suite.html]
[www.sasken.com/hubfs/Imported_Blog_Media/cs-automated_0.jpg]
[www.sasken.com/insights/success-stories/first-android-rugged-device-us-market-multimode-modem-support.html]
[www.sasken.com/hubfs/Imported_Blog_Media/cs-first_0.jpg]
[www.sasken.com/insights/success-stories/provisioned-automated-asset-inspection-industrial-assembly.html]
[www.sasken.com/hubfs/Imported_Blog_Media/cs-provisioned_0.jpg]
[www.sasken.com/insights/success-stories/high-precision-vehicle-inventory-system-japanese-oem.html]
[www.sasken.com/hubfs/Imported_Blog_Media/high-prec.jpg]
[www.sasken.com/insights/success-stories/redefining-automotive-aftermarket-ancillary-space.html]
[www.sasken.com/hubfs/Imported_Blog_Media/case_study_auto.jpg]
[www.sasken.com/insights/success-stories/making-roads-safer-enabling-v2x-communication.html]
[www.sasken.com/hubfs/Imported_Blog_Media/sucess_stories1_1.jpg]
[www.sasken.com/insights/success-stories/developed-european-tier-1s-india-center-coe-bluetooth.html]
[www.sasken.com/hubfs/Imported_Blog_Media/case_study2.jpg]
[www.sasken.com/insights/success-stories/perception-and-driver-monitoring-system-japanese-market.html]
[www.sasken.com/hubfs/Imported_Blog_Media/case_study4.jpg]
[www.sasken.com/insights/success-stories/reduced-cycle-time-and-faster-time-market-through-automation-android.html]
[www.sasken.com/hubfs/Imported_Blog_Media/success_1.jpg]
[www.sasken.com/insights/success-stories/delivered-test-automation-iot-platform-leading-supplier-automotive-parts.html]
[www.sasken.com/hubfs/Imported_Blog_Media/case1_0.jpg]
[www.sasken.com/insights/success-stories/system-test-automation-tier-1-automotive-ivi-oem.html]
[www.sasken.com/hubfs/Imported_Blog_Media/success_2.jpg]
[www.sasken.com/insights/success-stories/continuous-integration-north-american-tier-1.html]
[www.sasken.com/hubfs/Imported_Blog_Media/image.jpg]
[www.sasken.com/insights/success-stories/technical-review-benchfield-testing-telematics-solution.html]
[www.sasken.com/hubfs/Imported_Blog_Media/telematics.jpg]
[www.sasken.com/insights/success-stories/android-test-automation-north-american-tier-1.html]
[www.sasken.com/hubfs/Imported_Blog_Media/success_3.jpg]
[www.sasken.com/insights/success-stories/25-faster-test-cycle-tier-1-auto-ivi-solution-provider.html]
[www.sasken.com/hubfs/Imported_Blog_Media/ivi.jpg]
[www.sasken.com/insights/success-stories/self-service-business-intelligence-platform.html]
[www.sasken.com/hubfs/Imported_Blog_Media/Self-Service-Business-Intelligence-Platform.jpg]
[www.sasken.com/insights/success-stories/video-conferencing-client-enterprise-collaboration.html]
[www.sasken.com/hubfs/Imported_Blog_Media/case_study_mobility_6.jpg]
[www.sasken.com/insights/success-stories/delivering-market-insights-through-mobile-application.html]
[www.sasken.com/hubfs/Imported_Blog_Media/big-data-insights.jpg]
[www.sasken.com/insights/success-stories/enabling-automotive-companies-innovate-next-generation-infotainment-systems.html]
[www.sasken.com/hubfs/Imported_Blog_Media/IVI_system-CS.jpg]
[www.sasken.com/insights/success-stories/consolidated-defect-dashboard.html]
[www.sasken.com/hubfs/Imported_Blog_Media/Consolidated-Defect-Dashboard.jpg]
[www.sasken.com/insights/success-stories/smartphone-based-usage-based-insurance-ubi-solution.html]
[www.sasken.com/hubfs/Imported_Blog_Media/mobility_cs_4.jpg]
[www.sasken.com/insights/success-stories/live-video-surveillance-mobile-client.html]
[www.sasken.com/hubfs/Imported_Blog_Media/video-survilance.jpg]
[www.sasken.com/insights/success-stories/android-based-smart-tv-middleware-application-development.html]
[www.sasken.com/hubfs/Imported_Blog_Media/smart_tv.jpg]
[www.sasken.com/insights/success-stories/powering-superior-surveillance-systems-asian-ce-giant.html]
[www.sasken.com/hubfs/Imported_Blog_Media/surveillance-system-cs.jpg]
[www.sasken.com/insights/success-stories/usage-prediction.html]
[www.sasken.com/hubfs/Imported_Blog_Media/Usage-Prediction.jpg]
[www.sasken.com/insights/success-stories/helping-leading-sports-brand-leverage-digital-connect-end-consumer.html]
[www.sasken.com/hubfs/Imported_Blog_Media/Physical_to_Digital_Enablementcasestudy.jpg]
[www.sasken.com/insights/success-stories/boosting-vehicle-radio-functionalities-support-application-ecosystem.html]
[www.sasken.com/hubfs/Imported_Blog_Media/in-vehicle-radio.jpg]
[www.sasken.com/insights/success-stories/indoor-navigation-suite-indoor-location-services-provider.html]
[www.sasken.com/hubfs/Imported_Blog_Media/mobility_CS_7.jpg]
[www.sasken.com/insights/success-stories/pricing-elasticity-analysis.html]
[www.sasken.com/hubfs/Imported_Blog_Media/Pricing-Elasticity-Analysis.jpg]
[www.sasken.com/insights/success-stories/enabling-digital-video-recording-vehicle-infotainment-systems.html]
[www.sasken.com/hubfs/Imported_Blog_Media/dvr-cs.jpg]
[www.sasken.com/insights/success-stories/churn-prediction.html]
[www.sasken.com/hubfs/Imported_Blog_Media/Churn-Prediction-Sasken-Solution.jpg]
[www.sasken.com/insights/success-stories/tablet-clienteling-solution-retail-store-associates.html]
[www.sasken.com/hubfs/Imported_Blog_Media/mobility_cs_2.jpg]
[www.sasken.com/insights/success-stories/digital-campaign-management-solution.html]
[www.sasken.com/hubfs/Imported_Blog_Media/gel.jpg]
[www.sasken.com/insights/success-stories/driving-business-customers-superior-vehicle-infotainment-solutions.html]
[www.sasken.com/hubfs/Imported_Blog_Media/automotive1.jpg]
[www.sasken.com/insights/success-stories/store-inventory-and-fulfilment-solution.html]
[www.sasken.com/hubfs/Imported_Blog_Media/case_study_mobility_3.jpg]
[www.sasken.com/insights/success-stories/demonstrating-value-through-integrated-managed-services.html]
[www.sasken.com/hubfs/Imported_Blog_Media/network.jpg]
[www.sasken.com/insights/success-stories/audio-book-application.html]
[www.sasken.com/hubfs/Imported_Blog_Media/mobility_CS_8.jpg]
[www.sasken.com/insights/success-stories/mobility-solution-explore-timeline-and-relations-between-physical-objects.html]
[www.sasken.com/hubfs/Imported_Blog_Media/case_study_mobility_1.jpg]
[www.sasken.com/insights/success-stories/inventory-dashboard-supply-chain-visibility-platform.html]
[www.sasken.com/hubfs/Imported_Blog_Media/Inventory-Dashboard-for-a-Supply-Chain-Visibility-Platform-Sasken-Solution.jpg]
[www.sasken.com/insights/success-stories/enabling-superior-music-application-features-windows-mobile-devices.html]
[www.sasken.com/hubfs/Imported_Blog_Media/WinMobiles-CS1.jpg]
[www.sasken.com/insights/success-stories/data-warehouse-audit.html]
[www.sasken.com/hubfs/Imported_Blog_Media/Data-Warehouse-Audit.jpg]
[www.sasken.com/insights/success-stories/helping-oems-give-their-global-consumers-smart-experiences-their-luxury.html]
[www.sasken.com/hubfs/Imported_Blog_Media/wireless-speaker-cs.jpg]
[www.sasken.com/insights/success-stories/project-management-dashboard.html]
[www.sasken.com/hubfs/Imported_Blog_Media/Project-Management-Dashboard.jpg]
[www.sasken.com/insights/success-stories/helping-rugged-device-oems-give-their-customers-richer-and-more-customized.html]
[www.sasken.com/hubfs/Imported_Blog_Media/rugged_device-CS.jpg]
[www.sasken.com/insights/success-stories/actionable-insights-platform.html]
[www.sasken.com/hubfs/Imported_Blog_Media/insights_platform.jpg]
[www.sasken.com/hubfs/hub_generated/template_assets/1/69438928817/1743227823879/template_Sasken_Success_Stories_Javascript.min.js]
[www.sasken.com/hubfs/hub_generated/module_assets/1/69360475754/1743342428869/module_Sasken_Success_Stories_Tag_Filter_Module.min.js]
[connect.facebook.net/en_GB/sdk.js]
[www.sasken.com/insights/success-stories.html]
[platform.twitter.com/widgets.js]
[www.sasken.com/hubfs/hub_generated/module_assets/1/68460303113/1743342413832/module_Sasken_Insights_Focus_Area.min.css]
[www.sasken.com/hubfs/Sasken Feb-2022/Insights_focus_area/incubating_banner.jpg]
[www.sasken.com/hubfs/Ai.jpg]
[www.sasken.com/hubfs/Sasken Feb-2022/Website Demo Images/Iot.jpg]
[www.sasken.com/hubfs/Sasken Feb-2022/Website Demo Images/V2x.jpg]
[www.sasken.com/hubfs/Sasken Feb-2022/Website Demo Images/block_chain.jpg]
[www.sasken.com/hubfs/Sasken Feb-2022/Website Demo Images/5g.jpg]
[www.sasken.com/insights/saskens-focus-areas.html]
[www.sasken.com/hubfs/hub_generated/module_assets/1/69070665246/1743342417600/module_Sasken_Customer_Speak_Slider.min.css]
[www.sasken.com/hubfs/hub_generated/module_assets/1/68470707739/1743342414999/module_Sasken_Insights_Customer_Speaks.min.css]
[www.sasken.com/hubfs/hub_generated/template_assets/1/24572110455/1743227814136/template_slick-theme.min.css]
[www.sasken.com/hubfs/hub_generated/template_assets/1/24572111403/1743227814728/template_slick.min.css]
[www.sasken.com/hubfs/Sasken Feb-2022/Insights-customer-speaks/Insights_Customer_Speak.jpg]
[www.sasken.com/hubfs/conti_0.jpg]
[www.sasken.com/hubfs/Sasken Feb-2022/ring_auto.jpg]
[www.sasken.com/hubfs/cognex_new.jpg]
[www.sasken.com/hubfs/Sasken Feb-2022/smartrac_logo_0.jpg]
[www.sasken.com/hubfs/sony_logo.jpg]
[www.sasken.com/hubfs/Sasken Feb-2022/nfc.jpg]
[www.sasken.com/hubfs/Sasken Feb-2022/delphi-logo.png]
[www.sasken.com/hubfs/Sasken Feb-2022/kroger-logo.png]
[www.sasken.com/hubfs/Sasken Feb-2022/motorola-solutions-logo.jpg]
[www.sasken.com/hubfs/Sasken Feb-2022/Honeywell Logo.jpg]
[www.sasken.com/hubfs/Sasken Feb-2022/customer-speak-4.png]
[www.sasken.com/hubfs/Sasken Feb-2022/Agate Logic Logo.png]
[www.sasken.com/hubfs/Sasken Feb-2022/Lebara logo.png]
[www.sasken.com/hubfs/Sasken Feb-2022/Insights-customer-speaks/Bhavesh Mistry_0_1.jpg]
[www.sasken.com/hubfs/Sasken Feb-2022/Insights-customer-speaks/dinesh_profile_0.jpg]
[www.sasken.com/hubfs/Sasken Feb-2022/Insights-customer-speaks/Manabu Takeuchi_0_2.jpg]
[www.sasken.com/hubfs/Sasken Feb-2022/Insights-customer-speaks/sony_logo.jpg]
[www.sasken.com/hubfs/Sasken Feb-2022/Insights-customer-speaks/nfc.jpg]
[www.sasken.com/hubfs/Sasken Feb-2022/Insights-customer-speaks/delphi-logo.png]
[www.sasken.com/hubfs/Sasken Feb-2022/Insights-customer-speaks/kroger-logo.png]
[www.sasken.com/hubfs/Sasken Feb-2022/Insights-customer-speaks/motorola-solutions-logo.jpg]
[www.sasken.com/hubfs/Sasken Feb-2022/Insights-customer-speaks/Honeywell Logo.jpg]
[www.sasken.com/hubfs/Sasken Feb-2022/Insights-customer-speaks/customer-speak-4.png]
[www.sasken.com/hubfs/Sasken Feb-2022/Insights-customer-speaks/Agate Logic Logo.png]
[www.sasken.com/hubfs/Sasken Feb-2022/Insights-customer-speaks/Lebara logo.png]
[www.sasken.com/hubfs/Sasken Feb-2022/Insights-customer-speaks/Customer_speak_logo.png]
[www.sasken.com/hubfs/Sasken Feb-2022/Insights-customer-speaks/Qualcomm Logo.png]
[www.sasken.com/hubfs/Sasken Feb-2022/Insights-customer-speaks/ti-logo_0.jpg]
[www.sasken.com/hubfs/Sasken Feb-2022/Insights-customer-speaks/inmarsat-logo.png]
[www.sasken.com/hubfs/Sasken Feb-2022/Insights-customer-speaks/ge-general-electric-logo-white_0.jpg]
[www.sasken.com/hubfs/Sasken Feb-2022/Insights-customer-speaks/national-instruments-logo.png]
[www.sasken.com/hubfs/hub_generated/module_assets/1/69070665246/1743342417600/module_Sasken_Customer_Speak_Slider.min.js]
[www.sasken.com/insights/customer-speaks.html]
[www.sasken.com/hubfs/hub_generated/module_assets/1/68470707739/1743342414999/module_Sasken_Insights_Customer_Speaks.min.js]
[www.sasken.com/business-continuity-success-stories/rss.xml]
[www.sasken.com/hubfs/hub_generated/template_assets/1/69981680153/1743227825386/template_sasken_business_stories_.min.css]
[www.sasken.com/hubfs/Sasken Feb-2022/resources_0_0.jpg]
[www.sasken.com/business-continuity-success-stories/enabled-project-segregation-with-vpn-and-firewall-for-customer-project.html]
[www.sasken.com/business-continuity-success-stories/ensured-seamless-deliverables-for-odc-projects-by-wfh-with-customers-approval.html]
[www.sasken.com/business-continuity-success-stories/coordinated-and-ensured-safe-return-employee-stranded-uk.html]
[www.sasken.com/business-continuity-success-stories/successfully-repatriated-employee-japan-india.html]
[www.sasken.com/business-continuity-success-stories/safely-repatriated-employee-and-his-family-india-uk-during-covid-19-lockdown.html]
[www.sasken.com/business-continuity-success-stories/ensured-safe-return-employees-across-various-geographies.html]
[www.sasken.com/business-continuity-success-stories/delivered-multiple-releases-automated-fare-collection-system-transportation-domain.html]
[www.sasken.com/business-continuity-success-stories/ensured-consistent-delivery-android-security-management-releases.html]
[www.sasken.com/business-continuity-success-stories/guaranteed-adas-bsp-validation-japanese-customer.html]
[www.sasken.com/business-continuity-success-stories/ensured-smooth-oran-kick-during-lockdown.html]
[www.sasken.com/business-continuity-success-stories/maintained-business-continuity-developing-satellite-terminal-applications.html]
[www.sasken.com/business-continuity-success-stories/ensured-successful-mse-factory-acceptance-test-execution-customer-during-lockdown.html]
[www.sasken.com/business-continuity-success-stories/successfully-delivered-final-milestone-c-v2x-project-during-covid-19-lockdown.html]
[www.sasken.com/business-continuity-success-stories/enabled-android-security-management-amid-covid-19-lockdown.html]
[www.sasken.com/business-continuity-success-stories/replicated-odc-environment-home-ensure-efficient-functioning-project.html]
[www.sasken.com/business-continuity-success-stories/ensured-milestone-deliveries-of-odc-projects-during-covid-19-lockdown.html]
[www.sasken.com/business-continuity-success-stories/going-above-and-beyond-call-duty-enable-delivery-excellence.html]
[www.sasken.com/business-continuity-success-stories/leveraged-round-robin-system-and-remote-access-ensure-business-continuity.html]
[www.sasken.com/business-continuity-success-stories/ensured-seamless-transition-wfh-mission-critical-gsm-r-network-project.html]
[www.sasken.com/business-continuity-success-stories/upped-customer-confidence-proactive-steps-ensure-business-continuity.html]
[www.sasken.com/business-continuity-success-stories/enabled-smooth-continuity-project-vpn-and-remote-access.html]
[www.sasken.com/business-continuity-success-stories/enabled-remote-access-hardware-located-japan-verification-purposes.html]
[www.sasken.com/business-continuity-success-stories/ensured-zero-loss-productivity-during-execution-project.html]
[www.sasken.com/business-continuity-success-stories/stayed-motivated-and-determined-during-covid-19-crisis.html]
[www.sasken.com/business-continuity-success-stories/successfully-enabled-odc-workspace-engineers-homes-customer-projects.html]
[www.sasken.com/business-continuity-success-stories.html]
[www.sasken.com/business-continuity-success-stories/delivered-bi-weekly-milestones-american-and-european-customers.html]
[www.sasken.com/insights/case-study/rss.xml]
[www.sasken.com/hubfs/hub_generated/template_assets/1/69616586248/1743227824324/template_Sasken_Insights_White_Papers.min.css]
[www.sasken.com/hubfs/Sasken Feb-2022/News/press_release_0.jpg]
[www.sasken.com/insights/case-study/enhancing-user-experience-with-human-factors-expertise.html]
[www.sasken.com/insights/case-study.html]
[www.sasken.com/insights/case-study/cloud-based-rail-track-monitoring-software-automation.html]
[www.sasken.com/insights/white-papers/rss.xml]
[www.sasken.com/hubfs/Sasken Insight White Paper Blog Image/resources_0_0.jpg]
[www.sasken.com/insights/white-papers/product-as-service-paas-business-model-for-oems-sasken.html]
[www.sasken.com/insights/white-papers/beyond-the-timestamp-a-strategic-guide-to-selecting-your-time-series-databases.html]
[www.sasken.com/insights/white-papers/migrate-with-confidence-a-phased-approach-to-cloud-success.html]
[www.sasken.com/insights/white-papers/decoding-the-rfid-landscape-exploring-ecosystem-challenges-and-use-cases.html]
[www.sasken.com/insights/white-papers/beyond-the-timestamp-a-strategic-guide-to-selecting-your-time-series-database.html]
[www.sasken.com/insights/white-papers/monolith-to-microservices.html]
[www.sasken.com/insights/white-papers/revolutionizing-two-wheelers.html]
[www.sasken.com/insights/white-papers/generative-ai-at-the-edge.html]
[www.sasken.com/insights/white-papers/comparative-analysis-gms-non-gms-enterprise-devices.html]
[www.sasken.com/insights/white-papers/data-integration-platform-characteristic-trait.html]
[www.sasken.com/insights/white-papers/an-overview-of-the-open-ran-system.html]
[www.sasken.com/insights/white-papers/radio-access-networks-evolution.html]
[www.sasken.com/insights/white-papers/is-manual-testing-dead.html]
[www.sasken.com/insights/white-papers/at-the-crossroads-of-another-automotive-transformation.html]
[www.sasken.com/insights/white-papers/food-cold-chain-challenges-and-opportunities-for-digitalization.html]
[www.sasken.com/insights/white-papers/lte-based-satellite-networks.html]
[www.sasken.com/insights/white-papers/cloud-migration-a-phased-approach-to-mitigate-the-risks.html]
[www.sasken.com/insights/white-papers/wsn-infrastructure-and-testing-of-wireless-sensor-networks.html]
[www.sasken.com/insights/white-papers/evolution-of-satellite-mobile-communications.html]
[www.sasken.com/insights/white-papers/to-automate-or-not-to-automate.html]
[www.sasken.com/insights/white-papers/next-phase-of-android.html]
[www.sasken.com/insights/white-papers/framework-for-comparison-of-data-visualization-tools-and-an-illustration-using-power-bi-qliksense-and-google-looker.html]
[www.sasken.com/insights/white-papers/low-power-wide-area-lpwa-networks-evolution.html]
[www.sasken.com/insights/white-papers/designing-cyber-safe-connected-vehicle-architecture-comments.html]
[www.sasken.com/insights/white-papers/strategic-implications-industrial-oems-transitioning-product-service-business.html]
[www.sasken.com/insights/white-papers/android-security-release-and-device-update.html]
[www.sasken.com/insights/white-papers/coupling-5g-and-wi-fi-6-connectivity.html]
[www.sasken.com/insights/white-papers/validating-ecockpit-systems-challenges-and-way-forward.html]
[www.sasken.com/insights/white-papers/how-blockchain-can-be-effectively-leveraged-telecommunication-industry.html]
[www.sasken.com/insights/white-papers/insights/white-papers/vehicle-data-monetization-streams-disrupting-traditional-automotive-value.html]
[www.sasken.com/insights/white-papers/leveraging-nash-equilibrium-and-generative-adversarial-networks-autonomous.html]
[www.sasken.com/insights/white-papers/multi-access-edge-computing-will-enable-new-business-opportunities-telcos.html]
[www.sasken.com/insights/white-papers/future-looks-bright-android-work.html]
[www.sasken.com/insights/white-papers/computer-vision-based-fire-detection-system.html]
[www.sasken.com/insights/white-papers/python-test-framework-automated-testing-network-protocols.html]
[www.sasken.com/insights/white-papers/systematic-approach-and-guidelines-cyber-security-testing.html]
[www.sasken.com/insights/white-papers/anatomy-smart-tvs.html]
[www.sasken.com/insights/white-papers/android-rugged-devices-challenges-and-way-forward.html]
[www.sasken.com/insights/white-papers/adaptive-beamforming-towards-5g-systems.html]
[www.sasken.com/insights/white-papers/real-time-multimedia-system-analysis-breeze-linux.html]
[www.sasken.com/insights/white-papers/c-v2x-autonomous-resource-selection-explained.html]
[www.sasken.com/insights/white-papers/blockchain-technology-concepts.html]
[www.sasken.com/insights/white-papers/insights/white-papers/ran-virtualization-impact-operator-economics-ecosystem-and-value-chain.html]
[www.sasken.com/insights/white-papers/how-can-v2x-technology-increase-safety-and-security-autonomous-car.html]
[www.sasken.com/insights/white-papers/automotive-security.html]
[www.sasken.com/insights/white-papers/edge-processing-paradigm-instantaneous-value-realization.html]
[www.sasken.com/insights/white-papers/insights/white-papers/private-lte5g-networks-catalyst-industry-40.html]
[www.sasken.com/insights/white-papers/enabling-adoption-latest-android-versions-using-project-treble-sasken.html]
[www.sasken.com/insights/white-papers/connected-cars-architecture-challenges-and-way-forward-0.html]
[www.sasken.com/insights/white-papers/cultural-arena-projects.html]
[www.sasken.com/insights/white-papers/project-management-lessons-outsourced-product-development-0.html]
[www.sasken.com/insights/white-papers.html]
[www.sasken.com/insights/white-papers/dynamic-parts-authentication-cure-counterfeiting-pandemic-automotive-industry.html]
[www.sasken.com/hubfs/hub_generated/module_assets/1/69789499244/1743342431132/module_Sasken_Buzz_Recent_Post_module.min.css]
[www.sasken.com/insights/buzz/rss.xml]
[www.sasken.com/hubfs/hub_generated/template_assets/1/69709355848/1743227824906/template_Sasken_Insights_Buzz_styles.min.css]
[www.sasken.com/hubfs/Sasken Feb-2022/buzz/buzz-bg.jpg]
[www.sasken.com/insights/buzz/sasken-enable-home-gateway-solution-australias-leading-iot-company.html]
[www.sasken.com/hubfs/Imported_Blog_Media/b2.jpg]
[www.sasken.com/insights/buzz/enabling-android-security-management-releases-american-multinational-conglomerate.html]
[www.sasken.com/hubfs/Imported_Blog_Media/jan2022 (1)_1-May-06-2022-12-24-06-69-PM.jpg]
[www.sasken.com/insights/buzz/sasken-wins-exciting-electric-vehicle-project-with-a-leading-2-wheeler-ev-oem.html]
[www.sasken.com/hubfs/Sasken_Sep-2022/Buzz/exciting-electric-vehicle-project.jpg]
[www.sasken.com/insights/buzz/sasken-wins-5g-based-telematics-platform-project-from-tier-1-auto-vendors.html]
[www.sasken.com/hubfs/Sasken_Sep-2022/Buzz/5G_based_Telematics_Platform_Project.jpg]
[www.sasken.com/insights/buzz/sasken-powers-android-upgrade-project-for-a-japanese-ultra-rugged-device-manufacturer.html]
[www.sasken.com/hubfs/Sasken_Sep-2022/Buzz/Powers_Android_Upgrade_Project.png.jpg]
[www.sasken.com/insights/buzz/sasken-was-entrusted-with-the-new-product-introduction-by-a-japanese-oem.html]
[www.sasken.com/hubfs/Sasken_Sep-2022/Buzz/new_product_introduction.png]
[www.sasken.com/insights/buzz/sasken-wins-new-android-project-with-the-pioneer-in-opensource-software-platforms.html]
[www.sasken.com/hubfs/Sasken_Sep-2022/Buzz/New_Android_Project.png]
[www.sasken.com/insights/buzz/sasken-extends-collaboration-with-a-japanese-oem-for-android-security-management.html]
[www.sasken.com/hubfs/Sasken_Sep-2022/Buzz/OEM_for_Android_Security_Management.png]
[www.sasken.com/insights/buzz/sasken-receives-beautiful-bengalurus-green-award-for-sustainability-initiatives.html]
[www.sasken.com/hubfs/Sasken_Sep-2022/Buzz/Beautiful_Bengalurus_Green_Award.png]
[www.sasken.com/insights/buzz/sasken-wins-new-digital-project-with-the-pioneers-in-affordable-internet-access.html]
[www.sasken.com/hubfs/Sasken_Sep-2022/Buzz/New_Digital_Project.png]
[www.sasken.com/insights/buzz/sasken-receives-infhra-award-ecologically-sustainable-initiatives.html]
[www.sasken.com/hubfs/Imported_Blog_Media/infra_0.jpg]
[www.sasken.com/insights/buzz/sasken-secures-automotive-project-for-north-american-auto-oem.html]
[www.sasken.com/hubfs/Sasken_Sep-2022/Buzz/Automotive_Project.png]
[www.sasken.com/insights/buzz/developed-highly-available-digital-key-management-solution-german-customer.html]
[www.sasken.com/hubfs/Imported_Blog_Media/buzzs_0.jpg]
[www.sasken.com/insights/buzz/optimized-prototype-development-next-gen-infotainment-systems-german-customer.html]
[www.sasken.com/hubfs/Imported_Blog_Media/optimized_0.jpg]
[www.sasken.com/insights/buzz/sasken-wins-crucial-digital-key-management-project-with-a-leading-transportation-solutions-provider.html]
[www.sasken.com/hubfs/Sasken_Sep-2022/Buzz/Crucial_Digital_Key_Management_Project.png]
[www.sasken.com/insights/buzz/provided-end-end-android-upgrade-roadmap-japanese-customer.html]
[www.sasken.com/hubfs/Imported_Blog_Media/ybuzz.jpg]
[www.sasken.com/insights/buzz/delivered-smart-industrial-scanner-proof-concept-american-conglomerate.html]
[www.sasken.com/hubfs/Imported_Blog_Media/oz.jpg]
[www.sasken.com/insights/buzz/accelerated-commercialization-autonomous-driving-solution-japanese-customer.html]
[www.sasken.com/hubfs/Imported_Blog_Media/bz_o_0.jpg]
[www.sasken.com/insights/buzz/accelerated-research-development-goals-image-scanner-japanese-customer.html]
[www.sasken.com/hubfs/Imported_Blog_Media/buzz_oct_0.jpg]
[www.sasken.com/insights/buzz/enabled-intuitive-digital-insights-german-customer.html]
[www.sasken.com/hubfs/Imported_Blog_Media/buzz_14_1.jpg]
[www.sasken.com/insights/buzz/provided-firmware-enhancements-american-conglomerates-onsite-security-products.html]
[www.sasken.com/hubfs/Imported_Blog_Media/133_b_0.jpg]
[www.sasken.com/insights/buzz/end-end-management-android-upgrades-japanese-enterprise-device-manufacturer.html]
[www.sasken.com/hubfs/Imported_Blog_Media/buzz_g_0.jpg]
[www.sasken.com/insights/buzz/providing-competent-hardware-verification-support-american-multinational-technology.html]
[www.sasken.com/hubfs/Imported_Blog_Media/buzz_jul_0.jpg]
[www.sasken.com/insights/buzz/providing-critical-ux-research-and-design-expertise-french-heavy-equipment.html]
[www.sasken.com/hubfs/Imported_Blog_Media/hihg.jpg]
[www.sasken.com/insights/buzz/developed-efficient-android-test-scripts-and-test-frameworks-japanese-customer.html]
[www.sasken.com/hubfs/Imported_Blog_Media/bzz_8_0.jpg]
[www.sasken.com/insights/buzz/designed-diverse-range-connected-and-smart-handheld-industrial-devices-american.html]
[www.sasken.com/hubfs/Imported_Blog_Media/buzz_v_0.jpg]
[www.sasken.com/insights/buzz/ensured-traceability-across-cold-supply-chain-enhanced-digital-capabilities.html]
[www.sasken.com/hubfs/Imported_Blog_Media/buz_0.jpg]
[www.sasken.com/insights/buzz/enabling-end-end-seamless-upgrades-android-devices-japanese-customer.html]
[www.sasken.com/hubfs/Imported_Blog_Media/buzz_nov.jpg]
[www.sasken.com/insights/buzz/delivering-seamless-android-upgrades-japanese-enterprise-device-manufacturer.html]
[www.sasken.com/hubfs/Imported_Blog_Media/buzz_may_0.jpg]
[www.sasken.com/insights/buzz/leveraged-digital-expertise-automating-and-refining-swiss-multinationals-lab.html]
[www.sasken.com/hubfs/Imported_Blog_Media/buzz_ap_0.jpg]
[www.sasken.com/insights/buzz/novel-approach-estimating-channel-statistics-improve-receiver-performance.html]
[www.sasken.com/hubfs/Imported_Blog_Media/buzz_9.jpg]
[www.sasken.com/insights/buzz/sasken-delivers-mvp-data-lake-solution-europes-largest-mvno.html]
[www.sasken.com/hubfs/Imported_Blog_Media/Sasken Delivers MVP Data Lake Solution for Europe’s largest MVNO.jpg]
[www.sasken.com/insights/buzz/sasken-wins-golden-peacock-award-international-conference-corporate-social.html]
[www.sasken.com/hubfs/Imported_Blog_Media/certificate420.jpg]
[www.sasken.com/insights/buzz/sasken-ensures-iiot-platform-big-data-validation-swiss-swedish-fortune-500-company.html]
[www.sasken.com/hubfs/Imported_Blog_Media/buzz_iot_0.jpg]
[www.sasken.com/insights/buzz/providing-efficient-android-upgrade-roadmap-asian-electronics-manufacturer.html]
[www.sasken.com/hubfs/Imported_Blog_Media/buzz_mob_0.jpg]
[www.sasken.com/insights/buzz/delivering-wireless-protocol-validation-test-equipment-products.html]
[www.sasken.com/hubfs/Imported_Blog_Media/bz_0.jpg]
[www.sasken.com/insights/buzz/enabling-digital-transformation-railway-track-maintenance-and-laying-machines.html]
[www.sasken.com/hubfs/Imported_Blog_Media/buzz_jn_0.jpg]
[www.sasken.com/insights/buzz/accelerating-product-development-roadmap-our-customers.html]
[www.sasken.com/hubfs/Imported_Blog_Media/buzz3.jpg]
[www.sasken.com/insights/buzz/adding-digital-transformation-public-transportation-space.html]
[www.sasken.com/hubfs/Imported_Blog_Media/buzz1_0.jpg]
[www.sasken.com/insights/buzz/scaling-new-heights-advanced-driver-assistance-technologies.html]
[www.sasken.com/hubfs/Imported_Blog_Media/buzz2.jpg]
[www.sasken.com/insights/buzz/sasken-leading-way-connected-valve-solutions.html]
[www.sasken.com/hubfs/Imported_Blog_Media/buzz_10_1.jpg]
[www.sasken.com/insights/buzz/sasken-scores-patent-computer-vision-technology.html]
[www.sasken.com/hubfs/Imported_Blog_Media/buzz_9_3.jpg]
[www.sasken.com/insights/buzz/sasken-bags-patent-method-encoding-and-decoding-data-0.html]
[www.sasken.com/hubfs/Imported_Blog_Media/buzz_12_1.jpg]
[www.sasken.com/insights/buzz/accelerating-development-next-gen-machine-tools.html]
[www.sasken.com/hubfs/Imported_Blog_Media/buzz_11_1.jpg]
[www.sasken.com/insights/buzz/sasken-takes-android-based-inflight-infotainment-system.html]
[www.sasken.com/hubfs/Imported_Blog_Media/buzz_5_0.jpg]
[www.sasken.com/insights/buzz/enabling-safer-commute-advanced-autonomous-driving-solutions.html]
[www.sasken.com/hubfs/Imported_Blog_Media/buzz4.jpg]
[www.sasken.com/insights/buzz/sasken-continues-soar-automotive-electronics.html]
[www.sasken.com/hubfs/Imported_Blog_Media/buzz_7_0.jpg]
[www.sasken.com/insights/buzz/think-android-think-sasken.html]
[www.sasken.com/hubfs/Imported_Blog_Media/buzz_8_0.jpg]
[www.sasken.com/insights/buzz/creating-next-gen-iot-enabled-aftermarket-auto-products.html]
[www.sasken.com/hubfs/Imported_Blog_Media/buzz_6_0.jpg]
[www.sasken.com/insights/buzz/sasken-files-patent-multiple-1-d-barcode-localization.html]
[www.sasken.com/hubfs/Imported_Blog_Media/buzz_code.jpg]
[www.sasken.com/insights/buzz/sasken-delivers-firmware-modem-chipset-powers-premium-smart-watch.html]
[www.sasken.com/hubfs/Imported_Blog_Media/buzz_2_0.jpg]
[www.sasken.com/insights/buzz/sasken-manages-all-2g3g-modem-firmware-worlds-largest-chip-manufacturer.html]
[www.sasken.com/hubfs/Imported_Blog_Media/buzz_3_0.jpg]
[www.sasken.com/insights/buzz/sasken-develops-smart-phone-application-allowing-interaction-satellite-terminal.html]
[www.sasken.com/hubfs/Imported_Blog_Media/buzz_1_1.jpg]
[www.sasken.com/insights/buzz/asian-ce-conglomerate-reposes-confidence-saskens-android-prowess.html]
[www.sasken.com/hubfs/Imported_Blog_Media/2n.jpg]
[www.sasken.com/insights/buzz/sasken-powers-security-management-enterprise-grade-devices.html]
[www.sasken.com/hubfs/Imported_Blog_Media/1n.jpg]
[www.sasken.com/insights/buzz/developing-android-based-display-audio-system-japanese-tier-1.html]
[www.sasken.com/hubfs/Imported_Blog_Media/3n.jpg]
[www.sasken.com/insights/buzz/sasken-develop-iot-coe-and-industry-40-features-european-customer.html]
[www.sasken.com/hubfs/Imported_Blog_Media/buzz-smart.jpg]
[www.sasken.com/insights/buzz/enhancing-robustness-handheld-and-mobile-imaging-products.html]
[www.sasken.com/hubfs/Imported_Blog_Media/buzz_12.jpg]
[www.sasken.com/insights/buzz/rtk-positioning-and-gnss-japanese-auto-oem.html]
[www.sasken.com/hubfs/Imported_Blog_Media/buzz_8.jpg]
[www.sasken.com/insights/buzz/sasken-files-patent-blockchain-based-authentication-and-security-solution-iot.html]
[www.sasken.com/hubfs/Imported_Blog_Media/buzz_11.jpg]
[www.sasken.com/insights/buzz/reducing-product-development-cycle-time-asian-ce-conglomerate.html]
[www.sasken.com/hubfs/Imported_Blog_Media/buzz_10.jpg]
[www.sasken.com/insights/buzz/leading-way-automotive-electronics.html]
[www.sasken.com/hubfs/Imported_Blog_Media/buzz_3.jpg]
[www.sasken.com/insights/buzz/sasken-rings-new-win-chip-cognition-space.html]
[www.sasken.com/hubfs/Imported_Blog_Media/buzz_1.jpg]
[www.sasken.com/insights/buzz/providing-smart-mobility-solutions-automotive-industry.html]
[www.sasken.com/hubfs/Imported_Blog_Media/buzz_4.jpg]
[www.sasken.com/insights/buzz/enabling-superior-customer-experience-mobile-and-web-based-touch-points.html]
[www.sasken.com/hubfs/Imported_Blog_Media/buzz_7.jpg]
[www.sasken.com/insights/buzz/making-safe-driving-possible-machine-learning-and-computer-vision.html]
[www.sasken.com/hubfs/Imported_Blog_Media/buzz_5.jpg]
[www.sasken.com/insights/buzz/saskens-expertise-imaging-powers-new-machine-vision-products-customer.html]
[www.sasken.com/hubfs/Imported_Blog_Media/buzz_6.jpg]
[www.sasken.com/insights/buzz/first-voice-call-achieved-customers-ip-based-access-network.html]
[www.sasken.com/hubfs/Imported_Blog_Media/buzz_13.jpg]
[www.sasken.com/insights/buzz/driving-results-customers-digital-enablement.html]
[www.sasken.com/hubfs/Imported_Blog_Media/buzz_2.jpg]
[www.sasken.com/insights/buzz/sasken-powers-voice-recognition-capabilities-global-semiconductor-company.html]
[www.sasken.com/hubfs/Imported_Blog_Media/buzz_14-1.jpg]
[www.sasken.com/insights/buzz/sasken-build-end-end-device-industry-40-space.html]
[www.sasken.com/hubfs/Imported_Blog_Media/rugged-device.jpg]
[www.sasken.com/insights/buzz/sasken-implemented-yle-areena-app-featured-apples-best-2017.html]
[www.sasken.com/hubfs/Imported_Blog_Media/sasken_banner-2.jpg]
[www.sasken.com/insights/buzz/sasken-scores-perfect-55-c-sat-fortune-500-company.html]
[www.sasken.com/hubfs/Imported_Blog_Media/laser.jpg]
[www.sasken.com/insights/buzz/sasken-led-innovation-workshop-benefits-asian-ce-conglomerate.html]
[www.sasken.com/hubfs/Imported_Blog_Media/buzz_0.jpg]
[www.sasken.com/insights/buzz/providing-engineering-services-customers-latest-iot-platform.html]
[www.sasken.com/hubfs/Imported_Blog_Media/Providing-Engineering-Services-on-Customers-Latest-IoT-Platform.jpg]
[www.sasken.com/insights/buzz/visualizing-and-presenting-machine-data-hybrid-app.html]
[www.sasken.com/hubfs/Imported_Blog_Media/Visualizing-and-Presenting-Machine-Data-on-a-Hybrid-App.jpg]
[www.sasken.com/insights/buzz/sasken-wins-prestigious-infhra-award-ecological-sustainable-initiatives.html]
[www.sasken.com/hubfs/Imported_Blog_Media/winner_0.jpg]
[www.sasken.com/insights/buzz/artificial-intelligence-and-deep-learning-based-solutions-automotive.html]
[www.sasken.com/hubfs/Imported_Blog_Media/buzz_artificial.jpg]
[www.sasken.com/insights/buzz/perfect-10-sasken-german-japanese-auto-oem.html]
[www.sasken.com/hubfs/Imported_Blog_Media/buzz_japanese.jpg]
[www.sasken.com/insights/buzz/sasken-achieves-iso-14001-certification.html]
[www.sasken.com/hubfs/Imported_Blog_Media/sasken office.jpg]
[www.sasken.com/insights/buzz/sasken-provide-item-level-intelligence-services-and-real-time-data-analytics-solutions.html]
[www.sasken.com/hubfs/Imported_Blog_Media/iStock_58451226_XLARGE.jpg]
[www.sasken.com/insights/buzz/sasken-embarks-smart-speaker-project-worlds-largest-chip-manufacturer.html]
[www.sasken.com/hubfs/Imported_Blog_Media/buzz.jpg]
[www.sasken.com/insights/buzz/best-prefer-sasken.html]
[www.sasken.com/hubfs/Imported_Blog_Media/prefer-buzz.jpg]
[www.sasken.com/insights/buzz/leading-japanese-oem-ranks-sasken-55.html]
[www.sasken.com/hubfs/Imported_Blog_Media/automotive_buzz.jpg]
[www.sasken.com/insights/buzz/upping-ante-leading-na-oem-android-l-upgrade.html]
[www.sasken.com/hubfs/Imported_Blog_Media/L.jpg]
[www.sasken.com/insights/buzz/tier-1-network-equipment-manufacturer-chose-sasken-network-automation-testing-project.html]
[www.sasken.com/hubfs/Imported_Blog_Media/network_test_auto_buzz.jpg]
[www.sasken.com/insights/buzz/bettering-vehicle-security-connected-cars.html]
[www.sasken.com/hubfs/Imported_Blog_Media/open_synergy_buzz.jpg]
[www.sasken.com/insights/buzz/japans-largest-smartphone-oem-has-chosen-sasken-help-deliver-their-newest-leading.html]
[www.sasken.com/hubfs/Imported_Blog_Media/smartphone-oem-buzz.jpg]
[www.sasken.com/insights/buzz/sasken-enables-leader-rfid-deliver-smart-logistics-solutions-retail-market.html]
[www.sasken.com/hubfs/Imported_Blog_Media/buzz_r.jpg]
[www.sasken.com/insights/buzz/sasken-delivers-nfc-solution-pioneer-industrial-mobility-solutions.html]
[www.sasken.com/hubfs/Imported_Blog_Media/nfc-shopping-buzz.jpg]
[www.sasken.com/insights/buzz/saskens-newest-patent-will-help-deliver-low-cost-and-efficient-business-solutions.html]
[www.sasken.com/hubfs/Imported_Blog_Media/warehouse-buzz.jpg]
[www.sasken.com/insights/buzz/sasken-develops-mobile-application-indian-internet-portal-major-over-95-million.html]
[www.sasken.com/hubfs/Imported_Blog_Media/buzz-rediff.jpg]
[www.sasken.com/insights/buzz/sasken-delivers-isatphone-2-inmarsat-industry-leader-and-pioneer-mobile-satellite.html]
[www.sasken.com/hubfs/Imported_Blog_Media/isat-phone-buzz.jpg]
[www.sasken.com/insights/buzz/saskens-makes-headway-medical-devices-field-leading-north-american-blood-glucose.html]
[www.sasken.com/hubfs/Imported_Blog_Media/monitoring-device_buzz.jpg]
[www.sasken.com/insights/buzz/sasken-test-customers-os-based-handsets-using-its-proprietary-test-automation-tool.html]
[www.sasken.com/hubfs/Imported_Blog_Media/automating_testing_buzz.jpg]
[www.sasken.com/insights/buzz/sasken-receives-global-iso-90012008-certification.html]
[www.sasken.com/hubfs/Imported_Blog_Media/sasken-office.jpg]
[www.sasken.com/insights/buzz/sasken-bags-patent-automatic-gain-control-speech-signals.html]
[www.sasken.com/hubfs/Imported_Blog_Media/feature-2_0.jpg]
[www.sasken.com/insights/buzz.html]
[www.sasken.com/hubfs/About_Us_Corporate_Profile.jpg]
[www.sasken.com/hubfs/Sasken_Q-S-E_Policy.pdf]
[www.sasken.com/about-us/corporate-profile.html]
[www.sasken.com/hubfs/hub_generated/module_assets/1/69168735270/1743342421418/module_Sasken_Our_Story_Banner_Module.min.css]
[www.sasken.com/hubfs/hub_generated/module_assets/1/69168129135/1743342420285/module_Sasken_Two_Col_Text_Box.min.css]
[www.sasken.com/hubfs/brand_story_banner_without_text.jpg]
[www.sasken.com/saskens-brand-story.html]
[www.sasken.com/hubfs/hub_generated/module_assets/1/69168735270/1743342421418/module_Sasken_Our_Story_Banner_Module.min.js]
[www.sasken.com/hubfs/hub_generated/module_assets/1/70379053919/1743342442304/module_Sustainability_Advanced_Banner_Slider.min.css]
[www.sasken.com/hubfs/hub_generated/module_assets/1/70499863593/1743342447491/module_Audio_Header_Text_Module.min.css]
[www.sasken.com/hubfs/hub_generated/module_assets/1/70496730747/1743342446420/module_Investor_Relations.min.css]
[www.sasken.com/hubfs/hub_generated/module_assets/1/70500345724/1743342448543/module_Investor_Contact.min.css]
[maxcdn.bootstrapcdn.com/bootstrap/3.4.1/js/bootstrap.min.js]
[www.sasken.com/hubfs/Sasken_Slider_Files/slick-1.css]
[www.sasken.com/hubfs/Sasken_Slider_Files/slick-theme.css]
[www.sasken.com/hubfs/Sasken_Slider_Files/slick.min.js]
[www.sasken.com/hubfs/investor/investorss_3_1.jpg]
[www.sasken.com/investors/frequently-asked-questions.html]
[www.sasken.com/hubfs/investor/investorss.jpg]
[www.sasken.com/investors/quarterly-results.html]
[www.sasken.com/investors/annual-reports.html]
[www.sasken.com/investors/unclaimed-dividend-shares.html]
[cdnjs.cloudflare.com/ajax/libs/font-awesome/4.7.0/css/font-awesome.min.css]
[www.sasken.com/investors/management-team.html]
[www.sasken.com/investors/announcements.html]
[www.sasken.com/investors/archive.html]
[www.sasken.com/investors/corporate-governance.html]
[www.sasken.com/investors/shareholding-pattern.html]
[www.sasken.com/investors/financials-subsidiaries.html]
[www.sasken.com/investors/general-meeting.html]
[www.sasken.com/corporate-governance-report19db.html]
[www.sasken.com/disclosure-under-regulation-46-of-the-sebi-listing-regulations.html]
[www.sasken.com/supplier-esg-program-resources.html]
[www.sasken.com/investors.html]
[www.sasken.com/hubfs/hub_generated/module_assets/1/70379053919/1743342442304/module_Sustainability_Advanced_Banner_Slider.min.js]
[www.sasken.com/hubfs/hub_generated/module_assets/1/69884426937/1743342432060/module_Leaders_Module.min.css]
[www.sasken.com/hubfs/About_Us_Leadership_Team.jpg]
[www.sasken.com/about-us/leadership-team/rajiv-c-mody.html]
[www.sasken.com/hubfs/Sasken_global/leadership-team/New_Profilepictures/Rajiv.jpg]
[www.sasken.com/about-us/leadership-team/alwyn-joseph-premkumar.html]
[www.sasken.com/hubfs/Sasken_global/leadership-team/New_Profilepictures/Alwyn-1.jpg]
[www.sasken.com/hareesh-ramanna.html]
[www.sasken.com/hubfs/Sasken_global/leadership-team/Hareesh.jpg]
[www.sasken.com/about-us/leadership-team/priyaranjan.html]
[www.sasken.com/hubfs/Sasken_global/leadership-team/New_Profilepictures/Priyaranjan.jpg]
[www.sasken.com/rajeev-jaysinh-ved-leadership-team-sasken.html]
[www.sasken.com/hubfs/Ved 1.jpg]
[www.sasken.com/nirmala-datla-leadership-team-sasken.html]
[www.sasken.com/hubfs/Nirmala.jpg]
[www.sasken.com/about-us/leadership-team/moumita-kurup.html]
[www.sasken.com/hubfs/Sasken_global/leadership-team/New_Profilepictures/Moumita.jpg]
[www.sasken.com/rekha-sahay-ghosh.html]
[www.sasken.com/hubfs/Sasken_global/leadership-team/Rekha 3.jpg]
[www.sasken.com/about-us/leadership-team/yogesh-rathi.html]
[www.sasken.com/hubfs/Sasken_global/leadership-team/New_Profilepictures/Yogesh.jpg]
[www.sasken.com/about-us/leadership-team/tero-pernu.html]
[www.sasken.com/hubfs/Sasken_global/leadership-team/New_Profilepictures/Pernu_Tero.jpg]
[www.sasken.com/anup-savla.html]
[www.sasken.com/hubfs/Anup.jpg]
[www.sasken.com/about-us/leadership-team/ken-uda.html]
[www.sasken.com/hubfs/Sasken_global/leadership-team/New_Profilepictures/Uda.jpg]
[www.sasken.com/about-us/leadership-team/jaimir-sanghvi.html]
[www.sasken.com/hubfs/Sasken_global/leadership-team/New_Profilepictures/Jaimer.jpg]
[www.sasken.com/about-us/leadership-team/sandhesh-v-rai.html]
[www.sasken.com/hubfs/Sasken_global/leadership-team/New_Profilepictures/Sandesh.jpg]
[www.sasken.com/about-us/our-leaders.html]
[www.sasken.com/hubfs/hub_generated/module_assets/1/69884426937/1743342432060/module_Leaders_Module.min.js]
[www.sasken.com/hubfs/hub_generated/module_assets/1/70594637985/1743342451134/module_Sasken_News_Blog_Listing_Module.min.css]
[www.sasken.com/hubfs/hub_generated/module_assets/1/70610384723/1743342452193/module_Sasken_News_BLog_Right_Sec_Txt__Module.min.css]
[www.sasken.com/hubfs/hub_generated/module_assets/1/192683801670/1753787881466/module_Sasken_News_BLog_Right_Sec_Downloads_Module_2025.min.css]
[www.sasken.com/hubfs/hub_generated/template_assets/1/70292013485/1756372117050/template_Sasken_News_Styles.min.css]
[www.sasken.com/hubfs/Sasken Feb-2022/news_banner.jpg]
[www.sasken.com/news/press-releases.html]
[www.sasken.com/news/press-releases/sasken-confirms-no-business-impact-from-recent-u.s.html]
[www.sasken.com/news/press-releases/sasken-technologies-completes-acquisition-of-borqs-technologies-to-strengthen-iot-and-5g-product-engineering-capabilities.html]
[www.sasken.com/news/press-releases/sasken-technologies-to-acquire-borqs-technologies-incs-business-to-expand-capabilities-and-market-reach.html]
[www.sasken.com/news/press-releases/sasken-partners-with-trustonic-to-bring-advanced-security-options-to-automotive-oems.html]
[www.sasken.com/news/media-coverage.html]
[cdn.jsdelivr.net/npm/bootstrap@5.3.3/dist/css/bootstrap.min.css]
[www.sasken.com/hubfs/Logo_Kit.zip]
[www.sasken.com/hubfs/Sasken Feb-2022/News-Download files/Sasken-Brand-Manual.pdf]
[www.sasken.com/news.html]
[www.sasken.com/hubfs/hub_generated/module_assets/1/69189030822/1743342422936/module_Sasken_Recognition_Block.min.css]
[www.sasken.com/hubfs/hub_generated/module_assets/1/197501312597/1761217092751/module_Marketing_Awards_Module.min.css]
[7052064.fs1.hubspotusercontent-na1.net/hubfs/7052064/hub_generated/template_assets/DEFAULT_ASSET/1770831723291/template_layout.min.css]
[www.sasken.com/hubfs/WB-Recognitions.jpg]
[www.sasken.com/hs-fs/hubfs/ICAI-Awards9a56.png]
[www.sasken.com/hs-fs/hubfs/Awards-ICSI3e87.png]
[www.sasken.com/hs-fs/hubfs/2025-EcovadisAwardsc934.png]
[www.sasken.com/hs-fs/hubfs/25-2025-USBForum2126.png]
[www.sasken.com/hs-fs/hubfs/24-2025-1stRunnerUpda24.png]
[www.sasken.com/hs-fs/hubfs/14-2025_LinkedInTopCompanies8c1c.png]
[www.sasken.com/hs-fs/hubfs/16-2025_GPTWef92.png]
[www.sasken.com/hs-fs/hubfs/24-2025-BCWI7965.png]
[www.sasken.com/hs-fs/hubfs/23-2025_KarnatakBestEmployer8449.png]
[www.sasken.com/hs-fs/hubfs/21-Infra-Diamond-1276e.png]
[www.sasken.com/hs-fs/hubfs/22-Infra-Platinum-139de.png]
[www.sasken.com/hs-fs/hubfs/12-2025_ICAI8643.png]
[www.sasken.com/hs-fs/hubfs/17-2025_BCIC287d.png]
[www.sasken.com/hs-fs/hubfs/15-2025_iNFRA-Goldf912.png]
[www.sasken.com/hs-fs/hubfs/19-GPTW24-25c15d.png]
[www.sasken.com/hs-fs/hubfs/06-2024_BCWI5621.png]
[www.sasken.com/hs-fs/hubfs/09-2024_MercerMettlef208.png]
[www.sasken.com/hs-fs/hubfs/04-2024_iNFRA-Silver-1a40a.png]
[www.sasken.com/hs-fs/hubfs/18-2024_Zinnov3d8d.png]
[www.sasken.com/hs-fs/hubfs/05-2024_PMId403.png]
[www.sasken.com/hs-fs/hubfs/07-2024_iNFRA-Bronze1b85.png]
[www.sasken.com/hs-fs/hubfs/08-2024_iNFRA-Special-Recognition3aec.png]
[www.sasken.com/hs-fs/hubfs/10-2024_EcoVadis2e1b.png]
[www.sasken.com/hs-fs/hubfs/11-2024_PoshanAwards84b5.png]
[www.sasken.com/hs-fs/hubfs/01-2023_BCWI-4f45f.png]
[www.sasken.com/hs-fs/hubfs/02-2023_MICI3c0f.png]
[www.sasken.com/hs-fs/hubfs/03-2023_iNFRA-Silver439b.png]
[www.sasken.com/hs-fs/hubfs/20-Zinnov 1c99e.png]
[www.sasken.com/hubfs/hub_generated/module_assets/1/69189030822/1743342422936/module_Sasken_Recognition_Block.min.js]
[www.sasken.com/about-us/recognitions.html]
[www.sasken.com/hubfs/hub_generated/module_assets/1/197501312597/1761217092751/module_Marketing_Awards_Module.min.js]
[www.sasken.com/hubfs/allpart.jpg]
[www.sasken.com/hubfs/AWS-1.png]
[www.sasken.com/hubfs/Sasken_global/Patnership/Qaulcomm.png]
[www.sasken.com/hubfs/Sasken_global/Patnership/Microsoft.png]
[www.sasken.com/hubfs/Blackberry.png]
[www.sasken.com/hubfs/Sasken_global/Patnership/Google.png]
[www.sasken.com/hubfs/Sasken_global/Patnership/snowflake.png]
[www.sasken.com/hubfs/Sasken_global/Patnership/arm.png]
[www.sasken.com/hubfs/Sasken_global/Patnership/vicone.png]
[www.sasken.com/hubfs/Sasken_global/Patnership/databricks.png]
[www.sasken.com/hubfs/Trustonic-Apr-17-2025-09-44-23-4222-AM.png]
[www.sasken.com/hubfs/Sasken_global/Alliance/Autosar.png]
[www.sasken.com/hubfs/Sasken_global/Alliance/covesa.png]
[www.sasken.com/hubfs/Sasken_global/Alliance/nessum.png]
[www.sasken.com/hubfs/Sasken_global/Alliance/SOAFEE.png]
[www.sasken.com/hubfs/Sasken_global/Alliance/Open handset alliance.png]
[www.sasken.com/about-us/partnerships-and-alliances.html]
[www.sasken.com/hubfs/hub_generated/module_assets/1/69894173876/1743342433676/module_Vision_Background_Image.min.css]
[www.sasken.com/hubfs/hub_generated/module_assets/1/69894448912/1743342434772/module_Sustainability_Framework_Mod.min.css]
[www.sasken.com/hubfs/hub_generated/module_assets/1/69897798577/1743342435923/module_Sustainability_Initiatives_Mod.min.css]
[www.sasken.com/hubfs/hub_generated/module_assets/1/69899359643/1743342437001/module_Sustainability_Awards_Mod.min.css]
[www.sasken.com/hubfs/hub_generated/module_assets/1/191835552774/1750909491812/module_Sustainability_Framework_Mod_Membership.min.css]
[www.sasken.com/hubfs/hub_generated/module_assets/1/69900350345/1743342438289/module_Sustainability_Resources_Form_Popup_Mod.min.css]
[www.sasken.com/hubfs/hub_generated/module_assets/1/72702654264/1743342469016/module_News.min.css]
[www.sasken.com/hubfs/banner4-1.jpg]
[www.sasken.com/hubfs/banner3_0.jpg]
[www.sasken.com/hubfs/banner5.jpg]
[www.sasken.com/hubfs/Sasken Feb-2022/Vision-Background.jpg]
[www.sasken.com/hubfs/medal.png]
[www.sasken.com/hubfs/ESG Report 2024-25-1.pdf]
[www.sasken.com/hubfs/Sasken_global/CSR_2024/ESG Report-2023-24.pdf]
[www.sasken.com/hubfs/Sasken Feb-2022/Website Demo Images/files/Sasken_Sustainability_Report_FY_21.pdf]
[www.sasken.com/hubfs/Sasken_global/Sasken_Environmental_sutainability_2022_23.pdf]
[www.sasken.com/hubfs/Sasken Feb-2022/Website Demo Images/files/Sasken Environmental Sustainability Initiatives 2019-20.pdf]
[www.sasken.com/hubfs/Sasken Feb-2022/Website Demo Images/files/Sasken_Environmental_Social_and_Governance_FY22.pdf]
[www.sasken.com/hubfs/Sasken Feb-2022/Website Demo Images/files/Sasken Environmental Sustainability Initiatives 2018-19 (1).pdf]
[www.sasken.com/hubfs/Sasken Feb-2022/Website Demo Images/new1.jpg]
[www.sasken.com/hubfs/Sasken Feb-2022/Website Demo Images/new2.jpg]
[www.sasken.com/hubfs/Sasken Feb-2022/Website Demo Images/new3.jpg]
[www.sasken.com/hubfs/Sasken Feb-2022/Website Demo Images/new5.jpg]
[www.sasken.com/hubfs/Sasken Feb-2022/Website Demo Images/new8.jpg]
[www.sasken.com/hubfs/Sasken Feb-2022/Website Demo Images/new9.jpg]
[www.sasken.com/sustainability-sasken.html]
[www.sasken.com/hubfs/CSR_BG-1.jpg]
[www.sasken.com/hubfs/CSR_BG_NEW.jpg]
[www.sasken.com/hubfs/sdgs/e_goals.jpg]
[www.sasken.com/hs-fs/hubfs/sdgs/E_SDG_Icons-06411f.jpg]
[www.sasken.com/hs-fs/hubfs/sdgs/E_SDG_Icons-07189b.jpg]
[www.sasken.com/hs-fs/hubfs/sdgs/E_SDG_Icons-09b664.jpg]
[www.sasken.com/hs-fs/hubfs/sdgs/E_SDG_Icons-11724f.jpg]
[www.sasken.com/hs-fs/hubfs/sdgs/E_SDG_Icons-12baac.jpg]
[www.sasken.com/hs-fs/hubfs/sdgs/E_SDG_Icons-131038.jpg]
[www.sasken.com/hs-fs/hubfs/sdgs/E_SDG_Icons-1412b0.jpg]
[www.sasken.com/hs-fs/hubfs/sdgs/E_SDG_Icons-15cd8c.jpg]
[www.sasken.com/hubfs/sdgs/s_goals.jpg]
[www.sasken.com/hs-fs/hubfs/sdgs/E_SDG_Icons-014ded.jpg]
[www.sasken.com/hs-fs/hubfs/sdgs/E_SDG_Icons-03fc9f.jpg]
[www.sasken.com/hs-fs/hubfs/sdgs/E_SDG_Icons-0496b9.jpg]
[www.sasken.com/hs-fs/hubfs/sdgs/E_SDG_Icons-05037e.jpg]
[www.sasken.com/hs-fs/hubfs/sdgs/E_SDG_Icons-08ed1c.jpg]
[www.sasken.com/hs-fs/hubfs/sdgs/E_SDG_Icons-10da60.jpg]
[www.sasken.com/hs-fs/hubfs/sdgs/E_SDG_Icons-11ccfa.jpg]
[www.sasken.com/hs-fs/hubfs/sdgs/E_SDG_Icons-1646d4.jpg]
[www.sasken.com/hubfs/sdgs/g_goals.jpg]
[www.sasken.com/hs-fs/hubfs/sdgs/E_SDG_Icons-171697.jpg]
[cdn.jsdelivr.net/npm/bootstrap@4.5.0/dist/css/bootstrap.min.css]
[cdnjs.cloudflare.com/ajax/libs/font-awesome/6.2.0/css/all.min.css]
[www.sasken.com/hubfs/MyLittleBit.jpg]
[www.sasken.com/hubfs/STEM Lab.jpg]
[www.sasken.com/hubfs/Elderly and Underprivileged.jpg]
[code.jquery.com/jquery-1.10.2.min.js]
[cdn.jsdelivr.net/npm/bootstrap@4.5.0/dist/js/bootstrap.bundle.min.js]
[www.sasken.com/hubfs/Sunil_pro-1.png]
[www.sasken.com/hubfs/Shaily_Pro-1.png]
[www.sasken.com/hubfs/Paawan_Pro-1.png]
[www.sasken.com/csr.html]
[www.sasken.com/hubfs/hub_generated/module_assets/1/175457102875/1743342511668/module_Sasken-Japan_Header_2024_V2.min.css]
[www.sasken.com/hubfs/hub_generated/module_assets/1/174634148157/1743342510148/module_Sasken-Japan_Footer_2024.min.css]
[www.sasken.com/hs-fs/hubfs/logo7c8a.png]
[www.sasken.com/hubfs/Sasken Feb-2022/glob_icon.png]
[www.sasken.com/hubfs/Sasken Feb-2022/serch_icon.png]
[www.sasken.com/jp/industries/automotive.html]
[www.sasken.com/jp/industries/semiconductor.html]
[www.sasken.com/jp/industries/telecom.html]
[www.sasken.com/jp/about-us/corporate-profile.html]
[www.sasken.com/jp/about-us/our-leaders.html]
[www.sasken.com/jp/contact-us.html]
[www.sasken.com/hs-fs/hubfs/uploads/2018/01/logo7c8a.png]
[www.sasken.com/hubfs/Sasken Feb-2022/close-menu.png]
[www.sasken.com/hubfs/shutterstock_2448185441 (1).jpg]
[www.sasken.com/hubfs/shutterstock_2127828968 (1).jpg]
[www.sasken.com/hubfs/Icon 1.png]
[www.sasken.com/hubfs/landing pages/fotter_img.jpg]
[www.sasken.com/hs-fs/hubfs/Microsite/logo-18549.png]
[www.sasken.com/hubfs/hub_generated/module_assets/1/175457102875/1743342511668/module_Sasken-Japan_Header_2024_V2.min.js]
[www.sasken.com/hs/hsstatic/keyboard-accessible-menu-flyouts/static-1.17/bundles/project.js]
[www.sasken.com/hubfs/hub_generated/module_assets/1/174634148157/1743342510148/module_Sasken-Japan_Footer_2024.min.js]
[www.sasken.com/hubfs/Sasken Feb-2022/Slider Files/slick-theme.css]
[www.sasken.com/jp/index.html]
[www.sasken.com/hubfs/Sasken Feb-2022/Slider Files/slick.css]
[www.sasken.com/hubfs/hub_generated/module_assets/1/70593726367/1743342449620/module_Sasken_Country_Details_Module.min.css]
[www.sasken.com/hubfs/hub_generated/module_assets/1/70615100999/1743342454570/module_Sasken_Contact_Tab_Module.min.css]
[cdnjs.cloudflare.com/ajax/libs/twitter-bootstrap/4.1.3/css/bootstrap.min.css]
[code.jquery.com/jquery-3.2.1.slim.min.js]
[cdnjs.cloudflare.com/ajax/libs/popper.js/1.12.9/umd/popper.min.js]
[maxcdn.bootstrapcdn.com/bootstrap/4.0.0/js/bootstrap.min.js]
[www.sasken.com/hubfs/Sasken Feb-2022/Website Demo Images/contact_bg.jpg]
[www.sasken.com/hubfs/seeker-img.png]
[www.sasken.com/hubfs/investors.png]
[www.sasken.com/hubfs/Sasken Feb-2022/Website Demo Images/press.png]
[www.sasken.com/hubfs/Sasken Feb-2022/Website Demo Images/marketing.png]
[www.sasken.com/hubfs/Sasken Feb-2022/Website Demo Images/feedback.png]
[www.sasken.com/hubfs/Sasken Feb-2022/Website Demo Images/Data-Privacy.png]
[www.sasken.com/hubfs/Sasken Feb-2022/Website Demo Images/invoicing.png]
[www.sasken.com/hs-fs/hubfs/Sasken Feb-2022/spotlight-poi2e240.png]
[www.sasken.com/hubfs/hub_generated/module_assets/1/70593726367/1743342449620/module_Sasken_Country_Details_Module.min.js]
[www.sasken.com/hubfs/hub_generated/module_assets/1/70615100999/1743342454570/module_Sasken_Contact_Tab_Module.min.js]
[www.sasken.com/contact-us.html]
[cdnjs.cloudflare.com/ajax/libs/jquery/3.6.0/jquery.min.js]
[www.sasken.com/hubfs/hub_generated/module_assets/1/69627728172/1743342430185/module_Sasken_Success_Stories_Related_Post_Mod.min.css]
[www.sasken.com/insights/success-stories/battery-management-system-for-an-asian-original-equipment-manufacturer-oem3d9f.html]
[www.sasken.com/hs-fs/hubfs/Solution WorkFlow 29cca.png]
[www.sasken.com/hs-fs/hubfs/SOH Estimation_3de93.png]
[www.sasken.com/hs-fs/hubfs/battery21b2.png]
[www.sasken.com/insights/success-stories/battery-management-system-for-an-asian-original-equipment-manufacturer-oem.html]
[www.sasken.com/insights/success-stories/transform-your-digital-marketing-landscape-unleashing-saskens-analytical-prowess.html]
[www.sasken.com/insights/success-stories/transform-your-digital-marketing-landscape-unleashing-saskens-analytical-prowess3d9f.html]
[www.sasken.com/insights/success-stories/store-app-retail-store-associatefnameemailphone.html]
[www.sasken.com/terms-use.html]
[www.sasken.com/insights/success-stories/store-app-retail-store-associatefnameemailphone3d9f.html]
[www.sasken.com/privacy-policy.html]
[www.sasken.com/cookie-policy.html]
[cdnjs.cloudflare.com/ajax/libs/font-awesome/6.5.1/css/all.min.css]
[www.sasken.com/hubfs/hub_generated/template_assets/1/66919354150/1743227821468/ajax-loader.html]
[www.sasken.com/hubfs/hub_generated/template_assets/1/66919354150/1743227821468/fonts/slick.html]
[www.sasken.com/hubfs/hub_generated/template_assets/1/66919354150/1743227821468/fonts/slickd41d.html]
[www.sasken.com/hubfs/hub_generated/template_assets/1/66919354150/1743227821468/fonts/slick-2.html]
[www.sasken.com/hubfs/hub_generated/module_assets/1/67994959119/1743342401596/module_Seed_To_Harvest_Icon_box_Module.min.css]
[7052064.fs1.hubspotusercontent-na1.net/hubfs/7052064/hub_generated/template_assets/DEFAULT_ASSET/1770412220877/template_layout.min.css]
[www.sasken.com/hubfs/hub_generated/module_assets/1/69255890813/1743342424493/module_Sasken_Heading_with_Text_Table_Module.min.css]
[www.sasken.com/hubfs/hub_generated/template_assets/1/66933758361/fonts/glyphicons-halflings-regular.eot]
[www.sasken.com/hubfs/hub_generated/template_assets/1/66933758361/fonts/glyphicons-halflings-regulard41d.eot]
[www.sasken.com/hubfs/hub_generated/template_assets/1/66933758361/fonts/glyphicons-halflings-regular.woff2]
[www.sasken.com/hubfs/hub_generated/template_assets/1/66933758361/fonts/glyphicons-halflings-regular.woff]
[www.sasken.com/hubfs/hub_generated/template_assets/1/66933758361/fonts/glyphicons-halflings-regular.ttf]
[www.sasken.com/hubfs/hub_generated/template_assets/1/66933758361/fonts/glyphicons-halflings-regular.svg]
[www.sasken.com/hubfs/hub_generated/template_assets/1/66933758361/1743227822649/template_sasken-bootstrap.min.css]
[cdnjs.cloudflare.com/ajax/libs/normalize/5.0.0/normalize.min.css]
[cdnjs.cloudflare.com/ajax/libs/slick-carousel/1.6.0/slick.min.css]
[unpkg.com/aos@2.3.1/dist/aos.css]
[www.sasken.com/industries/automotive/body-electronics-autosar.html]
[www.sasken.com/industries/consumer-electronics/android-services.html]
[www.sasken.com/hubfs/Sasken Feb-2022/Industry Offerings/Sasken_Partnership _0.png]
[www.sasken.com/hubfs/Sasken Feb-2022/Industry Offerings/Sasken_Infographics_Enterprise_0.png]
[www.sasken.com/hubfs/Sasken Feb-2022/Industry Offerings/vivek.jpg]
[www.sasken.com/industries/enterprise-devices/mobility-solutions.html]
[www.sasken.com/hubfs/hub_generated/template_assets/1/117826252969/1743227828149/template_Sasken-Header-2022.min.css]
[www.sasken.com/hubfs/hub_generated/module_assets/1/71153187353/1743342463040/module_Expertise_Profile_Module.min.css]
[www.sasken.com/hubfs/hub_generated/module_assets/1/72803606654/1743342470044/module_Publications_Blog_Module.min.css]
[www.sasken.com/hubfs/hub_generated/module_assets/1/71157109177/1743342464165/module_Contact_Form.min.css]
[www.sasken.com/hubfs/hub_generated/template_assets/1/117838888816/1743227830318/template_Sasken_Website_Footer.min.css]
[www.sasken.com/hs-fs/hubfs/Sasken Feb-2022/glob_icond0a3.png]
[www.sasken.com/fi.html]
[www.sasken.com/hs-fs/hubfs/Sasken Feb-2022/serch_icon373d.png]
[www.sasken.com/hubfs/About_Us_Leadership_Team_0-1.jpg]
[www.sasken.com/hubfs/debashis_profile.jpg]
[www.sasken.com/hubfs/blog_feb.jpg]
[www.sasken.com/hubfs/auto2.jpg]
[www.sasken.com/hubfs/Imported_Blog_Media/blog-driving-1.jpg]
[www.sasken.com/hs-fs/hubfs/landing pages/fotter_imgeaca.jpg]
[www.sasken.com/hs-fs/hubfs/Microsite/sasken7d25.png]
[www.sasken.com/hubfs/hub_generated/module_assets/1/66917739280/1743342386618/module_Sasken_Header_2022.min.js]
[www.sasken.com/about-us/ask-our-expert/leader-debashis-panigrahi.html]
[www.sasken.com/hubfs/hub_generated/module_assets/1/19840020112/1743342272943/module_Sasken_Website_Footer.min.js]
[www.sasken.com/hubfs/Sasken Feb-2022/Competencies/Competencies_Analytics_1.jpg]
[www.sasken.com/hubfs/Sasken Feb-2022/Competencies/competency5-01.png]
[www.sasken.com/hubfs/Sasken Feb-2022/Competencies/Sasken_Competency_Analytics_1-1.png]
[www.sasken.com/competencies/analytics.html]
[www.sasken.com/hubfs/Sasken Feb-2022/Competencies/audio.jpg]
[www.sasken.com/hubfs/Sasken Feb-2022/Competencies/Sasken_Icons-01.png]
[www.sasken.com/competencies/antenna-design.html]
[www.sasken.com/img/empresa-1-logo.svg]
[www.sasken.com/hubfs/Microsite/sasken.png]
[www.sasken.com/audio/complex-audio-products.html]
[www.sasken.com/audio/connected-home-lab.html]
[www.sasken.com/audio/audio-performance-testing-facilities.html]
[www.sasken.com/hubfs/testing_bg.jpg]
[www.sasken.com/hs-fs/hubfs/pic-fir-storye9c2.jpg]
[www.sasken.com/hs-fs/hubfs/pic-story27c2.jpg]
[www.sasken.com/hs-fs/hubfs/pic-story1a617.jpg]
[www.sasken.com/hs-fs/hubfs/sasken-logo9ddc.png]
[www.sasken.com/audio/index.html]
[www.sasken.com/hubfs/hub_generated/template_assets/1/106880243527/1743227827637/template_audio-page-script.min.js]
[www.sasken.com/hubfs/hub_generated/module_assets/1/71680868468/1743342468002/module_Sasken_Tab_With_Content_Module.min.css]
[www.sasken.com/hubfs/Sasken Feb-2022/Competencies/Competencies_Connectivity_0.jpg]
[www.sasken.com/hubfs/Sasken Feb-2022/Competencies/competency3-01.png]
[www.sasken.com/competencies/connectivity.html]
[www.sasken.com/hubfs/Sasken Feb-2022/Competencies/cross.jpg]
[www.sasken.com/hubfs/Sasken Feb-2022/Competencies/cpt.png]
[www.sasken.com/competencies/cross-platform-technologies.html]
[www.sasken.com/hubfs/Sasken Feb-2022/Competencies/Electronics-Design.jpg]
[www.sasken.com/hubfs/Sasken Feb-2022/Competencies/Sasken_Icons-02.png]
[www.sasken.com/competencies/electronics-design.html]
[www.sasken.com/hubfs/Sasken Feb-2022/Competencies/Competencies_Firmware_0.jpg]
[www.sasken.com/hubfs/Sasken Feb-2022/Competencies/competency1-01.png]
[www.sasken.com/hubfs/Sasken Feb-2022/Competencies/Firmware_List Image_1_01-1.png]
[www.sasken.com/competencies/firmware.html]
[www.sasken.com/hubfs/Sasken Feb-2022/Competencies/Mechanics_2_0.jpg]
[www.sasken.com/hubfs/Sasken Feb-2022/Competencies/Sasken_Icons-03.png]
[www.sasken.com/competencies/mechanics-design.html]
[www.sasken.com/hubfs/Sasken Feb-2022/Competencies/Competencies_Multimedia_0.jpg]
[www.sasken.com/hubfs/Sasken Feb-2022/Competencies/competency4-01.png]
[www.sasken.com/competencies/multimedia.html]
[www.sasken.com/hubfs/Sasken Feb-2022/Competencies/Competencies_OS_0.jpg]
[www.sasken.com/hubfs/Sasken Feb-2022/Competencies/competency2-01.png]
[www.sasken.com/hubfs/Sasken Feb-2022/Competencies/android-logo_0.jpg]
[www.sasken.com/hubfs/Sasken Feb-2022/Competencies/imgres.png]
[www.sasken.com/competencies/os.html]
[www.sasken.com/hubfs/Sasken Feb-2022/Competencies/Sasken_Icons-04.png]
[www.sasken.com/competencies/pcb-layout-and-board-design.html]
[www.sasken.com/hubfs/Sasken Feb-2022/Competencies/Competencies_Platforms.jpg]
[www.sasken.com/hubfs/Sasken Feb-2022/Competencies/competency6-01.png]
[www.sasken.com/competencies/platforms.html]
[www.sasken.com/hubfs/Sasken Feb-2022/Competencies/production-testing.jpg]
[www.sasken.com/hubfs/Sasken Feb-2022/Competencies/testing_0.png]
[www.sasken.com/competencies/production-testing.html]
[www.sasken.com/hubfs/Sasken Feb-2022/Competencies/rf-design.jpg]
[www.sasken.com/hubfs/Sasken Feb-2022/Competencies/rf_design.png]
[www.sasken.com/competencies/rf-design.html]
[www.sasken.com/insights/success-stories/developed-one-first-agl-based-integrated-cockpit-solution.html]
[www.sasken.com/insights/success-stories/developed-one-first-agl-based-integrated-cockpit-solution3d9f.html]
[www.sasken.com/insights/success-stories/developed-autosar-compliant-remote-climate-control-module.html]
[www.sasken.com/insights/success-stories/developed-autosar-compliant-remote-climate-control-module3d9f.html]
[www.sasken.com/insights/success-stories/adaptive-autosar-stack-based-integrated-cockpit-development.html]
[www.sasken.com/insights/success-stories/adaptive-autosar-stack-based-integrated-cockpit-development3d9f.html]
[www.sasken.com/insights/success-stories/developed-autosar-based-phone-key-paak-solution-compatible-41-different.html]
[www.sasken.com/insights/success-stories/developed-autosar-based-phone-key-paak-solution-compatible-41-different3d9f.html]
[www.sasken.com/insights/success-stories/automated-testing-data-visualization-widgets-american-industrial-0.html]
[www.sasken.com/insights/success-stories/automated-testing-data-visualization-widgets-american-industrial-03d9f.html]
[www.sasken.com/insights/success-stories/provided-test-automation-mobile-application-suite-and-ticketing-system-0.html]
[www.sasken.com/insights/success-stories/provided-test-automation-mobile-application-suite-and-ticketing-system-03d9f.html]
[www.sasken.com/insights/success-stories/content-streaming-application-rated-best-app-2017-apple.html]
[www.sasken.com/insights/success-stories/content-streaming-application-rated-best-app-2017-apple3d9f.html]
[www.sasken.com/insights/success-stories/enabling-customer-identify-counterfeits-and-protect-revenues-high-value.html]
[www.sasken.com/insights/success-stories/enabling-customer-identify-counterfeits-and-protect-revenues-high-value3d9f.html]
[www.sasken.com/insights/success-stories/enabled-customer-launch-fips-compliant-enterprise-devices.html]
[www.sasken.com/insights/success-stories/enabled-customer-launch-fips-compliant-enterprise-devices3d9f.html]
[www.sasken.com/insights/success-stories/next-gen-rugged-device-platform-development-tier-1-oem.html]
[www.sasken.com/insights/success-stories/next-gen-rugged-device-platform-development-tier-1-oem3d9f.html]
[www.sasken.com/insights/success-stories/android-jelly-bean-bring-na-ruggedized-handset-oem.html]
[www.sasken.com/insights/success-stories/android-jelly-bean-bring-na-ruggedized-handset-oem3d9f.html]
[www.sasken.com/insights/success-stories/upgrade-legacy-android-rugged-device-android-l.html]
[www.sasken.com/insights/success-stories/upgrade-legacy-android-rugged-device-android-l3d9f.html]
[www.sasken.com/hubfs/Sasken Feb-2022/mikko.jpg]
[www.sasken.com/about-us/ask-our-expert/leader-mikko-keskilammi.html]
[www.sasken.com/insights/success-stories/enabled-na-oem-upgrade-60-devices-latest-android-versions.html]
[www.sasken.com/insights/success-stories/enabled-na-oem-upgrade-60-devices-latest-android-versions3d9f.html]
[www.sasken.com/insights/success-stories/enabled-over-30-cost-savings-upgrades-and-launch-smartphones-and-feature.html]
[www.sasken.com/about-us/ask-our-expert.html]
[www.sasken.com/insights/success-stories/enabled-over-30-cost-savings-upgrades-and-launch-smartphones-and-feature3d9f.html]
[www.sasken.com/insights/success-stories/helping-operators-put-smart-iptvs.html]
[www.sasken.com/insights/success-stories/helping-operators-put-smart-iptvs3d9f.html]
[www.sasken.com/insights/success-stories/enabling-leading-semiconductor-vendor-go-market-quicker-their-stb-chips.html]
[www.sasken.com/insights/success-stories/enabling-leading-semiconductor-vendor-go-market-quicker-their-stb-chips3d9f.html]
[www.sasken.com/hubfs/subhas-kamble.jpg]
[www.sasken.com/hubfs/publication-wireless.jpg]
[www.sasken.com/hubfs/space.jpg]
[www.sasken.com/about-us/ask-our-expert/leader-subhas-kamble.html]
[www.sasken.com/insights/success-stories/development-testing-vran-4g-and-5g.html]
[www.sasken.com/insights/success-stories/development-testing-vran-4g-and-5g3d9f.html]
[www.sasken.com/insights/success-stories/reduced-hardware-requirements-80-virtual-base-station-controller-gsm-r.html]
[www.sasken.com/insights/success-stories/reduced-hardware-requirements-80-virtual-base-station-controller-gsm-r3d9f.html]
[www.sasken.com/insights/success-stories/enabled-customer-launch-100-devices-timely-carrier-acceptance-and.html]
[www.sasken.com/insights/success-stories/enabled-customer-launch-100-devices-timely-carrier-acceptance-and3d9f.html]
[www.sasken.com/insights/success-stories/operator-test-case-compliance.html]
[www.sasken.com/insights/success-stories/operator-test-case-compliance3d9f.html]
[www.sasken.com/insights/success-stories/lte-based-satellite-terminals-fixed-vehicular-and-maritime.html]
[www.sasken.com/insights/success-stories/lte-based-satellite-terminals-fixed-vehicular-and-maritime3d9f.html]
[www.sasken.com/insights/success-stories/end-end-satellite-phone-european-satellite-service-provider.html]
[www.sasken.com/insights/success-stories/end-end-satellite-phone-european-satellite-service-provider3d9f.html]
[www.sasken.com/insights/success-stories/new-generation-satellite-user-terminal-handset.html]
[www.sasken.com/insights/success-stories/new-generation-satellite-user-terminal-handset3d9f.html]
[www.sasken.com/insights/success-stories/professional-mobile-radio-user-terminal-350-mhz-band.html]
[www.sasken.com/insights/success-stories/professional-mobile-radio-user-terminal-350-mhz-band3d9f.html]
[www.sasken.com/insights/success-stories/enabling-brand-new-ip-automotive-soc-maker.html]
[www.sasken.com/insights/success-stories/enabling-brand-new-ip-automotive-soc-maker3d9f.html]
[www.sasken.com/insights/success-stories/enabling-leading-soc-makers-develop-and-launch-products-schedule.html]
[www.sasken.com/insights/success-stories/enabling-leading-soc-makers-develop-and-launch-products-schedule3d9f.html]
[www.sasken.com/insights/success-stories/design-verification-modem-ip-discrete-modem-soc.html]
[www.sasken.com/hubfs/hub_generated/module_assets/1/67791192972/1743342398333/module_Sasken_Header_and_Text_white_two_Col_List_Module.min.css]
[www.sasken.com/hubfs/hub_generated/module_assets/1/67882421060/1743342399509/module_Sasken_Header_and_Text_white_three_column_list.min.css]
[www.sasken.com/hubfs/hub_generated/module_assets/1/67725515410/1743342397180/module_Sasken_Header_and_Two_Col_Listing_Gray_Module.min.css]
[www.sasken.com/hubfs/hub_generated/module_assets/1/67544232997/1743342393942/module_Sasken_Header_and_Text_One_Col_Module.min.css]
[www.sasken.com/insights/success-stories/design-verification-modem-ip-discrete-modem-soc3d9f.html]
[www.sasken.com/insights/success-stories/reduced-maintenance-costs-remote-control-and-diagnostics-industrial-valves.html]
[www.sasken.com/insights/success-stories/reduced-maintenance-costs-remote-control-and-diagnostics-industrial-valves3d9f.html]
[www.sasken.com/insights/success-stories/reduced-time-market-unified-iiot-platform-and-business-apps.html]
[www.sasken.com/insights/success-stories/reduced-time-market-unified-iiot-platform-and-business-apps3d9f.html]
[www.sasken.com/insights/success-stories/enhanced-user-experience-touch-screen-based-gui-next-gen-kettle-product.html]
[www.sasken.com/insights/success-stories/enhanced-user-experience-touch-screen-based-gui-next-gen-kettle-product3d9f.html]
[www.sasken.com/insights/success-stories/faster-time-market-multi-connectivity-iot-logistic-gateway.html]
[www.sasken.com/insights/success-stories/faster-time-market-multi-connectivity-iot-logistic-gateway3d9f.html]
[www.sasken.com/hubfs/vivek_ma.jpg]
[www.sasken.com/hubfs/Imported_Blog_Media/blog2-6.jpg]
[www.sasken.com/about-us/ask-our-expert/leader-vivek-madathil.html]
[www.sasken.com/hubfs/hub_generated/module_assets/1/68005810301/1743342403790/module_Sasken_Slider_Banner_Two_Col.min.css]
[www.sasken.com/hubfs/hub_generated/module_assets/1/68000857778/1743342402717/module_Services_Offerings.min.css]
[www.sasken.com/hubfs/hub_generated/module_assets/1/71485405045/1743342465289/module_Sasken_Recent_Blogs_Module.min.css]
[www.sasken.com/hubfs/hub_generated/module_assets/1/68009012054/1743342405374/module_Sasken_Contact_Us_Form_Module.min.css]
[www.sasken.com/insights/success-stories/multimodal-ticketing-platform-using-blockchain-enable-real-time-revenue.html]
[www.sasken.com/insights/success-stories/multimodal-ticketing-platform-using-blockchain-enable-real-time-revenue3d9f.html]
[www.sasken.com/insights/success-stories/establishing-traceability-product-quality-and-accountability-supply-chain.html]
[www.sasken.com/hubfs/hub_generated/module_assets/1/68088021350/1743342406468/module_Digital_Platform_Flip_Flop_Module.min.css]
[www.sasken.com/insights/success-stories/establishing-traceability-product-quality-and-accountability-supply-chain3d9f.html]
[www.sasken.com/insights/success-stories/enabled-business-continuity-and-sustained-service-levels.html]
[www.sasken.com/insights/success-stories/enabled-business-continuity-and-sustained-service-levels3d9f.html]
[www.sasken.com/insights/success-stories/enabled-customer-gain-entry-public-transportation-intelligent.html]
[www.sasken.com/insights/success-stories/enabled-customer-gain-entry-public-transportation-intelligent3d9f.html]
[www.sasken.com/insights/success-stories/enabled-30-cost-savings-through-cloud-infrastructure-usage.html]
[www.sasken.com/insights/success-stories/enabled-30-cost-savings-through-cloud-infrastructure-usage3d9f.html]
[www.sasken.com/insights/success-stories/enabled-uk-mvno-achieve-increased-profitability.html]
[www.sasken.com/insights/success-stories/enabled-uk-mvno-achieve-increased-profitability3d9f.html]
[www.sasken.com/insights/success-stories/leveraged-predictive-analytics-save-wholesale-bundle-purchase-cost.html]
[www.sasken.com/insights/success-stories/leveraged-predictive-analytics-save-wholesale-bundle-purchase-cost3d9f.html]
[www.sasken.com/insights/success-stories/reduced-resolution-time-rtk-gnss-enabled-tracking-system.html]
[www.sasken.com/insights/success-stories/reduced-resolution-time-rtk-gnss-enabled-tracking-system3d9f.html]
[www.sasken.com/insights/success-stories/reduced-go-market-time-global-leader-iot-solutions.html]
[www.sasken.com/insights/success-stories/reduced-go-market-time-global-leader-iot-solutions3d9f.html]
[www.sasken.com/hubfs/hub_generated/module_assets/1/68177644447/1743342407534/module_Sasken_Digital-Testing_Arow_Box_Module.min.css]
[www.sasken.com/hubfs/hub_generated/module_assets/1/73491832900/1743342475487/module_Digital_Methodology_Box_Module.min.css]
[www.sasken.com/hubfs/hub_generated/module_assets/1/68266550879/1743342410699/module_Sasken_Expertise_Logo_Col_Module.min.css]
[www.sasken.com/insights/success-stories/enabled-continuous-automated-deployment-applications-and-platforms.html]
[www.sasken.com/insights/success-stories/ensured-continuous-releases-new-web-apps-and-apis-global-transportation.html]
[www.sasken.com/insights/success-stories/provided-automated-deployment-web-and-mobile-apps-public-cloud-reputed.html]
[www.sasken.com/insights/success-stories/provided-automated-deployment-web-and-mobile-apps-public-cloud-reputed3d9f.html]
[cdn.jsdelivr.net/npm/bootstrap-icons@1.11.3/font/fonts/bootstrap-icons0107.woff2]
[cdn.jsdelivr.net/npm/bootstrap-icons@1.11.3/font/fonts/bootstrap-icons0107.woff]
[cdn.jsdelivr.net/npm/bootstrap-icons@1.11.3/font/bootstrap-icons.min.css]
[www.sasken.com/hubfs/hub_generated/module_assets/1/69164466823/1743342419253/module_Sasken_Full_Width_Text_Box.min.css]
[www.sasken.com/hubfs/hub_generated/template_assets/1/117837849644/1743227829759/template_Sasken_Next_Gen_Thinker.min.css]
[www.sasken.com/hubfs/hub_generated/module_assets/1/69360475754/1743342428869/module_Sasken_Success_Stories_Tag_Filter_Module.min.css]
[www.sasken.com/hubfs/hub_generated/template_assets/1/69351021486/1743227823291/template_Sasken_Success_Stories_styles.min.css]
[www.sasken.com/insights/success-stories/tag/automotive.html]
[www.sasken.com/insights/success-stories/tag/mobility.html]
[www.sasken.com/insights/success-stories/tag/industrials.html]
[www.sasken.com/insights/success-stories/tag/data-analytics.html]
[www.sasken.com/insights/success-stories/tag/telecom.html]
[www.sasken.com/insights/success-stories/tag/consumer-electronics.html]
[www.sasken.com/insights/success-stories/tag/enterprise-devices.html]
[www.sasken.com/insights/success-stories/tag/satcom.html]
[7052064.fs1.hubspotusercontent-na1.net/hubfs/7052064/hub_generated/template_assets/DEFAULT_ASSET/1769811743435/template_layout.min.css]
[www.sasken.com/insights/success-stories/tag/internet-of-things.html]
[www.sasken.com/insights/success-stories/tag/platform.html]
[www.sasken.com/insights/success-stories/tag/semiconductor.html]
[www.sasken.com/insights/success-stories/tag/devops.html]
[www.sasken.com/insights/success-stories/tag/blockchain.html]
[www.sasken.com/insights/success-stories/tag/digital-testing.html]
[www.sasken.com/insights/success-stories/enabled-customer-launch-next-gen-autosar-compliant-telematics-solution.html]
[www.sasken.com/insights/success-stories/enabled-customer-launch-next-gen-autosar-compliant-telematics-solution3d9f.html]
[www.sasken.com/insights/success-stories/reduced-t2m-30-core-application-development-instrument-cluster.html]
[www.sasken.com/insights/success-stories/reduced-t2m-30-core-application-development-instrument-cluster3d9f.html]
[www.sasken.com/insights/success-stories/preferred-partner-customers-modem-sustenance-and-customer-engineering.html]
[www.sasken.com/insights/success-stories/preferred-partner-customers-modem-sustenance-and-customer-engineering3d9f.html]
[www.sasken.com/insights/success-stories/end-end-design-and-platform-migration-bts-railways.html]
[www.sasken.com/insights/success-stories/end-end-design-and-platform-migration-bts-railways3d9f.html]
[www.sasken.com/insights/success-stories/4g-o-ran-fronthaul.html]
[www.sasken.com/insights/success-stories/4g-o-ran-fronthaul3d9f.html]
[www.sasken.com/insights/success-stories/reduced-time-market-carriers-5g-launch.html]
[www.sasken.com/insights/success-stories/reduced-time-market-carriers-5g-launch3d9f.html]
[www.sasken.com/insights/success-stories/enabled-successful-road-trials-c-v2x-japan.html]
[www.sasken.com/insights/success-stories/enabled-successful-road-trials-c-v2x-japan3d9f.html]
[www.sasken.com/insights/success-stories/partnering-north-american-tier-1-autonomous-vehicular-validation.html]
[www.sasken.com/insights/success-stories/partnering-north-american-tier-1-autonomous-vehicular-validation3d9f.html]
[www.sasken.com/insights/success-stories/enabled-zero-glare-car-headlights-pedestrian-convenience.html]
[www.sasken.com/insights/success-stories/enabled-zero-glare-car-headlights-pedestrian-convenience3d9f.html]
[www.sasken.com/insights/success-stories/enabled-fabless-semiconductor-company-develop-software-sdk.html]
[www.sasken.com/insights/success-stories/enabled-fabless-semiconductor-company-develop-software-sdk3d9f.html]
[www.sasken.com/insights/success-stories/driver-monitoring-system-nvidia-platform.html]
[www.sasken.com/insights/success-stories/driver-monitoring-system-nvidia-platform3d9f.html]
[www.sasken.com/insights/success-stories/android-based-ivi-partnership-japanese-auto-tier-1.html]
[www.sasken.com/insights/success-stories/android-based-ivi-partnership-japanese-auto-tier-13d9f.html]
[www.sasken.com/insights/success-stories/connectivity-partner-north-american-tier-1.html]
[www.sasken.com/insights/success-stories/connectivity-partner-north-american-tier-13d9f.html]
[www.sasken.com/insights/success-stories/android-based-ivi-productization-uk-based-tier-1.html]
[www.sasken.com/insights/success-stories/android-based-ivi-productization-uk-based-tier-13d9f.html]
[www.sasken.com/insights/success-stories/bluetooth-solution-north-american-tier-1.html]
[www.sasken.com/insights/success-stories/bluetooth-solution-north-american-tier-13d9f.html]
[www.sasken.com/insights/success-stories/multimedia-integration-genivi-compliant-ivi-system.html]
[www.sasken.com/insights/success-stories/multimedia-integration-genivi-compliant-ivi-system3d9f.html]
[www.sasken.com/insights/success-stories/reduced-test-effort-75-end-end-test-automation.html]
[www.sasken.com/insights/success-stories/reduced-test-effort-75-end-end-test-automation3d9f.html]
[www.sasken.com/insights/success-stories/enabled-remote-monitoring-control-high-precision-welding-machine.html]
[www.sasken.com/insights/success-stories/enabled-remote-monitoring-control-high-precision-welding-machine3d9f.html]
[www.sasken.com/insights/success-stories/track-and-visualize-paving-operations-saas-based-industrial-iot-platform.html]
[www.sasken.com/insights/success-stories/track-and-visualize-paving-operations-saas-based-industrial-iot-platform3d9f.html]
[www.sasken.com/insights/success-stories/enabled-faster-shipping-devices-leading-japanese-telecom-operator.html]
[www.sasken.com/insights/success-stories/enabled-faster-shipping-devices-leading-japanese-telecom-operator3d9f.html]
[www.sasken.com/insights/success-stories/delivered-optimized-user-experience-resource-constrained-devices.html]
[www.sasken.com/insights/success-stories/delivered-optimized-user-experience-resource-constrained-devices3d9f.html]
[www.sasken.com/insights/success-stories/delivered-test-automation-iot-platform-reducing-time-market.html]
[www.sasken.com/insights/success-stories/delivered-test-automation-iot-platform-reducing-time-market3d9f.html]
[www.sasken.com/insights/success-stories/enabled-infotainment-system-japanese-and-german-tier-1s.html]
[www.sasken.com/insights/success-stories/enabled-infotainment-system-japanese-and-german-tier-1s3d9f.html]
[www.sasken.com/insights/success-stories/enabled-ivi-solution-na-oem-next-gen-streaming-technologies.html]
[www.sasken.com/insights/success-stories/enabled-ivi-solution-na-oem-next-gen-streaming-technologies3d9f.html]
[www.sasken.com/insights/success-stories/instrument-cluster-verification-validation-na-tier-1.html]
[www.sasken.com/insights/success-stories/instrument-cluster-verification-validation-na-tier-13d9f.html]
[www.sasken.com/insights/success-stories/enabled-can-interface-european-auto-tier-1.html]
[www.sasken.com/insights/success-stories/enabled-can-interface-european-auto-tier-13d9f.html]
[www.sasken.com/insights/success-stories/enabled-automotive-tier-1-launch-ivi-solution-multiple-platforms.html]
[www.sasken.com/insights/success-stories/enabled-automotive-tier-1-launch-ivi-solution-multiple-platforms3d9f.html]
[www.sasken.com/insights/success-stories/asset-performance-management-rolling-stock.html]
[www.sasken.com/insights/success-stories/asset-performance-management-rolling-stock3d9f.html]
[www.sasken.com/insights/success-stories/developed-industrial-imaging-engine-enabled-edge-intelligence-machine.html]
[www.sasken.com/insights/success-stories/developed-industrial-imaging-engine-enabled-edge-intelligence-machine3d9f.html]
[www.sasken.com/insights/success-stories/developed-industry-40-enabled-welder-connectivity-unprecedented-control-and.html]
[www.sasken.com/insights/success-stories/developed-industry-40-enabled-welder-connectivity-unprecedented-control-and3d9f.html]
[www.sasken.com/insights/success-stories/enabled-customer-launch-next-gen-lte-based-telematics-solution-0.html]
[www.sasken.com/insights/success-stories/enabled-customer-launch-next-gen-lte-based-telematics-solution-03d9f.html]
[www.sasken.com/insights/success-stories/enabled-customer-launch-next-gen-lte-based-telematics-solution.html]
[www.sasken.com/insights/success-stories/enabled-customer-launch-next-gen-lte-based-telematics-solution3d9f.html]
[www.sasken.com/insights/success-stories/grew-market-share-mvp-aftermarket-automotive-ancillary-products.html]
[www.sasken.com/insights/success-stories/grew-market-share-mvp-aftermarket-automotive-ancillary-products3d9f.html]
[www.sasken.com/insights/success-stories/first-android-m-upgrade-omap4-platform-rugged-device-oem.html]
[www.sasken.com/insights/success-stories/first-android-m-upgrade-omap4-platform-rugged-device-oem3d9f.html]
[www.sasken.com/insights/success-stories/automated-testing-telematics-based-application-suite.html]
[www.sasken.com/insights/success-stories/automated-testing-telematics-based-application-suite3d9f.html]
[www.sasken.com/insights/success-stories/first-android-rugged-device-us-market-multimode-modem-support.html]
[www.sasken.com/insights/success-stories/first-android-rugged-device-us-market-multimode-modem-support3d9f.html]
[www.sasken.com/insights/success-stories/provisioned-automated-asset-inspection-industrial-assembly.html]
[www.sasken.com/insights/success-stories/provisioned-automated-asset-inspection-industrial-assembly3d9f.html]
[www.sasken.com/insights/success-stories/high-precision-vehicle-inventory-system-japanese-oem.html]
[www.sasken.com/insights/success-stories/high-precision-vehicle-inventory-system-japanese-oem3d9f.html]
[www.sasken.com/insights/success-stories/redefining-automotive-aftermarket-ancillary-space.html]
[www.sasken.com/insights/success-stories/redefining-automotive-aftermarket-ancillary-space3d9f.html]
[www.sasken.com/insights/success-stories/making-roads-safer-enabling-v2x-communication.html]
[www.sasken.com/insights/success-stories/making-roads-safer-enabling-v2x-communication3d9f.html]
[www.sasken.com/insights/success-stories/developed-european-tier-1s-india-center-coe-bluetooth.html]
[www.sasken.com/insights/success-stories/developed-european-tier-1s-india-center-coe-bluetooth3d9f.html]
[www.sasken.com/insights/success-stories/perception-and-driver-monitoring-system-japanese-market.html]
[www.sasken.com/insights/success-stories/perception-and-driver-monitoring-system-japanese-market3d9f.html]
[www.sasken.com/insights/success-stories/reduced-cycle-time-and-faster-time-market-through-automation-android.html]
[www.sasken.com/insights/success-stories/reduced-cycle-time-and-faster-time-market-through-automation-android3d9f.html]
[www.sasken.com/insights/success-stories/delivered-test-automation-iot-platform-leading-supplier-automotive-parts.html]
[www.sasken.com/insights/success-stories/delivered-test-automation-iot-platform-leading-supplier-automotive-parts3d9f.html]
[www.sasken.com/insights/success-stories/system-test-automation-tier-1-automotive-ivi-oem.html]
[www.sasken.com/insights/success-stories/system-test-automation-tier-1-automotive-ivi-oem3d9f.html]
[www.sasken.com/insights/success-stories/continuous-integration-north-american-tier-1.html]
[www.sasken.com/insights/success-stories/continuous-integration-north-american-tier-13d9f.html]
[www.sasken.com/insights/success-stories/technical-review-benchfield-testing-telematics-solution.html]
[www.sasken.com/insights/success-stories/technical-review-benchfield-testing-telematics-solution3d9f.html]
[www.sasken.com/insights/success-stories/android-test-automation-north-american-tier-1.html]
[www.sasken.com/insights/success-stories/android-test-automation-north-american-tier-13d9f.html]
[www.sasken.com/insights/success-stories/25-faster-test-cycle-tier-1-auto-ivi-solution-provider.html]
[www.sasken.com/insights/success-stories/25-faster-test-cycle-tier-1-auto-ivi-solution-provider3d9f.html]
[www.sasken.com/insights/success-stories/self-service-business-intelligence-platform.html]
[www.sasken.com/insights/success-stories/self-service-business-intelligence-platform3d9f.html]
[www.sasken.com/insights/success-stories/video-conferencing-client-enterprise-collaboration.html]
[www.sasken.com/insights/success-stories/video-conferencing-client-enterprise-collaboration3d9f.html]
[www.sasken.com/insights/success-stories/delivering-market-insights-through-mobile-application.html]
[www.sasken.com/insights/success-stories/delivering-market-insights-through-mobile-application3d9f.html]
[www.sasken.com/insights/success-stories/enabling-automotive-companies-innovate-next-generation-infotainment-systems.html]
[www.sasken.com/insights/success-stories/enabling-automotive-companies-innovate-next-generation-infotainment-systems3d9f.html]
[www.sasken.com/insights/success-stories/consolidated-defect-dashboard.html]
[www.sasken.com/insights/success-stories/consolidated-defect-dashboard3d9f.html]
[www.sasken.com/insights/success-stories/smartphone-based-usage-based-insurance-ubi-solution.html]
[www.sasken.com/insights/success-stories/smartphone-based-usage-based-insurance-ubi-solution3d9f.html]
[www.sasken.com/insights/success-stories/live-video-surveillance-mobile-client.html]
[www.sasken.com/insights/success-stories/live-video-surveillance-mobile-client3d9f.html]
[www.sasken.com/insights/success-stories/android-based-smart-tv-middleware-application-development.html]
[www.sasken.com/insights/success-stories/android-based-smart-tv-middleware-application-development3d9f.html]
[www.sasken.com/insights/success-stories/powering-superior-surveillance-systems-asian-ce-giant.html]
[www.sasken.com/insights/success-stories/powering-superior-surveillance-systems-asian-ce-giant3d9f.html]
[www.sasken.com/insights/success-stories/usage-prediction.html]
[www.sasken.com/insights/success-stories/usage-prediction3d9f.html]
[www.sasken.com/insights/success-stories/helping-leading-sports-brand-leverage-digital-connect-end-consumer.html]
[www.sasken.com/insights/success-stories/helping-leading-sports-brand-leverage-digital-connect-end-consumer3d9f.html]
[www.sasken.com/insights/success-stories/boosting-vehicle-radio-functionalities-support-application-ecosystem.html]
[www.sasken.com/insights/success-stories/boosting-vehicle-radio-functionalities-support-application-ecosystem3d9f.html]
[www.sasken.com/insights/success-stories/indoor-navigation-suite-indoor-location-services-provider.html]
[www.sasken.com/insights/success-stories/indoor-navigation-suite-indoor-location-services-provider3d9f.html]
[www.sasken.com/insights/success-stories/pricing-elasticity-analysis.html]
[www.sasken.com/insights/success-stories/pricing-elasticity-analysis3d9f.html]
[www.sasken.com/insights/success-stories/enabling-digital-video-recording-vehicle-infotainment-systems.html]
[www.sasken.com/insights/success-stories/enabling-digital-video-recording-vehicle-infotainment-systems3d9f.html]
[www.sasken.com/insights/success-stories/churn-prediction.html]
[www.sasken.com/insights/success-stories/churn-prediction3d9f.html]
[www.sasken.com/insights/success-stories/tablet-clienteling-solution-retail-store-associates.html]
[www.sasken.com/insights/success-stories/tablet-clienteling-solution-retail-store-associates3d9f.html]
[www.sasken.com/insights/success-stories/digital-campaign-management-solution.html]
[www.sasken.com/insights/success-stories/digital-campaign-management-solution3d9f.html]
[www.sasken.com/insights/success-stories/driving-business-customers-superior-vehicle-infotainment-solutions.html]
[www.sasken.com/insights/success-stories/driving-business-customers-superior-vehicle-infotainment-solutions3d9f.html]
[www.sasken.com/insights/success-stories/store-inventory-and-fulfilment-solution.html]
[www.sasken.com/insights/success-stories/store-inventory-and-fulfilment-solution3d9f.html]
[www.sasken.com/insights/success-stories/demonstrating-value-through-integrated-managed-services.html]
[www.sasken.com/insights/success-stories/demonstrating-value-through-integrated-managed-services3d9f.html]
[www.sasken.com/insights/success-stories/audio-book-application.html]
[www.sasken.com/insights/success-stories/audio-book-application3d9f.html]
[www.sasken.com/insights/success-stories/mobility-solution-explore-timeline-and-relations-between-physical-objects.html]
[www.sasken.com/insights/success-stories/mobility-solution-explore-timeline-and-relations-between-physical-objects3d9f.html]
[www.sasken.com/insights/success-stories/inventory-dashboard-supply-chain-visibility-platform.html]
[www.sasken.com/insights/success-stories/inventory-dashboard-supply-chain-visibility-platform3d9f.html]
[www.sasken.com/insights/success-stories/enabling-superior-music-application-features-windows-mobile-devices.html]
[www.sasken.com/insights/success-stories/enabling-superior-music-application-features-windows-mobile-devices3d9f.html]
[www.sasken.com/insights/success-stories/data-warehouse-audit.html]
[www.sasken.com/insights/success-stories/data-warehouse-audit3d9f.html]
[www.sasken.com/insights/success-stories/helping-oems-give-their-global-consumers-smart-experiences-their-luxury.html]
[www.sasken.com/insights/success-stories/helping-oems-give-their-global-consumers-smart-experiences-their-luxury3d9f.html]
[www.sasken.com/insights/success-stories/project-management-dashboard.html]
[www.sasken.com/insights/success-stories/project-management-dashboard3d9f.html]
[www.sasken.com/insights/success-stories/helping-rugged-device-oems-give-their-customers-richer-and-more-customized.html]
[www.sasken.com/insights/success-stories/helping-rugged-device-oems-give-their-customers-richer-and-more-customized3d9f.html]
[www.sasken.com/insights/success-stories/actionable-insights-platform.html]
[connect.facebook.net/en_GB/sdk.js]
[www.sasken.com/hubfs/hub_generated/module_assets/1/68460303113/1743342413832/module_Sasken_Insights_Focus_Area.min.css]
[www.sasken.com/insights/success-stories/actionable-insights-platform3d9f.html]
[2401243.fs1.hubspotusercontent-na2.net/hubfs/2401243/Sasken Feb-2022/customer-prev.png]
[www.sasken.com/hubfs/hub_generated/module_assets/1/69070665246/1743342417600/module_Sasken_Customer_Speak_Slider.min.css]
[www.sasken.com/hubfs/hub_generated/module_assets/1/68470707739/1743342414999/module_Sasken_Insights_Customer_Speaks.min.css]
[static.hsappstatic.net/static-hubspot-com/static-1.270519761/final/img/common/icons/social/linkedin-24x24.png]
[static.hsappstatic.net/static-hubspot-com/static-1.270519761/final/img/common/icons/social/twitter-24x24.png]
[static.hsappstatic.net/static-hubspot-com/static-1.270519761/final/img/common/icons/social/googleplus-24x24.png]
[static.hsappstatic.net/content_shared_assets/static-1.3935/img/bg_direction_nav.png]
[www.sasken.com/hubfs/hub_generated/template_assets/1/24572110455/1743227814136/template_slick-theme.min.css]
[www.sasken.com/hubfs/hub_generated/template_assets/1/24572111403/1743227814728/template_slick.min.css]
[2401243.fs1.hubspotusercontent-na2.net/hubfs/2401243/Sasken Feb-2022/arrowmore.png]
[www.sasken.com/hubfs/hub_generated/template_assets/1/69981680153/1743227825386/template_sasken_business_stories_.min.css]
[www.sasken.com/business-continuity-success-stories/enabled-project-segregation-with-vpn-and-firewall-for-customer-project.html]
[www.sasken.com/business-continuity-success-stories/enabled-project-segregation-with-vpn-and-firewall-for-customer-project3d9f.html]
[www.sasken.com/business-continuity-success-stories/ensured-seamless-deliverables-for-odc-projects-by-wfh-with-customers-approval.html]
[www.sasken.com/business-continuity-success-stories/ensured-seamless-deliverables-for-odc-projects-by-wfh-with-customers-approval3d9f.html]
[www.sasken.com/business-continuity-success-stories/coordinated-and-ensured-safe-return-employee-stranded-uk.html]
[www.sasken.com/business-continuity-success-stories/coordinated-and-ensured-safe-return-employee-stranded-uk3d9f.html]
[www.sasken.com/business-continuity-success-stories/successfully-repatriated-employee-japan-india.html]
[www.sasken.com/business-continuity-success-stories/successfully-repatriated-employee-japan-india3d9f.html]
[www.sasken.com/business-continuity-success-stories/safely-repatriated-employee-and-his-family-india-uk-during-covid-19-lockdown.html]
[www.sasken.com/business-continuity-success-stories/safely-repatriated-employee-and-his-family-india-uk-during-covid-19-lockdown3d9f.html]
[www.sasken.com/business-continuity-success-stories/ensured-safe-return-employees-across-various-geographies.html]
[www.sasken.com/business-continuity-success-stories/ensured-safe-return-employees-across-various-geographies3d9f.html]
[www.sasken.com/business-continuity-success-stories/delivered-multiple-releases-automated-fare-collection-system-transportation-domain.html]
[www.sasken.com/business-continuity-success-stories/delivered-multiple-releases-automated-fare-collection-system-transportation-domain3d9f.html]
[www.sasken.com/business-continuity-success-stories/ensured-consistent-delivery-android-security-management-releases.html]
[www.sasken.com/business-continuity-success-stories/ensured-consistent-delivery-android-security-management-releases3d9f.html]
[www.sasken.com/business-continuity-success-stories/guaranteed-adas-bsp-validation-japanese-customer.html]
[www.sasken.com/business-continuity-success-stories/guaranteed-adas-bsp-validation-japanese-customer3d9f.html]
[www.sasken.com/business-continuity-success-stories/ensured-smooth-oran-kick-during-lockdown.html]
[www.sasken.com/business-continuity-success-stories/ensured-smooth-oran-kick-during-lockdown3d9f.html]
[www.sasken.com/business-continuity-success-stories/maintained-business-continuity-developing-satellite-terminal-applications.html]
[www.sasken.com/business-continuity-success-stories/maintained-business-continuity-developing-satellite-terminal-applications3d9f.html]
[www.sasken.com/business-continuity-success-stories/ensured-successful-mse-factory-acceptance-test-execution-customer-during-lockdown.html]
[www.sasken.com/business-continuity-success-stories/ensured-successful-mse-factory-acceptance-test-execution-customer-during-lockdown3d9f.html]
[www.sasken.com/business-continuity-success-stories/successfully-delivered-final-milestone-c-v2x-project-during-covid-19-lockdown.html]
[www.sasken.com/business-continuity-success-stories/successfully-delivered-final-milestone-c-v2x-project-during-covid-19-lockdown3d9f.html]
[www.sasken.com/business-continuity-success-stories/enabled-android-security-management-amid-covid-19-lockdown.html]
[www.sasken.com/business-continuity-success-stories/enabled-android-security-management-amid-covid-19-lockdown3d9f.html]
[www.sasken.com/business-continuity-success-stories/replicated-odc-environment-home-ensure-efficient-functioning-project.html]
[www.sasken.com/business-continuity-success-stories/replicated-odc-environment-home-ensure-efficient-functioning-project3d9f.html]
[www.sasken.com/business-continuity-success-stories/ensured-milestone-deliveries-of-odc-projects-during-covid-19-lockdown.html]
[www.sasken.com/business-continuity-success-stories/ensured-milestone-deliveries-of-odc-projects-during-covid-19-lockdown3d9f.html]
[www.sasken.com/business-continuity-success-stories/going-above-and-beyond-call-duty-enable-delivery-excellence.html]
[www.sasken.com/business-continuity-success-stories/going-above-and-beyond-call-duty-enable-delivery-excellence3d9f.html]
[www.sasken.com/business-continuity-success-stories/leveraged-round-robin-system-and-remote-access-ensure-business-continuity.html]
[www.sasken.com/business-continuity-success-stories/leveraged-round-robin-system-and-remote-access-ensure-business-continuity3d9f.html]
[www.sasken.com/business-continuity-success-stories/ensured-seamless-transition-wfh-mission-critical-gsm-r-network-project.html]
[www.sasken.com/business-continuity-success-stories/ensured-seamless-transition-wfh-mission-critical-gsm-r-network-project3d9f.html]
[www.sasken.com/business-continuity-success-stories/upped-customer-confidence-proactive-steps-ensure-business-continuity.html]
[www.sasken.com/business-continuity-success-stories/upped-customer-confidence-proactive-steps-ensure-business-continuity3d9f.html]
[www.sasken.com/business-continuity-success-stories/enabled-smooth-continuity-project-vpn-and-remote-access.html]
[www.sasken.com/business-continuity-success-stories/enabled-smooth-continuity-project-vpn-and-remote-access3d9f.html]
[www.sasken.com/business-continuity-success-stories/enabled-remote-access-hardware-located-japan-verification-purposes.html]
[www.sasken.com/business-continuity-success-stories/enabled-remote-access-hardware-located-japan-verification-purposes3d9f.html]
[www.sasken.com/business-continuity-success-stories/ensured-zero-loss-productivity-during-execution-project.html]
[www.sasken.com/business-continuity-success-stories/ensured-zero-loss-productivity-during-execution-project3d9f.html]
[www.sasken.com/business-continuity-success-stories/stayed-motivated-and-determined-during-covid-19-crisis.html]
[www.sasken.com/business-continuity-success-stories/stayed-motivated-and-determined-during-covid-19-crisis3d9f.html]
[www.sasken.com/business-continuity-success-stories/successfully-enabled-odc-workspace-engineers-homes-customer-projects.html]
[www.sasken.com/business-continuity-success-stories/successfully-enabled-odc-workspace-engineers-homes-customer-projects3d9f.html]
[www.sasken.com/business-continuity-success-stories/delivered-bi-weekly-milestones-american-and-european-customers.html]
[www.sasken.com/business-continuity-success-stories/delivered-bi-weekly-milestones-american-and-european-customers3d9f.html]
[www.sasken.com/hubfs/Sasken_global/arrow.png]
[www.sasken.com/hubfs/hub_generated/template_assets/1/69616586248/1743227824324/template_Sasken_Insights_White_Papers.min.css]
[www.sasken.com/insights/case-study/enhancing-user-experience-with-human-factors-expertise3d9f.html]
[www.sasken.com/hubfs/Case Study/HF-CaseStudy copy.pdf]
[www.sasken.com/hubfs/Case Study/SM copy.jpg]
[www.sasken.com/insights/case-study/enhancing-user-experience-with-human-factors-expertise.html]
[js.hsforms.net/forms/embed/v2.js]
[www.sasken.com/insights/case-study/cloud-based-rail-track-monitoring-software-automation3d9f.html]
[www.sasken.com/hubfs/Case_Study/TMC-CaseStudy.pdf]
[www.sasken.com/hubfs/TMC-CaseStudy 1.jpg]
[www.sasken.com/insights/case-study/cloud-based-rail-track-monitoring-software-automation.html]
[www.sasken.com/insights/white-papers/product-as-service-paas-business-model-for-oems-sasken3d9f.html]
[www.sasken.com/hubfs/strategic_implications_for_industrial_oems_transitioning_to_product-as-a-service_business_model.pdf]
[www.sasken.com/hubfs/imagewww.jpg]
[www.sasken.com/insights/white-papers/product-as-service-paas-business-model-for-oems-sasken.html]
[www.sasken.com/insights/white-papers/beyond-the-timestamp-a-strategic-guide-to-selecting-your-time-series-databases3d9f.html]
[www.sasken.com/hubfs/Exploring Time Series Data Critical Perspectives and Challenges_Praful Khandelwal.pdf]
[www.sasken.com/hubfs/COVER.jpg]
[www.sasken.com/insights/white-papers/beyond-the-timestamp-a-strategic-guide-to-selecting-your-time-series-databases.html]
[www.sasken.com/insights/white-papers/migrate-with-confidence-a-phased-approach-to-cloud-success3d9f.html]
[www.sasken.com/hubfs/cloud_migration__a_phased_approach_to_mitigate_the_risks.pdf]
[www.sasken.com/hubfs/Sasken-2022/WhitePaper/images/Cloud-Migration-A-Phased-Approach-to-Mitigate-the-Risks.jpg]
[www.sasken.com/insights/white-papers/migrate-with-confidence-a-phased-approach-to-cloud-success.html]
[www.sasken.com/insights/white-papers/decoding-the-rfid-landscape-exploring-ecosystem-challenges-and-use-cases3d9f.html]
[www.sasken.com/hubfs/White Papers/RFID 1.pdf]
[www.sasken.com/hubfs/RFID 1.jpg]
[www.sasken.com/insights/white-papers/decoding-the-rfid-landscape-exploring-ecosystem-challenges-and-use-cases.html]
[www.sasken.com/insights/white-papers/beyond-the-timestamp-a-strategic-guide-to-selecting-your-time-series-database.html]
[www.sasken.com/insights/white-papers/beyond-the-timestamp-a-strategic-guide-to-selecting-your-time-series-database3d9f.html]
[www.sasken.com/insights/white-papers/monolith-to-microservices3d9f.html]
[www.sasken.com/hubfs/Sasken_global/white-papers/Monolith to Microservices-  Key Insights and Challenges_16Jul24.pdf]
[www.sasken.com/hubfs/LeadFlow_Images/White Papers/Monolith to Microservices.jpg]
[www.sasken.com/insights/white-papers/monolith-to-microservices.html]
[www.sasken.com/insights/white-papers/revolutionizing-two-wheelers3d9f.html]
[www.sasken.com/hubfs/White Papers/The Future of Two Wheelers.pdf]
[www.sasken.com/hubfs/2-wheeler white paper.png]
[www.sasken.com/insights/white-papers/revolutionizing-two-wheelers.html]
[www.sasken.com/insights/white-papers/generative-ai-at-the-edge3d9f.html]
[www.sasken.com/hubfs/2401243/Generative AI - Whitepaper-V1.pdf]
[www.sasken.com/hubfs/Generative AI at the Edge .png]
[www.sasken.com/insights/white-papers/generative-ai-at-the-edge.html]
[www.sasken.com/insights/white-papers/comparative-analysis-gms-non-gms-enterprise-devices3d9f.html]
[www.sasken.com/hubfs/2401243/EDM-External/AOSP_GMS_Whitepaper_Jan24.pdf]
[www.sasken.com/hubfs/G-Whitepaper-Banner (1).jpg]
[www.sasken.com/insights/white-papers/comparative-analysis-gms-non-gms-enterprise-devices.html]
[www.sasken.com/insights/white-papers/data-integration-platform-characteristic-trait3d9f.html]
[www.sasken.com/hubfs/2401243/Sasken_global/white-papers/Data_Integration_Platform_Characteristic_Traits.pdf]
[www.sasken.com/hubfs/Sasken_global/white-papers/Data_Integration.jpg]
[www.sasken.com/insights/white-papers/data-integration-platform-characteristic-trait.html]
[www.sasken.com/insights/white-papers/an-overview-of-the-open-ran-system3d9f.html]
[www.sasken.com/hubfs/2401243/Sasken_global/white-papers/an_overview_of_the _open_ran_system.pdf]
[www.sasken.com/hubfs/Open_RAN.jpg]
[www.sasken.com/insights/white-papers/an-overview-of-the-open-ran-system.html]
[www.sasken.com/insights/white-papers/radio-access-networks-evolution3d9f.html]
[www.sasken.com/hubfs/Sasken_global/white-papers/radio_access_networks_evolution.pdf]
[www.sasken.com/hubfs/Sasken_global/white-papers/adio_access_networks_evolution.jpg]
[www.sasken.com/insights/white-papers/radio-access-networks-evolution.html]
[www.sasken.com/insights/white-papers/is-manual-testing-dead3d9f.html]
[www.sasken.com/hubfs/Sasken_global/white-papers/Is-Manual-Testing-Dead.pdf]
[www.sasken.com/hubfs/Is-Manual-Testing-Dead.jpg]
[www.sasken.com/insights/white-papers/is-manual-testing-dead.html]
[www.sasken.com/insights/white-papers/at-the-crossroads-of-another-automotive-transformation3d9f.html]
[www.sasken.com/hubfs/Sasken_global/white-papers/At_the_Crossroads_of_Another_Automotive_Transformation.pdf]
[www.sasken.com/hubfs/Sasken_global/white-papers/At_the_Crossroads_of_Another_Automotive_Transformation.jpg]
[www.sasken.com/insights/white-papers/at-the-crossroads-of-another-automotive-transformation.html]
[www.sasken.com/insights/white-papers/food-cold-chain-challenges-and-opportunities-for-digitalization3d9f.html]
[www.sasken.com/hubfs/Sasken-2022/WhitePaper/Files/Food_Cold_Chain-Challenges_and_Opportunities_for_Digitalization.pdf]
[www.sasken.com/hubfs/Sasken-Global/WhitePaper/images/Food_Cold_Chain-Challenges_and_Opportunities_for_Digitalization.jpg]
[www.sasken.com/insights/white-papers/food-cold-chain-challenges-and-opportunities-for-digitalization.html]
[www.sasken.com/insights/white-papers/lte-based-satellite-networks3d9f.html]
[www.sasken.com/hubfs/Sasken-2022/WhitePaper/Files/LTE Based Satellite Networks.pdf]
[www.sasken.com/hubfs/Sasken-2022/WhitePaper/images/LTE_Based_Satellite_Networks.jpg]
[www.sasken.com/insights/white-papers/lte-based-satellite-networks.html]
[www.sasken.com/insights/white-papers/cloud-migration-a-phased-approach-to-mitigate-the-risks.html]
[www.sasken.com/insights/white-papers/cloud-migration-a-phased-approach-to-mitigate-the-risks3d9f.html]
[www.sasken.com/insights/white-papers/wsn-infrastructure-and-testing-of-wireless-sensor-networks3d9f.html]
[www.sasken.com/hubfs/2401243/Sasken-2022/WhitePaper/Files/WSN Infrastructure and Testing of Wireless Sensor Networks.pdf]
[www.sasken.com/hubfs/Sasken-2022/WhitePaper/images/WSN Infrastructure and Testing of Wireless Sensor Networks.jpg]
[www.sasken.com/insights/white-papers/wsn-infrastructure-and-testing-of-wireless-sensor-networks.html]
[www.sasken.com/insights/white-papers/evolution-of-satellite-mobile-communications3d9f.html]
[www.sasken.com/hubfs/2401243/Sasken-2022/WhitePaper/Files/Evolution of satellite mobile communications.pdf]
[www.sasken.com/hubfs/Sasken-2022/WhitePaper/images/Evolution-of-satellite-mobile-communications.jpg]
[www.sasken.com/insights/white-papers/evolution-of-satellite-mobile-communications.html]
[www.sasken.com/insights/white-papers/to-automate-or-not-to-automate3d9f.html]
[www.sasken.com/hubfs/2401243/Sasken_Sep-2022/WhitePaper/Files/To_Automate_or_Not_to_Automate.pdf]
[www.sasken.com/hubfs/Sasken_Sep-2022/WhitePaper/images/To Automate or Not to Automate.jpg]
[www.sasken.com/insights/white-papers/to-automate-or-not-to-automate.html]
[www.sasken.com/insights/white-papers/next-phase-of-android3d9f.html]
[www.sasken.com/hubfs/2401243/Sasken_Sep-2022/WhitePaper/Files/Next Phase of Android.pdf]
[www.sasken.com/hubfs/Sasken_Sep-2022/WhitePaper/images/Next Phase of Android.jpg]
[www.sasken.com/insights/white-papers/next-phase-of-android.html]
[www.sasken.com/insights/white-papers/framework-for-comparison-of-data-visualization-tools-and-an-illustration-using-power-bi-qliksense-and-google-looker3d9f.html]
[www.sasken.com/hubfs/2401243/Sasken_Sep-2022/WhitePaper/Files/Framework for comparison of data visualization tools and an illustration using Power BI, QlikSense and Google Looker.pdf]
[www.sasken.com/hubfs/Sasken_Sep-2022/WhitePaper/images/comparison of data visualization tools and an illustration using Power BI, QlikSense and Google Looker.jpg]
[www.sasken.com/insights/white-papers/framework-for-comparison-of-data-visualization-tools-and-an-illustration-using-power-bi-qliksense-and-google-looker.html]
[www.sasken.com/insights/white-papers/low-power-wide-area-lpwa-networks-evolution3d9f.html]
[www.sasken.com/hubfs/2401243/Sasken_Sep-2022/WhitePaper/Files/Low Power Wide Area (LPWA) networks evolution-Roney Kurien 28Sept22.pdf]
[www.sasken.com/hubfs/Sasken_Sep-2022/WhitePaper/images/Low_Power_Wide_Area_(LPWA)_Networks_Evolution.jpg]
[www.sasken.com/insights/white-papers/low-power-wide-area-lpwa-networks-evolution.html]
[www.sasken.com/insights/white-papers/designing-cyber-safe-connected-vehicle-architecture-comments3d9f.html]
[www.sasken.com/hubfs/2401243/Sasken_Sep-2022/WhitePaper/Files/Designing_Cyber-Safe_Connected_Vehicle_Architecture.pdf]
[www.sasken.com/hubfs/Sasken_Sep-2022/WhitePaper/images/Designing_Cyber-Safe_Connected_Vehicle_Architecture_comments.jpg]
[www.sasken.com/insights/white-papers/designing-cyber-safe-connected-vehicle-architecture-comments.html]
[www.sasken.com/insights/white-papers/strategic-implications-industrial-oems-transitioning-product-service-business3d9f.html]
[www.sasken.com/hubfs/2401243/Sasken Feb-2022/WhitePaper_Pdf_Files/Paas_Product as a Service.pdf]
[www.sasken.com/hubfs/Imported_Blog_Media/whitepaper_python_0-May-05-2022-07-22-56-83-AM.jpg]
[www.sasken.com/insights/white-papers/strategic-implications-industrial-oems-transitioning-product-service-business.html]
[www.sasken.com/insights/white-papers/android-security-release-and-device-update3d9f.html]
[www.sasken.com/hubfs/2401243/Sasken Feb-2022/WhitePaper_Pdf_Files/Android_SMR_Whitepaper_.pdf]
[www.sasken.com/insights/white-papers/android-security-release-and-device-update.html]
[www.sasken.com/insights/white-papers/coupling-5g-and-wi-fi-6-connectivity3d9f.html]
[www.sasken.com/hubfs/2401243/Sasken Feb-2022/WhitePaper_Pdf_Files/5G_and_WiFi_6_connectivity.pdf]
[www.sasken.com/insights/white-papers/coupling-5g-and-wi-fi-6-connectivity.html]
[www.sasken.com/insights/white-papers/validating-ecockpit-systems-challenges-and-way-forward3d9f.html]
[www.sasken.com/hubfs/2401243/Sasken Feb-2022/WhitePaper_Pdf_Files/Validating_eCockpit_Systems_Challenges_and_Way_Forward.pdf]
[www.sasken.com/insights/white-papers/validating-ecockpit-systems-challenges-and-way-forward.html]
[www.sasken.com/insights/white-papers/how-blockchain-can-be-effectively-leveraged-telecommunication-industry3d9f.html]
[www.sasken.com/hubfs/2401243/Sasken Feb-2022/WhitePaper_Pdf_Files/Blockchain.pdf]
[www.sasken.com/insights/white-papers/how-blockchain-can-be-effectively-leveraged-telecommunication-industry.html]
[www.sasken.com/insights/white-papers/insights/white-papers/vehicle-data-monetization-streams-disrupting-traditional-automotive-value3d9f.html]
[www.sasken.com/hubfs/2401243/Sasken Feb-2022/WhitePaper_Pdf_Files/Data Aggregator Ecosystem.pdf]
[www.sasken.com/insights/white-papers/insights/white-papers/vehicle-data-monetization-streams-disrupting-traditional-automotive-value.html]
[www.sasken.com/insights/white-papers/leveraging-nash-equilibrium-and-generative-adversarial-networks-autonomous3d9f.html]
[www.sasken.com/hubfs/2401243/Sasken Feb-2022/WhitePaper_Pdf_Files/Leveraging Nash Equilibrium and Generative Adversarial Networks for Autonomous Driving.pdf]
[www.sasken.com/insights/white-papers/leveraging-nash-equilibrium-and-generative-adversarial-networks-autonomous.html]
[www.sasken.com/insights/white-papers/multi-access-edge-computing-will-enable-new-business-opportunities-telcos3d9f.html]
[www.sasken.com/hubfs/2401243/Sasken Feb-2022/WhitePaper_Pdf_Files/Sasken_White Paper_Multi-Access Edge Computing will enable new business opportunities for Telcos.pdf]
[www.sasken.com/insights/white-papers/multi-access-edge-computing-will-enable-new-business-opportunities-telcos.html]
[www.sasken.com/insights/white-papers/future-looks-bright-android-work3d9f.html]
[www.sasken.com/hubfs/2401243/Sasken Feb-2022/WhitePaper_Pdf_Files/the_future_looks_bright_for_android_for_work.pdf]
[www.sasken.com/insights/white-papers/future-looks-bright-android-work.html]
[www.sasken.com/insights/white-papers/computer-vision-based-fire-detection-system3d9f.html]
[www.sasken.com/hubfs/2401243/Sasken Feb-2022/WhitePaper_Pdf_Files/Sasken_White Paper_Computer Vision Based Fire Detection System.pdf]
[www.sasken.com/insights/white-papers/computer-vision-based-fire-detection-system.html]
[www.sasken.com/insights/white-papers/python-test-framework-automated-testing-network-protocols3d9f.html]
[www.sasken.com/hubfs/2401243/Sasken Feb-2022/WhitePaper_Pdf_Files/Sasken_White Paper_Python Test Framework for Automated Testing of Network Protocols.pdf]
[www.sasken.com/insights/white-papers/python-test-framework-automated-testing-network-protocols.html]
[www.sasken.com/insights/white-papers/systematic-approach-and-guidelines-cyber-security-testing3d9f.html]
[www.sasken.com/hubfs/2401243/Sasken Feb-2022/WhitePaper_Pdf_Files/Sasken_White Paper_Systematic Approach and Guidelines for Cyber Security Testing_0.pdf]
[www.sasken.com/insights/white-papers/systematic-approach-and-guidelines-cyber-security-testing.html]
[www.sasken.com/insights/white-papers/anatomy-smart-tvs3d9f.html]
[www.sasken.com/hubfs/2401243/Sasken Feb-2022/WhitePaper_Pdf_Files/Sasken_White Paper_Anatomy of Smart TVs.pdf]
[www.sasken.com/insights/white-papers/anatomy-smart-tvs.html]
[www.sasken.com/insights/white-papers/android-rugged-devices-challenges-and-way-forward3d9f.html]
[www.sasken.com/hubfs/2401243/Sasken Feb-2022/WhitePaper_Pdf_Files/Sasken_White Paper_Android for Rugged Devices-The Challenges and Way Forward.pdf]
[www.sasken.com/insights/white-papers/android-rugged-devices-challenges-and-way-forward.html]
[www.sasken.com/insights/white-papers/adaptive-beamforming-towards-5g-systems3d9f.html]
[www.sasken.com/hubfs/2401243/Sasken Feb-2022/WhitePaper_Pdf_Files/Sasken_White Paper_Adaptive Beamforming towards 5G systems.pdf]
[www.sasken.com/insights/white-papers/adaptive-beamforming-towards-5g-systems.html]
[www.sasken.com/insights/white-papers/real-time-multimedia-system-analysis-breeze-linux3d9f.html]
[www.sasken.com/hubfs/2401243/Sasken Feb-2022/WhitePaper_Pdf_Files/Sasken_White Paper_Realtime Multimedia System in Linux.pdf]
[www.sasken.com/insights/white-papers/real-time-multimedia-system-analysis-breeze-linux.html]
[www.sasken.com/insights/white-papers/c-v2x-autonomous-resource-selection-explained3d9f.html]
[www.sasken.com/hubfs/2401243/Sasken Feb-2022/WhitePaper_Pdf_Files/Sasken_White Paper_C-V2X Autonomous Resource Selection Explained.pdf]
[www.sasken.com/insights/white-papers/c-v2x-autonomous-resource-selection-explained.html]
[www.sasken.com/insights/white-papers/blockchain-technology-concepts3d9f.html]
[www.sasken.com/hubfs/2401243/Sasken Feb-2022/WhitePaper_Pdf_Files/Sasken_White Paper_Blockchain Technology Concepts_Updated.pdf]
[www.sasken.com/insights/white-papers/blockchain-technology-concepts.html]
[www.sasken.com/insights/white-papers/insights/white-papers/ran-virtualization-impact-operator-economics-ecosystem-and-value-chain3d9f.html]
[www.sasken.com/hubfs/2401243/Sasken Feb-2022/WhitePaper_Pdf_Files/Sasken_White Paper_RAN Virtualization - Impact on Operator Economics, Ecosystem and Value Chain_0.pdf]
[www.sasken.com/insights/white-papers/insights/white-papers/ran-virtualization-impact-operator-economics-ecosystem-and-value-chain.html]
[www.sasken.com/insights/white-papers/how-can-v2x-technology-increase-safety-and-security-autonomous-car3d9f.html]
[www.sasken.com/hubfs/2401243/Sasken Feb-2022/WhitePaper_Pdf_Files/Sasken_White Paper_How can V2X technology increase safety and security for the autonomous car.pdf]
[www.sasken.com/insights/white-papers/how-can-v2x-technology-increase-safety-and-security-autonomous-car.html]
[www.sasken.com/insights/white-papers/automotive-security3d9f.html]
[www.sasken.com/hubfs/2401243/Sasken Feb-2022/WhitePaper_Pdf_Files/Sasken_White Paper_Automotive-Security.pdf]
[www.sasken.com/insights/white-papers/automotive-security.html]
[www.sasken.com/insights/white-papers/edge-processing-paradigm-instantaneous-value-realization3d9f.html]
[www.sasken.com/hubfs/2401243/Sasken Feb-2022/WhitePaper_Pdf_Files/Sasken_White Paper_Edge Processing-A Paradigm for Instantaneous Value Realization.pdf]
[www.sasken.com/insights/white-papers/edge-processing-paradigm-instantaneous-value-realization.html]
[www.sasken.com/insights/white-papers/insights/white-papers/private-lte5g-networks-catalyst-industry-403d9f.html]
[www.sasken.com/hubfs/2401243/Sasken Feb-2022/WhitePaper_Pdf_Files/Sasken_White Paper_Private LTE5G Networks A Catalyst for Industry 4.0.pdf]
[www.sasken.com/insights/white-papers/insights/white-papers/private-lte5g-networks-catalyst-industry-40.html]
[www.sasken.com/insights/white-papers/enabling-adoption-latest-android-versions-using-project-treble-sasken3d9f.html]
[www.sasken.com/hubfs/2401243/Sasken Feb-2022/WhitePaper_Pdf_Files/Sasken_White Paper_Enabling Adoption of Latest Android Versions Using Project Treble - A Sasken Experience_0.pdf]
[www.sasken.com/insights/white-papers/enabling-adoption-latest-android-versions-using-project-treble-sasken.html]
[www.sasken.com/insights/white-papers/connected-cars-architecture-challenges-and-way-forward-03d9f.html]
[www.sasken.com/hubfs/2401243/Sasken Feb-2022/WhitePaper_Pdf_Files/Sasken_White Paper_Connected Car Architecture, Challenges and Way Forward.pdf]
[www.sasken.com/insights/white-papers/connected-cars-architecture-challenges-and-way-forward-0.html]
[www.sasken.com/insights/white-papers/cultural-arena-projects.html]
[www.sasken.com/insights/white-papers/cultural-arena-projects3d9f.html]
[www.sasken.com/insights/white-papers/project-management-lessons-outsourced-product-development-0.html]
[www.sasken.com/insights/white-papers/project-management-lessons-outsourced-product-development-03d9f.html]
[www.sasken.com/insights/white-papers/dynamic-parts-authentication-cure-counterfeiting-pandemic-automotive-industry3d9f.html]
[www.sasken.com/hubfs/2401243/Sasken Feb-2022/WhitePaper_Pdf_Files/DPA_whitepaper_confidex_sasken.pdf]
[www.sasken.com/insights/white-papers/dynamic-parts-authentication-cure-counterfeiting-pandemic-automotive-industry.html]
[www.sasken.com/hubfs/hub_generated/module_assets/1/69789499244/1743342431132/module_Sasken_Buzz_Recent_Post_module.min.css]
[www.sasken.com/hubfs/hub_generated/template_assets/1/69709355848/1743227824906/template_Sasken_Insights_Buzz_styles.min.css]
[www.sasken.com/insights/buzz/sasken-enable-home-gateway-solution-australias-leading-iot-company.html]
[www.sasken.com/insights/buzz/sasken-enable-home-gateway-solution-australias-leading-iot-company3d9f.html]
[www.sasken.com/insights/buzz/enabling-android-security-management-releases-american-multinational-conglomerate.html]
[www.sasken.com/insights/buzz/enabling-android-security-management-releases-american-multinational-conglomerate3d9f.html]
[www.sasken.com/insights/buzz/sasken-wins-exciting-electric-vehicle-project-with-a-leading-2-wheeler-ev-oem.html]
[www.sasken.com/insights/buzz/sasken-wins-exciting-electric-vehicle-project-with-a-leading-2-wheeler-ev-oem3d9f.html]
[www.sasken.com/insights/buzz/sasken-wins-5g-based-telematics-platform-project-from-tier-1-auto-vendors.html]
[www.sasken.com/insights/buzz/sasken-wins-5g-based-telematics-platform-project-from-tier-1-auto-vendors3d9f.html]
[www.sasken.com/insights/buzz/sasken-powers-android-upgrade-project-for-a-japanese-ultra-rugged-device-manufacturer.html]
[www.sasken.com/insights/buzz/sasken-powers-android-upgrade-project-for-a-japanese-ultra-rugged-device-manufacturer3d9f.html]
[www.sasken.com/insights/buzz/sasken-was-entrusted-with-the-new-product-introduction-by-a-japanese-oem.html]
[www.sasken.com/insights/buzz/sasken-was-entrusted-with-the-new-product-introduction-by-a-japanese-oem3d9f.html]
[www.sasken.com/insights/buzz/sasken-wins-new-android-project-with-the-pioneer-in-opensource-software-platforms.html]
[www.sasken.com/insights/buzz/sasken-wins-new-android-project-with-the-pioneer-in-opensource-software-platforms3d9f.html]
[www.sasken.com/insights/buzz/sasken-extends-collaboration-with-a-japanese-oem-for-android-security-management.html]
[www.sasken.com/insights/buzz/sasken-extends-collaboration-with-a-japanese-oem-for-android-security-management3d9f.html]
[www.sasken.com/insights/buzz/sasken-receives-beautiful-bengalurus-green-award-for-sustainability-initiatives.html]
[www.sasken.com/insights/buzz/sasken-receives-beautiful-bengalurus-green-award-for-sustainability-initiatives3d9f.html]
[www.sasken.com/insights/buzz/sasken-wins-new-digital-project-with-the-pioneers-in-affordable-internet-access.html]
[www.sasken.com/insights/buzz/sasken-wins-new-digital-project-with-the-pioneers-in-affordable-internet-access3d9f.html]
[www.sasken.com/insights/buzz/sasken-receives-infhra-award-ecologically-sustainable-initiatives.html]
[www.sasken.com/insights/buzz/sasken-receives-infhra-award-ecologically-sustainable-initiatives3d9f.html]
[www.sasken.com/insights/buzz/sasken-secures-automotive-project-for-north-american-auto-oem.html]
[www.sasken.com/insights/buzz/sasken-secures-automotive-project-for-north-american-auto-oem3d9f.html]
[www.sasken.com/insights/buzz/developed-highly-available-digital-key-management-solution-german-customer.html]
[www.sasken.com/insights/buzz/developed-highly-available-digital-key-management-solution-german-customer3d9f.html]
[www.sasken.com/insights/buzz/optimized-prototype-development-next-gen-infotainment-systems-german-customer.html]
[www.sasken.com/insights/buzz/optimized-prototype-development-next-gen-infotainment-systems-german-customer3d9f.html]
[www.sasken.com/insights/buzz/sasken-wins-crucial-digital-key-management-project-with-a-leading-transportation-solutions-provider.html]
[www.sasken.com/insights/buzz/sasken-wins-crucial-digital-key-management-project-with-a-leading-transportation-solutions-provider3d9f.html]
[www.sasken.com/insights/buzz/provided-end-end-android-upgrade-roadmap-japanese-customer.html]
[www.sasken.com/insights/buzz/provided-end-end-android-upgrade-roadmap-japanese-customer3d9f.html]
[www.sasken.com/insights/buzz/delivered-smart-industrial-scanner-proof-concept-american-conglomerate.html]
[www.sasken.com/insights/buzz/delivered-smart-industrial-scanner-proof-concept-american-conglomerate3d9f.html]
[www.sasken.com/insights/buzz/accelerated-commercialization-autonomous-driving-solution-japanese-customer.html]
[www.sasken.com/insights/buzz/accelerated-commercialization-autonomous-driving-solution-japanese-customer3d9f.html]
[www.sasken.com/insights/buzz/accelerated-research-development-goals-image-scanner-japanese-customer.html]
[www.sasken.com/insights/buzz/accelerated-research-development-goals-image-scanner-japanese-customer3d9f.html]
[www.sasken.com/insights/buzz/enabled-intuitive-digital-insights-german-customer.html]
[www.sasken.com/insights/buzz/enabled-intuitive-digital-insights-german-customer3d9f.html]
[www.sasken.com/insights/buzz/provided-firmware-enhancements-american-conglomerates-onsite-security-products.html]
[www.sasken.com/insights/buzz/provided-firmware-enhancements-american-conglomerates-onsite-security-products3d9f.html]
[www.sasken.com/insights/buzz/end-end-management-android-upgrades-japanese-enterprise-device-manufacturer.html]
[www.sasken.com/insights/buzz/end-end-management-android-upgrades-japanese-enterprise-device-manufacturer3d9f.html]
[www.sasken.com/insights/buzz/providing-competent-hardware-verification-support-american-multinational-technology.html]
[www.sasken.com/insights/buzz/providing-competent-hardware-verification-support-american-multinational-technology3d9f.html]
[www.sasken.com/insights/buzz/providing-critical-ux-research-and-design-expertise-french-heavy-equipment.html]
[www.sasken.com/insights/buzz/providing-critical-ux-research-and-design-expertise-french-heavy-equipment3d9f.html]
[www.sasken.com/insights/buzz/developed-efficient-android-test-scripts-and-test-frameworks-japanese-customer.html]
[www.sasken.com/insights/buzz/developed-efficient-android-test-scripts-and-test-frameworks-japanese-customer3d9f.html]
[www.sasken.com/insights/buzz/designed-diverse-range-connected-and-smart-handheld-industrial-devices-american.html]
[www.sasken.com/insights/buzz/designed-diverse-range-connected-and-smart-handheld-industrial-devices-american3d9f.html]
[www.sasken.com/insights/buzz/ensured-traceability-across-cold-supply-chain-enhanced-digital-capabilities.html]
[www.sasken.com/insights/buzz/ensured-traceability-across-cold-supply-chain-enhanced-digital-capabilities3d9f.html]
[www.sasken.com/insights/buzz/enabling-end-end-seamless-upgrades-android-devices-japanese-customer.html]
[www.sasken.com/insights/buzz/enabling-end-end-seamless-upgrades-android-devices-japanese-customer3d9f.html]
[www.sasken.com/insights/buzz/delivering-seamless-android-upgrades-japanese-enterprise-device-manufacturer.html]
[www.sasken.com/insights/buzz/delivering-seamless-android-upgrades-japanese-enterprise-device-manufacturer3d9f.html]
[www.sasken.com/insights/buzz/leveraged-digital-expertise-automating-and-refining-swiss-multinationals-lab.html]
[www.sasken.com/insights/buzz/leveraged-digital-expertise-automating-and-refining-swiss-multinationals-lab3d9f.html]
[www.sasken.com/insights/buzz/novel-approach-estimating-channel-statistics-improve-receiver-performance.html]
[www.sasken.com/insights/buzz/novel-approach-estimating-channel-statistics-improve-receiver-performance3d9f.html]
[www.sasken.com/insights/buzz/sasken-delivers-mvp-data-lake-solution-europes-largest-mvno.html]
[www.sasken.com/insights/buzz/sasken-delivers-mvp-data-lake-solution-europes-largest-mvno3d9f.html]
[www.sasken.com/insights/buzz/sasken-wins-golden-peacock-award-international-conference-corporate-social.html]
[www.sasken.com/insights/buzz/sasken-wins-golden-peacock-award-international-conference-corporate-social3d9f.html]
[www.sasken.com/insights/buzz/sasken-ensures-iiot-platform-big-data-validation-swiss-swedish-fortune-500-company.html]
[www.sasken.com/insights/buzz/sasken-ensures-iiot-platform-big-data-validation-swiss-swedish-fortune-500-company3d9f.html]
[www.sasken.com/insights/buzz/providing-efficient-android-upgrade-roadmap-asian-electronics-manufacturer.html]
[www.sasken.com/insights/buzz/providing-efficient-android-upgrade-roadmap-asian-electronics-manufacturer3d9f.html]
[www.sasken.com/insights/buzz/delivering-wireless-protocol-validation-test-equipment-products.html]
[www.sasken.com/insights/buzz/delivering-wireless-protocol-validation-test-equipment-products3d9f.html]
[www.sasken.com/insights/buzz/enabling-digital-transformation-railway-track-maintenance-and-laying-machines.html]
[www.sasken.com/insights/buzz/enabling-digital-transformation-railway-track-maintenance-and-laying-machines3d9f.html]
[www.sasken.com/insights/buzz/accelerating-product-development-roadmap-our-customers.html]
[www.sasken.com/insights/buzz/accelerating-product-development-roadmap-our-customers3d9f.html]
[www.sasken.com/insights/buzz/adding-digital-transformation-public-transportation-space.html]
[www.sasken.com/insights/buzz/adding-digital-transformation-public-transportation-space3d9f.html]
[www.sasken.com/insights/buzz/scaling-new-heights-advanced-driver-assistance-technologies.html]
[www.sasken.com/insights/buzz/scaling-new-heights-advanced-driver-assistance-technologies3d9f.html]
[www.sasken.com/insights/buzz/sasken-leading-way-connected-valve-solutions.html]
[www.sasken.com/insights/buzz/sasken-leading-way-connected-valve-solutions3d9f.html]
[www.sasken.com/insights/buzz/sasken-scores-patent-computer-vision-technology.html]
[www.sasken.com/insights/buzz/sasken-scores-patent-computer-vision-technology3d9f.html]
[www.sasken.com/insights/buzz/sasken-bags-patent-method-encoding-and-decoding-data-0.html]
[www.sasken.com/insights/buzz/sasken-bags-patent-method-encoding-and-decoding-data-03d9f.html]
[www.sasken.com/insights/buzz/accelerating-development-next-gen-machine-tools.html]
[www.sasken.com/insights/buzz/accelerating-development-next-gen-machine-tools3d9f.html]
[www.sasken.com/insights/buzz/sasken-takes-android-based-inflight-infotainment-system.html]
[www.sasken.com/insights/buzz/sasken-takes-android-based-inflight-infotainment-system3d9f.html]
[www.sasken.com/insights/buzz/enabling-safer-commute-advanced-autonomous-driving-solutions.html]
[www.sasken.com/insights/buzz/enabling-safer-commute-advanced-autonomous-driving-solutions3d9f.html]
[www.sasken.com/insights/buzz/sasken-continues-soar-automotive-electronics.html]
[www.sasken.com/insights/buzz/sasken-continues-soar-automotive-electronics3d9f.html]
[www.sasken.com/insights/buzz/think-android-think-sasken.html]
[www.sasken.com/insights/buzz/think-android-think-sasken3d9f.html]
[www.sasken.com/insights/buzz/creating-next-gen-iot-enabled-aftermarket-auto-products.html]
[www.sasken.com/insights/buzz/creating-next-gen-iot-enabled-aftermarket-auto-products3d9f.html]
[www.sasken.com/insights/buzz/sasken-files-patent-multiple-1-d-barcode-localization.html]
[www.sasken.com/insights/buzz/sasken-files-patent-multiple-1-d-barcode-localization3d9f.html]
[www.sasken.com/insights/buzz/sasken-delivers-firmware-modem-chipset-powers-premium-smart-watch.html]
[www.sasken.com/insights/buzz/sasken-delivers-firmware-modem-chipset-powers-premium-smart-watch3d9f.html]
[www.sasken.com/insights/buzz/sasken-manages-all-2g3g-modem-firmware-worlds-largest-chip-manufacturer.html]
[www.sasken.com/insights/buzz/sasken-manages-all-2g3g-modem-firmware-worlds-largest-chip-manufacturer3d9f.html]
[www.sasken.com/insights/buzz/sasken-develops-smart-phone-application-allowing-interaction-satellite-terminal.html]
[www.sasken.com/insights/buzz/sasken-develops-smart-phone-application-allowing-interaction-satellite-terminal3d9f.html]
[www.sasken.com/insights/buzz/asian-ce-conglomerate-reposes-confidence-saskens-android-prowess.html]
[www.sasken.com/insights/buzz/asian-ce-conglomerate-reposes-confidence-saskens-android-prowess3d9f.html]
[www.sasken.com/insights/buzz/sasken-powers-security-management-enterprise-grade-devices.html]
[www.sasken.com/insights/buzz/sasken-powers-security-management-enterprise-grade-devices3d9f.html]
[www.sasken.com/insights/buzz/developing-android-based-display-audio-system-japanese-tier-1.html]
[www.sasken.com/insights/buzz/developing-android-based-display-audio-system-japanese-tier-13d9f.html]
[www.sasken.com/insights/buzz/sasken-develop-iot-coe-and-industry-40-features-european-customer.html]
[www.sasken.com/insights/buzz/sasken-develop-iot-coe-and-industry-40-features-european-customer3d9f.html]
[www.sasken.com/insights/buzz/enhancing-robustness-handheld-and-mobile-imaging-products.html]
[www.sasken.com/insights/buzz/enhancing-robustness-handheld-and-mobile-imaging-products3d9f.html]
[www.sasken.com/insights/buzz/rtk-positioning-and-gnss-japanese-auto-oem.html]
[www.sasken.com/insights/buzz/rtk-positioning-and-gnss-japanese-auto-oem3d9f.html]
[www.sasken.com/insights/buzz/sasken-files-patent-blockchain-based-authentication-and-security-solution-iot.html]
[www.sasken.com/insights/buzz/sasken-files-patent-blockchain-based-authentication-and-security-solution-iot3d9f.html]
[www.sasken.com/insights/buzz/reducing-product-development-cycle-time-asian-ce-conglomerate.html]
[www.sasken.com/insights/buzz/reducing-product-development-cycle-time-asian-ce-conglomerate3d9f.html]
[www.sasken.com/insights/buzz/leading-way-automotive-electronics.html]
[www.sasken.com/insights/buzz/leading-way-automotive-electronics3d9f.html]
[www.sasken.com/insights/buzz/sasken-rings-new-win-chip-cognition-space.html]
[www.sasken.com/insights/buzz/sasken-rings-new-win-chip-cognition-space3d9f.html]
[www.sasken.com/insights/buzz/providing-smart-mobility-solutions-automotive-industry.html]
[www.sasken.com/insights/buzz/providing-smart-mobility-solutions-automotive-industry3d9f.html]
[www.sasken.com/insights/buzz/enabling-superior-customer-experience-mobile-and-web-based-touch-points.html]
[www.sasken.com/insights/buzz/enabling-superior-customer-experience-mobile-and-web-based-touch-points3d9f.html]
[www.sasken.com/insights/buzz/making-safe-driving-possible-machine-learning-and-computer-vision.html]
[www.sasken.com/insights/buzz/making-safe-driving-possible-machine-learning-and-computer-vision3d9f.html]
[www.sasken.com/insights/buzz/saskens-expertise-imaging-powers-new-machine-vision-products-customer.html]
[www.sasken.com/insights/buzz/saskens-expertise-imaging-powers-new-machine-vision-products-customer3d9f.html]
[www.sasken.com/insights/buzz/first-voice-call-achieved-customers-ip-based-access-network.html]
[www.sasken.com/insights/buzz/first-voice-call-achieved-customers-ip-based-access-network3d9f.html]
[www.sasken.com/insights/buzz/driving-results-customers-digital-enablement.html]
[www.sasken.com/insights/buzz/driving-results-customers-digital-enablement3d9f.html]
[www.sasken.com/insights/buzz/sasken-powers-voice-recognition-capabilities-global-semiconductor-company.html]
[www.sasken.com/insights/buzz/sasken-powers-voice-recognition-capabilities-global-semiconductor-company3d9f.html]
[www.sasken.com/insights/buzz/sasken-build-end-end-device-industry-40-space.html]
[www.sasken.com/insights/buzz/sasken-build-end-end-device-industry-40-space3d9f.html]
[www.sasken.com/insights/buzz/sasken-implemented-yle-areena-app-featured-apples-best-2017.html]
[www.sasken.com/insights/buzz/sasken-implemented-yle-areena-app-featured-apples-best-20173d9f.html]
[www.sasken.com/insights/buzz/sasken-scores-perfect-55-c-sat-fortune-500-company.html]
[www.sasken.com/insights/buzz/sasken-scores-perfect-55-c-sat-fortune-500-company3d9f.html]
[www.sasken.com/insights/buzz/sasken-led-innovation-workshop-benefits-asian-ce-conglomerate.html]
[www.sasken.com/insights/buzz/sasken-led-innovation-workshop-benefits-asian-ce-conglomerate3d9f.html]
[www.sasken.com/insights/buzz/providing-engineering-services-customers-latest-iot-platform.html]
[www.sasken.com/insights/buzz/providing-engineering-services-customers-latest-iot-platform3d9f.html]
[www.sasken.com/insights/buzz/visualizing-and-presenting-machine-data-hybrid-app.html]
[www.sasken.com/insights/buzz/visualizing-and-presenting-machine-data-hybrid-app3d9f.html]
[www.sasken.com/insights/buzz/sasken-wins-prestigious-infhra-award-ecological-sustainable-initiatives.html]
[www.sasken.com/insights/buzz/sasken-wins-prestigious-infhra-award-ecological-sustainable-initiatives3d9f.html]
[www.sasken.com/insights/buzz/artificial-intelligence-and-deep-learning-based-solutions-automotive.html]
[www.sasken.com/insights/buzz/artificial-intelligence-and-deep-learning-based-solutions-automotive3d9f.html]
[www.sasken.com/insights/buzz/perfect-10-sasken-german-japanese-auto-oem.html]
[www.sasken.com/insights/buzz/perfect-10-sasken-german-japanese-auto-oem3d9f.html]
[www.sasken.com/insights/buzz/sasken-achieves-iso-14001-certification.html]
[www.sasken.com/insights/buzz/sasken-achieves-iso-14001-certification3d9f.html]
[www.sasken.com/insights/buzz/sasken-provide-item-level-intelligence-services-and-real-time-data-analytics-solutions.html]
[www.sasken.com/insights/buzz/sasken-provide-item-level-intelligence-services-and-real-time-data-analytics-solutions3d9f.html]
[www.sasken.com/insights/buzz/sasken-embarks-smart-speaker-project-worlds-largest-chip-manufacturer.html]
[www.sasken.com/insights/buzz/sasken-embarks-smart-speaker-project-worlds-largest-chip-manufacturer3d9f.html]
[www.sasken.com/insights/buzz/best-prefer-sasken.html]
[www.sasken.com/insights/buzz/best-prefer-sasken3d9f.html]
[www.sasken.com/insights/buzz/leading-japanese-oem-ranks-sasken-55.html]
[www.sasken.com/insights/buzz/leading-japanese-oem-ranks-sasken-553d9f.html]
[www.sasken.com/insights/buzz/upping-ante-leading-na-oem-android-l-upgrade.html]
[www.sasken.com/insights/buzz/upping-ante-leading-na-oem-android-l-upgrade3d9f.html]
[www.sasken.com/insights/buzz/tier-1-network-equipment-manufacturer-chose-sasken-network-automation-testing-project.html]
[www.sasken.com/insights/buzz/tier-1-network-equipment-manufacturer-chose-sasken-network-automation-testing-project3d9f.html]
[www.sasken.com/insights/buzz/bettering-vehicle-security-connected-cars.html]
[www.sasken.com/insights/buzz/bettering-vehicle-security-connected-cars3d9f.html]
[www.sasken.com/insights/buzz/japans-largest-smartphone-oem-has-chosen-sasken-help-deliver-their-newest-leading.html]
[www.sasken.com/insights/buzz/japans-largest-smartphone-oem-has-chosen-sasken-help-deliver-their-newest-leading3d9f.html]
[www.sasken.com/insights/buzz/sasken-enables-leader-rfid-deliver-smart-logistics-solutions-retail-market.html]
[www.sasken.com/insights/buzz/sasken-enables-leader-rfid-deliver-smart-logistics-solutions-retail-market3d9f.html]
[www.sasken.com/insights/buzz/sasken-delivers-nfc-solution-pioneer-industrial-mobility-solutions.html]
[www.sasken.com/insights/buzz/sasken-delivers-nfc-solution-pioneer-industrial-mobility-solutions3d9f.html]
[www.sasken.com/insights/buzz/saskens-newest-patent-will-help-deliver-low-cost-and-efficient-business-solutions.html]
[www.sasken.com/insights/buzz/saskens-newest-patent-will-help-deliver-low-cost-and-efficient-business-solutions3d9f.html]
[www.sasken.com/insights/buzz/sasken-develops-mobile-application-indian-internet-portal-major-over-95-million.html]
[www.sasken.com/insights/buzz/sasken-develops-mobile-application-indian-internet-portal-major-over-95-million3d9f.html]
[www.sasken.com/insights/buzz/sasken-delivers-isatphone-2-inmarsat-industry-leader-and-pioneer-mobile-satellite.html]
[www.sasken.com/insights/buzz/sasken-delivers-isatphone-2-inmarsat-industry-leader-and-pioneer-mobile-satellite3d9f.html]
[www.sasken.com/insights/buzz/saskens-makes-headway-medical-devices-field-leading-north-american-blood-glucose.html]
[www.sasken.com/insights/buzz/saskens-makes-headway-medical-devices-field-leading-north-american-blood-glucose3d9f.html]
[www.sasken.com/insights/buzz/sasken-test-customers-os-based-handsets-using-its-proprietary-test-automation-tool.html]
[www.sasken.com/insights/buzz/sasken-test-customers-os-based-handsets-using-its-proprietary-test-automation-tool3d9f.html]
[www.sasken.com/insights/buzz/sasken-receives-global-iso-90012008-certification.html]
[www.sasken.com/insights/buzz/sasken-receives-global-iso-90012008-certification3d9f.html]
[www.sasken.com/insights/buzz/sasken-bags-patent-automatic-gain-control-speech-signals.html]
[www.sasken.com/hubfs/hub_generated/module_assets/1/69168735270/1743342421418/module_Sasken_Our_Story_Banner_Module.min.css]
[www.sasken.com/hubfs/hub_generated/module_assets/1/69168129135/1743342420285/module_Sasken_Two_Col_Text_Box.min.css]
[www.sasken.com/hubfs/hub_generated/module_assets/1/70379053919/1743342442304/module_Sustainability_Advanced_Banner_Slider.min.css]
[www.sasken.com/hubfs/hub_generated/module_assets/1/70499863593/1743342447491/module_Audio_Header_Text_Module.min.css]
[www.sasken.com/hubfs/hub_generated/module_assets/1/70496730747/1743342446420/module_Investor_Relations.min.css]
[www.sasken.com/hubfs/hub_generated/module_assets/1/70500345724/1743342448543/module_Investor_Contact.min.css]
[www.sasken.com/hubfs/Sasken_Slider_Files/slick-1.css]
[www.sasken.com/insights/buzz/sasken-bags-patent-automatic-gain-control-speech-signals3d9f.html]
[www.sasken.com/hubfs/Sasken_Slider_Files/ajax-loader.gif]
[www.sasken.com/hubfs/Sasken_Slider_Files/fonts/slick.eot]
[www.sasken.com/hubfs/Sasken_Slider_Files/fonts/slickd41d.eot]
[www.sasken.com/hubfs/Sasken_Slider_Files/fonts/slick.woff]
[www.sasken.com/hubfs/Sasken_Slider_Files/fonts/slick.ttf]
[www.sasken.com/hubfs/Sasken_Slider_Files/fonts/slick.svg]
[www.sasken.com/hubfs/Sasken_Slider_Files/slick-theme.css]
[www.sasken.com/hubfs/hub_generated/module_assets/1/70980246694/1743342457138/module_Sasken_Back_To_Page_Button.min.css]
[www.sasken.com/hubfs/hub_generated/module_assets/1/70981795181/1743342458208/module_Sasken_Directors_Accordion_Module.min.css]
[www.sasken.com/hubfs/Investors_2.jpg]
[www.sasken.com/hubfs/Sasken_global/June_24_Updates/SEBI - Master Circular - May 7, 2024.pdf]
[www.sasken.com/hubfs/Sasken_global/investors/SEBI circular - Extension of time for updating KYC.pdf]
[www.sasken.com/hubfs/Sasken_global/investors/SEBI Circular on Online Dispute Resolution.pdf]
[www.sasken.com/hubfs/investor/Model_tripartite_agreement.pdf]
[www.sasken.com/hubfs/Sasken_global/investors/Form_ISR_1.pdf]
[www.sasken.com/hubfs/Sasken Feb-2022/pdf-files/Form_ISR-2.pdf]
[www.sasken.com/hubfs/Sasken Feb-2022/pdf-files/Form_ISR-3.pdf]
[www.sasken.com/hubfs/Sasken Feb-2022/pdf-files/Form ISR-4-Request_for_issue_of_Duplicate_Certificate.pdf]
[www.sasken.com/hubfs/Sasken Feb-2022/pdf-files/Form_SH-13.pdf]
[www.sasken.com/hubfs/Sasken Feb-2022/pdf-files/Form_SH-14.pdf]
[www.sasken.com/investors/frequently-asked-questions.html]
[www.sasken.com/hubfs/hub_generated/module_assets/1/70981795181/1743342458208/module_Sasken_Directors_Accordion_Module.min.js]
[www.sasken.com/hubfs/hub_generated/module_assets/1/71065852519/1743342460908/module_Sasken_File_Download_Advanced_Module_Module.min.css]
[www.sasken.com/hubfs/Presentation-1.pdf]
[www.sasken.com/hubfs/Sasken_global/investors/FINANCIAL YEAR 2025-2026 Q3/2. Press Release.pdf]
[www.sasken.com/hubfs/Sasken_global/investors/FINANCIAL YEAR 2025-2026 Q3/4. Financial Results – Consolidated.pdf]
[www.sasken.com/hubfs/Sasken_global/investors/FINANCIAL YEAR 2025-2026 Q3/3. Financial Results – Standalone.pdf]
[www.sasken.com/hubfs/Sasken_global/investors/FINANCIAL YEAR 2025-2026 Q3/5. Audited Financial Results for the quarter ended 31st December 2025 sent to Stock Exchanges.pdf]
[www.sasken.com/hubfs/Sasken_global/investors/FINANCIAL YEAR 2025-2026 Q3/6. Charipersons Remarks.pdf]
[www.sasken.com/hubfs/Sasken_global/investors/FINANCIAL YEAR 2025-2026 Q2/Sasken - Q2FY26 InvestorPresentation.pdf]
[www.sasken.com/hubfs/Sasken_global/investors/FINANCIAL YEAR 2025-2026 Q2/Press Release.pdf]
[www.sasken.com/hubfs/Sasken_global/investors/FINANCIAL YEAR 2025-2026 Q2/Financial Results - consolidated Q2 FY26.pdf]
[www.sasken.com/hubfs/Sasken_global/investors/FINANCIAL YEAR 2025-2026 Q2/Financial Results - standalone Q2 FY26-1.pdf]
[www.sasken.com/hubfs/Sasken_global/investors/FINANCIAL YEAR 2025-2026 Q2/Audited Financial Results for the quarter ended 30th September 2025 sent to Stock Exchanges.pdf]
[www.sasken.com/hubfs/Sasken_global/investors/FINANCIAL YEAR 2025-2026 Q2/Chairperson’s Remarks.pdf]
[www.sasken.com/hubfs/Sasken_global/investors/14_Aug_25/1. Presentation.pdf]
[www.sasken.com/hubfs/Sasken_global/investors/14_Aug_25/2. Press release.pdf]
[www.sasken.com/hubfs/Sasken_global/investors/14_Aug_25/3. Financial Results – Consolidated.pdf]
[www.sasken.com/hubfs/Sasken_global/investors/14_Aug_25/4. Financial Results – Standalone.pdf]
[www.sasken.com/hubfs/Sasken_global/investors/14_Aug_25/5. Audited Financial Results for the quarter ended 30th June 2025 sent to Stock Exchanges.pdf]
[www.sasken.com/hubfs/Sasken_global/investors/14_Aug_25/6. Chairpersons remark.pdf]
[www.sasken.com/hubfs/Sasken_global/investors/FINANCIAL YEAR 2024-2025_Q4/1. Presentation.pdf]
[www.sasken.com/hubfs/Sasken_global/investors/FINANCIAL YEAR 2024-2025_Q4/2. Press Release.pdf]
[www.sasken.com/hubfs/Sasken_global/investors/FINANCIAL YEAR 2024-2025_Q4/3. Financial Results - Consolidated.pdf]
[www.sasken.com/hubfs/Sasken_global/investors/FINANCIAL YEAR 2024-2025_Q4/4. Financial Results - Standalone.pdf]
[www.sasken.com/hubfs/Sasken_global/investors/FINANCIAL YEAR 2024-2025_Q4/5. Audited Financial Results for the quarter and year ended 31st March 2025 sent to Stock Exchanges.pdf]
[www.sasken.com/hubfs/Sasken_global/investors/FINANCIAL YEAR 2024-2025_Q4/6. Chairpersons Remarks.pdf]
[www.sasken.com/hubfs/Sasken_global/investors/1. Presentation.pdf]
[www.sasken.com/hubfs/Sasken_global/investors/2. Press Release.pdf]
[www.sasken.com/hubfs/Sasken_global/investors/3. Financial Results - Consolidated.pdf]
[www.sasken.com/hubfs/Sasken_global/investors/4. Financial Results - Standalone.pdf]
[www.sasken.com/hubfs/Sasken_global/investors/5. Audited Financial Results for the period ended 31st December 2024 sent to Stock Exchanges.pdf]
[www.sasken.com/hubfs/Sasken_global/investors/6. Chairpersons Remarks.pdf]
[www.sasken.com/hubfs/Sasken_global/investors/FINANCIAL YEAR 2024-2025_Q2/1. Presentation Q2 FY25.pdf]
[www.sasken.com/hubfs/Sasken_global/investors/FINANCIAL YEAR 2024-2025_Q2/2. Press Release Q2 FY25.pdf]
[www.sasken.com/hubfs/Sasken_global/investors/FINANCIAL YEAR 2024-2025_Q2/3.Financial Results – Consolidated.pdf]
[www.sasken.com/hubfs/Sasken_global/investors/FINANCIAL YEAR 2024-2025_Q2/4. Financial Results – Standalone.pdf]
[www.sasken.com/hubfs/Sasken_global/investors/FINANCIAL YEAR 2024-2025_Q2/5. Audited Financial Results for the period ended 30th September 2024 sent to Stock Exchanges.pdf]
[www.sasken.com/hubfs/Sasken_global/investors/FINANCIAL YEAR 2024-2025_Q2/6. Chairperson’s Remarks.pdf]
[www.sasken.com/hubfs/Sasken_global/investors/FINANCIAL_YEAR_2024-2025_Q1/1. Presentation.pdf]
[www.sasken.com/hubfs/Sasken_global/investors/FINANCIAL_YEAR_2024-2025_Q1/2. Press Release.pdf]
[www.sasken.com/hubfs/Sasken_global/investors/FINANCIAL_YEAR_2024-2025_Q1/3. Financial Results - Consolidated.pdf]
[www.sasken.com/hubfs/Sasken_global/investors/FINANCIAL_YEAR_2024-2025_Q1/4. Financial Results - Standalone.pdf]
[www.sasken.com/hubfs/Sasken_global/investors/FINANCIAL_YEAR_2024-2025_Q1/5. Audited Financial Results for the quarter ended 30th June 2024 sent to Stock Exchanges.pdf]
[www.sasken.com/hubfs/Sasken_global/investors/FINANCIAL_YEAR_2024-2025_Q1/6. Chairperson’s Remarks.pdf]
[www.sasken.com/hubfs/Sasken_global/investors/Q4_2023-2024/1. Key Metrics_Q4FY24.pdf]
[www.sasken.com/hubfs/Sasken_global/investors/Q4_2023-2024/2. Presentation_Q4FY24.pdf]
[www.sasken.com/hubfs/Sasken_global/investors/Q4_2023-2024/3. Press Release_Q4FY24.pdf]
[www.sasken.com/hubfs/Sasken_global/investors/Q4_2023-2024/4. Consol Financials_Q4FY24.pdf]
[www.sasken.com/hubfs/Sasken_global/investors/Q4_2023-2024/5. Standalone Financials_Q4FY24.pdf]
[www.sasken.com/hubfs/Sasken_global/investors/Q4_2023-2024/6. Audited Financial Results for the quarter and year ended 31st March 2024.pdf]
[www.sasken.com/hubfs/Sasken_global/investors/Q4_2023-2024/7. Chairperson Remarks_Q4FY24.pdf]
[www.sasken.com/hubfs/Sasken_global/Results Q3 FY24/1. Key Metrics.pdf]
[www.sasken.com/hubfs/Sasken_global/Results Q3 FY24/2. Presentation.pdf]
[www.sasken.com/hubfs/Sasken_global/Results Q3 FY24/3. Press Release.pdf]
[www.sasken.com/hubfs/Sasken_global/Results Q3 FY24/4. Financial Results - Consolidated.pdf]
[www.sasken.com/hubfs/Sasken_global/Results Q3 FY24/5. Financial Results - Standalone.pdf]
[www.sasken.com/hubfs/Sasken_global/Results Q3 FY24/6. Audited Financial Results for the quarter ended 31st December 2023 sent to Stock Exchanges.pdf]
[www.sasken.com/hubfs/Sasken_global/Results Q3 FY24/7. Chairpersons and CEOs Remarks.pdf]
[www.sasken.com/hubfs/Sasken_global/investors/Q2 FY24/1. Key Metrics - Q2FY24.pdf]
[www.sasken.com/hubfs/Sasken_global/investors/Q2 FY24/2. Presentation - Q2FY24.pdf]
[www.sasken.com/hubfs/Sasken_global/investors/Q2 FY24/3. Press release - Q2 FY24.pdf]
[www.sasken.com/hubfs/Sasken_global/investors/Q2 FY24/4. Consolidated Financial Results - Q2FY24.pdf]
[www.sasken.com/hubfs/Sasken_global/investors/Q2 FY24/5. Standalone Financial Results - Q2FY24.pdf]
[www.sasken.com/hubfs/Sasken_global/investors/Q2 FY24/6. Audited Financial Results for the quarter and half year ended 30th September 2023.pdf]
[www.sasken.com/hubfs/Sasken_global/investors/Q2 FY24/7. Chariperson and CEO Remarks - Q2FY24.pdf]
[www.sasken.com/hubfs/Sasken_global/investors/FINANCIAL_YEAR_2023-2024_Q1/1. Key Metrics Q1 FY24.pdf]
[www.sasken.com/hubfs/Sasken_global/investors/FINANCIAL_YEAR_2023-2024_Q1/2. Presentation_Q1FY24.pdf]
[www.sasken.com/hubfs/Sasken_global/investors/FINANCIAL_YEAR_2023-2024_Q1/3. Press Release Q1 FY24.pdf]
[www.sasken.com/hubfs/Sasken_global/investors/FINANCIAL_YEAR_2023-2024_Q1/4. Consol financials Q1 FY24.pdf]
[www.sasken.com/hubfs/Sasken_global/investors/FINANCIAL_YEAR_2023-2024_Q1/5. Standalone financials Q1 FY24.pdf]
[www.sasken.com/hubfs/Sasken_global/investors/FINANCIAL_YEAR_2023-2024_Q1/6. Audited Financial Results for the quarter ended 30th June 2023.pdf]
[www.sasken.com/hubfs/Sasken_global/investors/FINANCIAL_YEAR_2023-2024_Q1/8. Chairperson and CEO Remarks Q1 FY24.pdf]
[www.sasken.com/hubfs/Sasken_global/investors/fy_2022-2023_Q4/Key_Metrics_Q4_FY23.pdf]
[www.sasken.com/hubfs/Sasken_global/investors/fy_2022-2023_Q4/Presentation_Q4_FY23.pdf]
[www.sasken.com/hubfs/Sasken_global/investors/fy_2022-2023_Q4/Press_Release_Q4_FY23.pdf]
[www.sasken.com/hubfs/Sasken_global/investors/fy_2022-2023_Q4/Financial_Results_Consolidated_Q4_FY23.pdf]
[www.sasken.com/hubfs/Sasken_global/investors/fy_2022-2023_Q4/Financial_Results_Standalone_Q4_FY23.pdf]
[www.sasken.com/hubfs/Sasken_global/investors/fy_2022-2023_Q4/Audited_Financial_Results_for_the_quarter_ended_31stMarch2023_sent_to_Stock_Exchanges.pdf]
[www.sasken.com/hubfs/Sasken_global/investors/fy_2022-2023_Q4/Chairperson_Remarks_Q4_22-23.pdf]
[www.sasken.com/hubfs/Sasken_global/Quarterly_Results/Key_Metrics.pdf]
[www.sasken.com/hubfs/Sasken_global/Quarterly_Results/Q3FY23_Presentation.pdf]
[www.sasken.com/hubfs/Sasken_global/Quarterly_Results/Press_Release.pdf]
[www.sasken.com/hubfs/Sasken_global/Quarterly_Results/Financial_Results-Consolidated.pdf]
[www.sasken.com/hubfs/Sasken_global/Quarterly_Results/Financial_Results-Standalone.pdf]
[www.sasken.com/hubfs/Sasken_global/Quarterly_Results/Audited_Financial_Results_for_the_quarter_ended_31st_Decembe_r2022_sent_to_Stock_Exchanges.pdf]
[www.sasken.com/hubfs/Sasken_global/Quarterly_Results/Chairpersons_and_CEO_Remarks.pdf]
[www.sasken.com/hubfs/Sasken_Sep-2022/Quarterly_Results/Key Metrics.pdf]
[www.sasken.com/hubfs/Sasken_Sep-2022/Quarterly_Results/Presentation.pdf]
[www.sasken.com/hubfs/Sasken_Sep-2022/Quarterly_Results/Press Release.pdf]
[www.sasken.com/hubfs/Sasken_Sep-2022/Quarterly_Results/Financial Results - Consolidated.pdf]
[www.sasken.com/hubfs/Sasken_Sep-2022/Quarterly_Results/Financial Results - Standalone.pdf]
[www.sasken.com/hubfs/Sasken_Sep-2022/Quarterly_Results/Audited Financial Results for the quarter and half year ended 30th September 2022 sent to Stock Exchanges.pdf]
[www.sasken.com/hubfs/Sasken_Sep-2022/Quarterly_Results/Chairmans and CEOs Remarks.pdf]
[www.sasken.com/hubfs/investor/quarterly-results/Metrics_master_Q1FY23_Final.pdf]
[www.sasken.com/hubfs/investor/quarterly-results/Q1FY23_Board_presentation_web.pdf]
[www.sasken.com/hubfs/investor/quarterly-results/Q1_FY_23_Media_Release.pdf]
[www.sasken.com/hubfs/investor/quarterly-results/Consolidated_Financial_results_Q1FY23_Web.pdf]
[www.sasken.com/hubfs/investor/quarterly-results/Standalone_Financial_results_Q1FY23_Web.pdf]
[www.sasken.com/hubfs/investor/quarterly-results/Audited_Financial_Results_for_the_quarter_ended_30th-June_2022_sent_to_stock_exchanges.pdf]
[www.sasken.com/hubfs/investor/quarterly-results/2022-07-12-Q1_FY22_23_Chairmans_letter_v4.pdf]
[www.sasken.com/hubfs/Sasken Feb-2022/pdf-files/Consol_Key_Metrics.pdf]
[www.sasken.com/hubfs/Sasken Feb-2022/pdf-files/Q4FY22 Board presentation 21 Apr 2022.pdf]
[www.sasken.com/hubfs/Sasken Feb-2022/pdf-files/Media Release_1.pdf]
[www.sasken.com/hubfs/Sasken Feb-2022/pdf-files/consolidated Results.pdf]
[www.sasken.com/hubfs/Sasken Feb-2022/pdf-files/Standalone Results.pdf]
[www.sasken.com/hubfs/Sasken Feb-2022/pdf-files/Ltr_to_SE_on_outcome_of_BM_21Apr22.pdf]
[www.sasken.com/investors/chairmans-remarks-22-q4.html]
[www.sasken.com/hubfs/Consol_Key_Metrics.pdf]
[www.sasken.com/hubfs/Sasken Feb-2022/pdf-files/Presentation.pdf]
[www.sasken.com/hubfs/Sasken Feb-2022/pdf-files/Media_Release.pdf]
[www.sasken.com/hubfs/Sasken Feb-2022/pdf-files/Consolidated_Financial_Results.pdf]
[www.sasken.com/hubfs/Sasken Feb-2022/pdf-files/Standalone_Financial_Results.pdf]
[www.sasken.com/hubfs/Sasken Feb-2022/pdf-files/Ltr_to_SE_Outcome_of_BM_Jan_20_2022.pdf]
[www.sasken.com/investors/chairmans-remarks-22.html]
[www.sasken.com/hubfs/Sasken Feb-2022/pdf-files/Key_Metrics_Q2_21_22.pdf]
[www.sasken.com/hubfs/Sasken Feb-2022/pdf-files/Q2FY22_Board_presentation_Web_upload.pdf]
[www.sasken.com/hubfs/Sasken Feb-2022/pdf-files/Press_release.pdf]
[www.sasken.com/hubfs/Sasken Feb-2022/pdf-files/Consol_Financials.pdf]
[www.sasken.com/hubfs/Sasken Feb-2022/pdf-files/Standalone_Financials.pdf]
[www.sasken.com/hubfs/Sasken Feb-2022/pdf-files/Ltr_sent_to_SE_Outcome_of_Board_Meeting_Oct_21_2021.pdf]
[www.sasken.com/investors/chairmans-remarks-21.html]
[www.sasken.com/hubfs/Sasken Feb-2022/pdf-files/Key_Metrics_Q1_FY22_0.pdf]
[www.sasken.com/hubfs/Sasken Feb-2022/pdf-files/Presentation_0.pdf]
[www.sasken.com/hubfs/Sasken Feb-2022/pdf-files/Q1_FY_22_Media_Release_0.pdf]
[www.sasken.com/hubfs/Sasken Feb-2022/pdf-files/Financial_Results_Consolidated_0.pdf]
[www.sasken.com/hubfs/Sasken Feb-2022/pdf-files/Financial_Results_Standalone_0.pdf]
[www.sasken.com/hubfs/Sasken Feb-2022/pdf-files/Outcome_of_Board_Meeting_21July2021_0.pdf]
[www.sasken.com/investors/chairmans-remarks-20.html]
[www.sasken.com/hubfs/Sasken Feb-2022/pdf-files/key_metrics_Q4_21.pdf]
[www.sasken.com/hubfs/Sasken Feb-2022/pdf-files/presentation_Q4_21.pdf]
[www.sasken.com/hubfs/Sasken Feb-2022/pdf-files/press_release_Q4_21.pdf]
[www.sasken.com/hubfs/Sasken Feb-2022/pdf-files/consolidated_Q4_21.pdf]
[www.sasken.com/hubfs/Sasken Feb-2022/pdf-files/standalone_Q4_21.pdf]
[www.sasken.com/hubfs/Sasken Feb-2022/pdf-files/Outcome_of_Board_Meeting_22Apr2021.pdf]
[www.sasken.com/investors/chairmans-remarks-19.html]
[www.sasken.com/hubfs/Sasken Feb-2022/pdf-files/Q3_FY21_Key_Metrics.pdf]
[www.sasken.com/hubfs/Sasken Feb-2022/pdf-files/Q3_FY21_presentation.pdf]
[www.sasken.com/hubfs/Sasken Feb-2022/pdf-files/Q3_FY21_Press_Release.pdf]
[www.sasken.com/hubfs/Sasken Feb-2022/pdf-files/Q3_FY21_Consolidated.pdf]
[www.sasken.com/hubfs/Sasken Feb-2022/pdf-files/Q3_FY21_Standalone.pdf]
[www.sasken.com/hubfs/Sasken Feb-2022/pdf-files/Ltr_SE_outcome_BM_20Jan2021.pdf]
[www.sasken.com/investors/chairmans-remarks-18.html]
[www.sasken.com/hubfs/Sasken Feb-2022/pdf-files/key_metrics_Q2_FY_21.pdf]
[www.sasken.com/hubfs/Sasken Feb-2022/pdf-files/presentation_Q2_FY_21.pdf]
[www.sasken.com/hubfs/Sasken Feb-2022/pdf-files/press_release_Q2_FY_21.pdf]
[www.sasken.com/hubfs/Sasken Feb-2022/pdf-files/Consolidated_financial_Q2_FY_21.pdf]
[www.sasken.com/hubfs/Sasken Feb-2022/pdf-files/standalone_financials_Q2_FY_21.pdf]
[www.sasken.com/hubfs/Sasken Feb-2022/pdf-files/Ltr_to_SE_outcome_of_Bd_Mtg_21Oct2020 (1).pdf]
[www.sasken.com/investors/chairmans-remarks-17.html]
[www.sasken.com/hubfs/Sasken Feb-2022/pdf-files/key_metrics_Q1_FY_21_0.pdf]
[www.sasken.com/hubfs/Sasken Feb-2022/pdf-files/presentation_Q1_FY_21_1.pdf]
[www.sasken.com/hubfs/Sasken Feb-2022/pdf-files/press_release_Q1_FY_21_0.pdf]
[www.sasken.com/hubfs/Sasken Feb-2022/pdf-files/financial_results_consolidated_Q1_FY_21_0.pdf]
[www.sasken.com/hubfs/Sasken Feb-2022/pdf-files/financial_results_standalone_Q1_FY_21_0.pdf]
[www.sasken.com/hubfs/Sasken Feb-2022/pdf-files/Ltr_SE_outcome_Bd_Mtg_29July20.pdf]
[www.sasken.com/investors/chairmans-remarks-16.html]
[www.sasken.com/hubfs/Sasken Feb-2022/pdf-files/key_metrics_Q4_FY20.pdf]
[www.sasken.com/hubfs/Sasken Feb-2022/pdf-files/presentation_Q4_FY20.pdf]
[www.sasken.com/hubfs/Sasken Feb-2022/pdf-files/press_release_Q4_FY20.pdf]
[www.sasken.com/hubfs/Sasken Feb-2022/pdf-files/consolidated_financials_Q4_FY20.pdf]
[www.sasken.com/hubfs/Sasken Feb-2022/pdf-files/standalone_financials_Q4_FY20.pdf]
[www.sasken.com/hubfs/Sasken Feb-2022/pdf-files/audited_financial_results_Q4_FY20.pdf]
[www.sasken.com/investors/chairmans-remarks-15.html]
[www.sasken.com/hubfs/Sasken Feb-2022/pdf-files/Metrics_Q3_FY20.pdf]
[www.sasken.com/hubfs/Sasken Feb-2022/pdf-files/Board_ppt_Q3_FY20.pdf]
[www.sasken.com/hubfs/Sasken Feb-2022/pdf-files/Media_Release_Q3_FY20.pdf]
[www.sasken.com/hubfs/Sasken Feb-2022/pdf-files/Consolidated_Financials_Q3_FY20.pdf]
[www.sasken.com/hubfs/Sasken Feb-2022/pdf-files/Standalone_Financials_Q3_FY20.pdf]
[www.sasken.com/hubfs/Sasken Feb-2022/pdf-files/Ltr_SE_outcome_BM_21Jan2020.pdf]
[www.sasken.com/investors/chairmans-remarks-14.html]
[www.sasken.com/hubfs/Sasken Feb-2022/pdf-files/Key Metrics_2.pdf]
[www.sasken.com/hubfs/Sasken Feb-2022/pdf-files/Presentation_6.pdf]
[www.sasken.com/hubfs/Sasken Feb-2022/pdf-files/Media Release_0.pdf]
[www.sasken.com/hubfs/Sasken Feb-2022/pdf-files/Financial Results – Consolidated_0.pdf]
[www.sasken.com/hubfs/Sasken Feb-2022/pdf-files/Financial Results – Standalone_0.pdf]
[www.sasken.com/hubfs/Sasken Feb-2022/pdf-files/Ltr to SE on Q2 FY19 results.pdf]
[www.sasken.com/investors/chairmans-remarks-13.html]
[www.sasken.com/hubfs/Sasken Feb-2022/pdf-files/key_metrics.pdf]
[www.sasken.com/hubfs/Sasken Feb-2022/pdf-files/presentation (1).pdf]
[www.sasken.com/hubfs/Sasken Feb-2022/pdf-files/press_release_1.pdf]
[www.sasken.com/hubfs/Sasken Feb-2022/pdf-files/consolidated_financial.pdf]
[www.sasken.com/hubfs/Sasken Feb-2022/pdf-files/standalone_financial.pdf]
[www.sasken.com/hubfs/Sasken Feb-2022/pdf-files/Ltr_SE_outcome_BM_18July2019.pdf]
[www.sasken.com/investors/chairmans-remarks-12.html]
[www.sasken.com/hubfs/Sasken Feb-2022/pdf-files/key metric.pdf]
[www.sasken.com/hubfs/Sasken Feb-2022/pdf-files/Board ppt Q419V7.8 Final v1.pdf]
[www.sasken.com/hubfs/Sasken Feb-2022/pdf-files/Media Release (1).pdf]
[www.sasken.com/hubfs/Sasken Feb-2022/pdf-files/Consolidated Financials.pdf]
[www.sasken.com/hubfs/Sasken Feb-2022/pdf-files/Standalone Financials.pdf]
[www.sasken.com/hubfs/Sasken Feb-2022/pdf-files/Ltr_SE_outcome_Board_Meeting_Apr2019.pdf]
[www.sasken.com/investors/chairmans-remarks-11.html]
[www.sasken.com/hubfs/Sasken Feb-2022/pdf-files/Metrics_master Q3 FY19.pdf]
[www.sasken.com/hubfs/Sasken Feb-2022/pdf-files/Board ppt Q319 Final.pdf]
[www.sasken.com/hubfs/Sasken Feb-2022/pdf-files/Press Release_0.pdf]
[www.sasken.com/hubfs/Sasken Feb-2022/pdf-files/Consolidated_0.pdf]
[www.sasken.com/hubfs/Sasken Feb-2022/pdf-files/Standalone_0.pdf]
[www.sasken.com/hubfs/Sasken Feb-2022/pdf-files/Ltr to SE on outcome of BM 21 Jan 2019.pdf]
[www.sasken.com/investors/chairmans-remarks-10.html]
[www.sasken.com/hubfs/Sasken Feb-2022/pdf-files/Key Metrics Q2 FY19.pdf]
[www.sasken.com/hubfs/Sasken Feb-2022/pdf-files/Presentation Q2 FY19.pdf]
[www.sasken.com/hubfs/Sasken Feb-2022/pdf-files/Press Release Q2 FY19.pdf]
[www.sasken.com/hubfs/Sasken Feb-2022/pdf-files/Consol Financials Q2 FY19.pdf]
[www.sasken.com/hubfs/Sasken Feb-2022/pdf-files/Standalone Financials Q2 FY19.pdf]
[www.sasken.com/hubfs/Sasken Feb-2022/pdf-files/Ltr to SE on outcome of BM 23 Oct 18-signed.pdf]
[www.sasken.com/investors/chairmans-remarks-9.html]
[www.sasken.com/hubfs/Sasken Feb-2022/pdf-files/Key Metrics_0.pdf]
[www.sasken.com/hubfs/Sasken Feb-2022/pdf-files/Presentation_4.pdf]
[www.sasken.com/hubfs/Sasken Feb-2022/pdf-files/Press Release.pdf]
[www.sasken.com/hubfs/Sasken Feb-2022/pdf-files/Financial Results – Consolidated.pdf]
[www.sasken.com/hubfs/Sasken Feb-2022/pdf-files/Financial Results – Standalone.pdf]
[www.sasken.com/hubfs/Sasken Feb-2022/pdf-files/Audited Financial Results for the quarter ended 30th June 2018 sent to stock exchanges.pdf]
[www.sasken.com/investors/chairmans-remarks-8.html]
[www.sasken.com/hubfs/Sasken Feb-2022/pdf-files/Key metrics.pdf]
[www.sasken.com/hubfs/Sasken Feb-2022/pdf-files/Presentation_3.pdf]
[www.sasken.com/hubfs/Sasken Feb-2022/pdf-files/Press release (1).pdf]
[www.sasken.com/hubfs/Sasken Feb-2022/pdf-files/Financial Result_consolidated.pdf]
[www.sasken.com/hubfs/Sasken Feb-2022/pdf-files/Financial Result_standalone.pdf]
[www.sasken.com/hubfs/Sasken Feb-2022/pdf-files/Audited Financial Results for the quarter ended 31st March 2018 sent to stock exchanges.pdf]
[www.sasken.com/investors/chairmans-remarks-7.html]
[www.sasken.com/hubfs/Sasken Feb-2022/pdf-files/Metrics_master Q3 FY18.pdf]
[www.sasken.com/hubfs/Sasken Feb-2022/pdf-files/Q3 FY18_presentation.pdf]
[www.sasken.com/hubfs/Sasken Feb-2022/pdf-files/Media Release_Q3 FY 18.pdf]
[www.sasken.com/hubfs/Sasken Feb-2022/pdf-files/Consol Financials 31 Dec 17.pdf]
[www.sasken.com/hubfs/Sasken Feb-2022/pdf-files/Standalone Financials 31 Dec 17.pdf]
[www.sasken.com/hubfs/Sasken Feb-2022/pdf-files/Audited Financial Results sent to SE.pdf]
[www.sasken.com/investors/chairmans-remarks-6.html]
[www.sasken.com/hubfs/Sasken Feb-2022/pdf-files/Key_Metrics_ Q2_FY_18.pdf]
[www.sasken.com/hubfs/Sasken Feb-2022/pdf-files/Presentation_Q2_FY_18.pdf]
[www.sasken.com/hubfs/Sasken Feb-2022/pdf-files/Press_Release_Q2_FY_18.pdf]
[www.sasken.com/hubfs/Sasken Feb-2022/pdf-files/Consolidated_Financials_Q2_FY_18.pdf]
[www.sasken.com/hubfs/Sasken Feb-2022/pdf-files/Standalone_Financials_Q2_FY_18.pdf]
[www.sasken.com/hubfs/Sasken Feb-2022/pdf-files/Audited_FR_sent_to_SE_Q2_FY18.pdf]
[www.sasken.com/investors/chairmans-remarks-5.html]
[www.sasken.com/hubfs/Sasken Feb-2022/pdf-files/Key-Metrics.pdf]
[www.sasken.com/hubfs/Sasken Feb-2022/pdf-files/Presentation_1.pdf]
[www.sasken.com/hubfs/Sasken Feb-2022/pdf-files/press_release_0.pdf]
[www.sasken.com/hubfs/Sasken Feb-2022/pdf-files/Consolidated-Financial-Result.pdf]
[www.sasken.com/hubfs/Sasken Feb-2022/pdf-files/Standalone-Financial-Result.pdf]
[www.sasken.com/hubfs/Sasken Feb-2022/pdf-files/Audited-Financial-Results-sent-to-SE.pdf]
[www.sasken.com/investors/chairmans-remarks-4.html]
[www.sasken.com/hubfs/Sasken Feb-2022/pdf-files/Key Metrics (1).pdf]
[www.sasken.com/hubfs/Sasken Feb-2022/pdf-files/Presentation_2.pdf]
[www.sasken.com/hubfs/Sasken Feb-2022/pdf-files/Media-Release.pdf]
[www.sasken.com/hubfs/Sasken Feb-2022/pdf-files/Consolidated.pdf]
[www.sasken.com/hubfs/Sasken Feb-2022/pdf-files/Standalone.pdf]
[www.sasken.com/hubfs/Sasken Feb-2022/pdf-files/audited-result_0.pdf]
[www.sasken.com/investors/chairmans-remarks-3.html]
[www.sasken.com/hubfs/Sasken Feb-2022/pdf-files/key-metrics (1).pdf]
[www.sasken.com/hubfs/Sasken Feb-2022/pdf-files/Presentation_0 (1).pdf]
[www.sasken.com/hubfs/Sasken Feb-2022/pdf-files/press-release.pdf]
[www.sasken.com/hubfs/Sasken Feb-2022/pdf-files/consolidated (1).pdf]
[www.sasken.com/hubfs/Sasken Feb-2022/pdf-files/standalone (1).pdf]
[www.sasken.com/hubfs/Sasken Feb-2022/pdf-files/audited-result.pdf]
[www.sasken.com/investors/chairmans-remarks-1.html]
[www.sasken.com/hubfs/Sasken Feb-2022/pdf-files/Sasken_Q2FY17_Key Metrics_0.pdf]
[www.sasken.com/hubfs/Sasken Feb-2022/pdf-files/Sasken_Q2FY17_Presentation_0.pdf]
[www.sasken.com/hubfs/Sasken Feb-2022/pdf-files/Sasken_Q2FY17_Press Release_0.pdf]
[www.sasken.com/hubfs/Sasken Feb-2022/pdf-files/Sasken_Q2FY17_Consolidated_0.pdf]
[www.sasken.com/hubfs/Sasken Feb-2022/pdf-files/Sasken_Q2FY17_Standalone_0.pdf]
[www.sasken.com/hubfs/Sasken Feb-2022/pdf-files/Sasken_Q1FY17_Audited-Result_0.pdf]
[www.sasken.com/investors/chairman-remarks-q217.html]
[www.sasken.com/hubfs/Sasken Feb-2022/pdf-files/Sasken_Q1FY17_Key-Metrics_2.pdf]
[www.sasken.com/hubfs/Sasken Feb-2022/pdf-files/Sasken_Q1FY17_Presentation_1.pdf]
[www.sasken.com/hubfs/Sasken Feb-2022/pdf-files/Sasken_Q1FY17_Press-Release_2.pdf]
[www.sasken.com/hubfs/Sasken Feb-2022/pdf-files/Sasken_Q1FY17_Consolidated_0.pdf]
[www.sasken.com/hubfs/Sasken Feb-2022/pdf-files/Sasken_Q1FY17_Standalone.pdf]
[www.sasken.com/hubfs/Sasken Feb-2022/pdf-files/Sasken_Q1FY17_Audited-Result.pdf]
[www.sasken.com/investors/chairman-remarks-q117.html]
[www.sasken.com/hubfs/Sasken Feb-2022/pdf-files/Sasken_Q4FY16_Metrics (4)_1.pdf]
[www.sasken.com/hubfs/Sasken Feb-2022/pdf-files/Sasken_Q4FY16_Media-Release (1).pdf]
[www.sasken.com/hubfs/Sasken Feb-2022/pdf-files/Sasken_Q4FY16_results (2)_0.pdf]
[www.sasken.com/hubfs/Sasken Feb-2022/pdf-files/Sasken_Q4FY16_Consolidated (2).pdf]
[www.sasken.com/hubfs/Sasken Feb-2022/pdf-files/Sasken_Q4FY16_Standalone (1)_2.pdf]
[www.sasken.com/hubfs/Sasken Feb-2022/pdf-files/Sasken_Q4FY16_complete_set (1).pdf]
[www.sasken.com/investors/chairman-remarks-q416.html]
[www.sasken.com/hubfs/Sasken Feb-2022/pdf-files/Sasken_Q3FY16_Metrics (1)_1.pdf]
[www.sasken.com/hubfs/Sasken Feb-2022/pdf-files/Sasken_Q3FY16_results (1)_0.pdf]
[www.sasken.com/hubfs/Sasken Feb-2022/pdf-files/Sasken_Q3FY16_Media-Release (1).pdf]
[www.sasken.com/hubfs/Sasken Feb-2022/pdf-files/Sasken_Q3FY16_Consolidated (2)_1 (1).pdf]
[www.sasken.com/hubfs/Sasken Feb-2022/pdf-files/Sasken_Q3FY16_Standalone (2).pdf]
[www.sasken.com/hubfs/Sasken Feb-2022/pdf-files/Sasken_Q3FY16_complete_set (1).pdf]
[www.sasken.com/investors/chairman-remarks-q316.html]
[www.sasken.com/hubfs/Sasken Feb-2022/pdf-files/Sasken_Q2FY16_Metrics (1).pdf]
[www.sasken.com/hubfs/Sasken Feb-2022/pdf-files/Sasken_Q2FY16_results (1).pdf]
[www.sasken.com/hubfs/Sasken Feb-2022/pdf-files/Sasken_Q2FY16_Media-Release (1).pdf]
[www.sasken.com/hubfs/Sasken Feb-2022/pdf-files/Sasken_Q2FY16_Consolidated (1).pdf]
[www.sasken.com/hubfs/Sasken Feb-2022/pdf-files/Sasken_Q2FY16_Standalone (1).pdf]
[www.sasken.com/investors/chairmans-remarks-2.html]
[www.sasken.com/hubfs/Sasken Feb-2022/pdf-files/Sasken_Q1FY16_Metrics (1)_1.pdf]
[www.sasken.com/hubfs/Sasken Feb-2022/pdf-files/Sasken_Q1FY16_results (2).pdf]
[www.sasken.com/hubfs/Sasken Feb-2022/pdf-files/Sasken_Q1FY16_Media-Release (1).pdf]
[www.sasken.com/hubfs/Sasken Feb-2022/pdf-files/Sasken_Q1FY16_Standalone (2).pdf]
[www.sasken.com/hubfs/Sasken Feb-2022/pdf-files/Sasken_Q1FY16_Consolidated (1).pdf]
[www.sasken.com/investors/chairmans-remarks.html]
[www.sasken.com/hubfs/Sasken Feb-2022/pdf-files/Sasken_Q4FY15_Metrics (3).pdf]
[www.sasken.com/hubfs/Sasken Feb-2022/pdf-files/Sasken_Q4FY15_results_1.pdf]
[www.sasken.com/hubfs/Sasken Feb-2022/pdf-files/Sasken_Q4FY15_Media-Release.pdf]
[www.sasken.com/hubfs/Sasken Feb-2022/pdf-files/Sasken_Q4FY15_Consolidated_0.pdf]
[www.sasken.com/hubfs/Sasken Feb-2022/pdf-files/Sasken_Q4FY15_Standalone_1.pdf]
[www.sasken.com/hubfs/Sasken Feb-2022/pdf-files/Sasken_Q3FY15_Metrics-Master.pdf]
[www.sasken.com/hubfs/Sasken Feb-2022/pdf-files/Sasken_Q3FY15_results.pdf]
[www.sasken.com/hubfs/Sasken Feb-2022/pdf-files/Sasken_Q3FY15_Media-Release.pdf]
[www.sasken.com/hubfs/Sasken Feb-2022/pdf-files/Sasken_Q3FY15_Consolidated.pdf]
[www.sasken.com/hubfs/Sasken Feb-2022/pdf-files/Sasken_Q3FY15_Standalone.pdf]
[www.sasken.com/hubfs/Sasken Feb-2022/pdf-files/Sasken_Q2FY15_Metrics-Master.pdf]
[www.sasken.com/hubfs/Sasken Feb-2022/pdf-files/Sasken_Q2FY15_results.pdf]
[www.sasken.com/hubfs/Sasken Feb-2022/pdf-files/Sasken_Q2FY15_Media-Release.pdf]
[www.sasken.com/hubfs/Sasken Feb-2022/pdf-files/Sasken_Q2FY15_Consolidated.pdf]
[www.sasken.com/hubfs/Sasken Feb-2022/pdf-files/Sasken_Q2FY15_Standalone.pdf]
[www.sasken.com/hubfs/Sasken Feb-2022/pdf-files/Sasken_Q1FY15_Metrics-Master.pdf]
[www.sasken.com/hubfs/Sasken Feb-2022/pdf-files/Sasken_Q1FY15_results.pdf]
[www.sasken.com/hubfs/Sasken Feb-2022/pdf-files/Sasken_Q1FY15_Media-Release.pdf]
[www.sasken.com/hubfs/Sasken Feb-2022/pdf-files/Sasken_Q1FY15_Consolidated.pdf]
[www.sasken.com/hubfs/Sasken Feb-2022/pdf-files/Sasken_Q1FY15_Standalone.pdf]
[www.sasken.com/hubfs/Sasken Feb-2022/pdf-files/Sasken_Q4FY14_Metrics-Master (2).pdf]
[www.sasken.com/hubfs/Sasken Feb-2022/pdf-files/Sasken_Q4FY14_results (1).pdf]
[www.sasken.com/hubfs/Sasken Feb-2022/pdf-files/Sasken_Q4FY14_Media-Release (1).pdf]
[www.sasken.com/hubfs/Sasken Feb-2022/pdf-files/Sasken_Q4FY14_Consolidated (1).pdf]
[www.sasken.com/hubfs/Sasken Feb-2022/pdf-files/Sasken_Q4FY14_Standalone (1).pdf]
[www.sasken.com/hubfs/Sasken Feb-2022/pdf-files/Sasken_Q3FY14_Metrics-Master.pdf]
[www.sasken.com/hubfs/Sasken Feb-2022/pdf-files/Sasken_Q3FY14_results.pdf]
[www.sasken.com/hubfs/Sasken Feb-2022/pdf-files/Sasken_Q3FY14_Media-Release.pdf]
[www.sasken.com/hubfs/Sasken Feb-2022/pdf-files/Sasken_Q3FY14_Consolidated.pdf]
[www.sasken.com/hubfs/Sasken Feb-2022/pdf-files/Sasken_Q3FY14_Standalone.pdf]
[www.sasken.com/hubfs/Sasken Feb-2022/pdf-files/Sasken_Q2FY14_Metrics-Master.pdf]
[www.sasken.com/hubfs/Sasken Feb-2022/pdf-files/Sasken_Q2FY14_results.pdf]
[www.sasken.com/hubfs/Sasken Feb-2022/pdf-files/Sasken_Q2FY14_Media-Release_0.pdf]
[www.sasken.com/hubfs/Sasken Feb-2022/pdf-files/Sasken_Q2FY14_Consolidated_0.pdf]
[www.sasken.com/hubfs/Sasken Feb-2022/pdf-files/Sasken_Q2FY14_Standalone_0.pdf]
[www.sasken.com/hubfs/Sasken Feb-2022/pdf-files/Sasken_Q1FY14_Metrics-Master.pdf]
[www.sasken.com/hubfs/Sasken Feb-2022/pdf-files/Sasken_Q1FY14_results_0.pdf]
[www.sasken.com/hubfs/Sasken Feb-2022/pdf-files/Sasken_Q1FY14_Media-Release.pdf]
[www.sasken.com/hubfs/Sasken Feb-2022/pdf-files/Sasken_Q1FY14_Consolidated_1.pdf]
[www.sasken.com/hubfs/Sasken Feb-2022/pdf-files/Sasken_Q1FY14_Standalone_1.pdf]
[www.sasken.com/hubfs/Sasken Feb-2022/pdf-files/Sasken_Q4FY13_Metrics-Master (1).pdf]
[www.sasken.com/hubfs/Sasken Feb-2022/pdf-files/Sasken_Q4FY13_results.pdf]
[www.sasken.com/hubfs/Sasken Feb-2022/pdf-files/Sasken_Q4FY13_Media-Release.pdf]
[www.sasken.com/hubfs/Sasken Feb-2022/pdf-files/Sasken_Q4FY13_Consolidated.pdf]
[www.sasken.com/hubfs/Sasken Feb-2022/pdf-files/Sasken_Q4FY13_Standalone.pdf]
[www.sasken.com/hubfs/Sasken Feb-2022/pdf-files/sasken-analyst_call-transcript_Q4FY13.pdf]
[www.sasken.com/hubfs/Sasken Feb-2022/pdf-files/Sasken_Q3FY13_Metrics-Master.pdf]
[www.sasken.com/hubfs/Sasken Feb-2022/pdf-files/Sasken_Q3FY13_results.pdf]
[www.sasken.com/hubfs/Sasken Feb-2022/pdf-files/Sasken_Q3FY13_Media-Release_0.pdf]
[www.sasken.com/hubfs/Sasken Feb-2022/pdf-files/Sasken_Q3FY13_Consolidated_0.pdf]
[www.sasken.com/hubfs/Sasken Feb-2022/pdf-files/Sasken_Q3FY13_Standalone_0.pdf]
[www.sasken.com/hubfs/Sasken Feb-2022/pdf-files/Sasken_Q3FY13_transcript.pdf]
[www.sasken.com/hubfs/Sasken Feb-2022/pdf-files/Sasken_Q2FY13_Metrics-Master.pdf]
[www.sasken.com/hubfs/Sasken Feb-2022/pdf-files/Sasken_Q2FY13_results.pdf]
[www.sasken.com/hubfs/Sasken Feb-2022/pdf-files/Sasken_Q2FY13_Media-Release.pdf]
[www.sasken.com/hubfs/Sasken Feb-2022/pdf-files/Sasken_Q2FY13_Consolidated.pdf]
[www.sasken.com/hubfs/Sasken Feb-2022/pdf-files/Sasken_Q2FY13_Standalone (1).pdf]
[www.sasken.com/hubfs/Sasken Feb-2022/pdf-files/Sasken_Q2FY13_transcript.pdf]
[www.sasken.com/hubfs/Sasken Feb-2022/pdf-files/Sasken_Q1FY13_Metrics-Master.pdf]
[www.sasken.com/hubfs/Sasken Feb-2022/pdf-files/Sasken_Q1FY13_results.pdf]
[www.sasken.com/hubfs/Sasken Feb-2022/pdf-files/Sasken_Q1FY13_Media-Release.pdf]
[www.sasken.com/hubfs/Sasken Feb-2022/pdf-files/Sasken_Q1FY13_Consolidated.pdf]
[www.sasken.com/hubfs/Sasken Feb-2022/pdf-files/Sasken_Q1FY13_Standalone_0.pdf]
[www.sasken.com/hubfs/Sasken Feb-2022/pdf-files/Sasken_Q1FY13_transcript.pdf]
[www.sasken.com/hubfs/Sasken Feb-2022/pdf-files/Sasken_Q4FY12_Metrics-Master.pdf]
[www.sasken.com/hubfs/Sasken Feb-2022/pdf-files/Sasken_Q4FY12_results.pdf]
[www.sasken.com/hubfs/Sasken Feb-2022/pdf-files/Sasken_Q4FY12_Media-Release.pdf]
[www.sasken.com/hubfs/Sasken Feb-2022/pdf-files/Sasken_Q4FY12_Consolidated_0.pdf]
[www.sasken.com/hubfs/Sasken Feb-2022/pdf-files/Sasken_Q4FY12_Standalone_0.pdf]
[www.sasken.com/hubfs/Sasken Feb-2022/pdf-files/Sasken_Q4FY12_transcript_0.pdf]
[www.sasken.com/hubfs/Sasken Feb-2022/pdf-files/Sasken_Q3FY12_Metrics-Master.pdf]
[www.sasken.com/hubfs/Sasken Feb-2022/pdf-files/Sasken_Q3FY12_results.pdf]
[www.sasken.com/hubfs/Sasken Feb-2022/pdf-files/Sasken_Q3FY12_Media-Release.pdf]
[www.sasken.com/hubfs/Sasken Feb-2022/pdf-files/Sasken_Q3FY12_Consolidated.pdf]
[www.sasken.com/hubfs/Sasken Feb-2022/pdf-files/Sasken_Q3FY12_Standalone.pdf]
[www.sasken.com/hubfs/Sasken Feb-2022/pdf-files/Sasken_Q3FY12_transcript.pdf]
[www.sasken.com/hubfs/Sasken Feb-2022/pdf-files/Sasken_Q2FY12_Metrics-Master (1).pdf]
[www.sasken.com/hubfs/Sasken Feb-2022/pdf-files/Sasken_Q2FY12_results.pdf]
[www.sasken.com/hubfs/Sasken Feb-2022/pdf-files/Sasken_Q2FY12_Media-Release.pdf]
[www.sasken.com/hubfs/Sasken Feb-2022/pdf-files/Sasken_Q2FY12_Consolidated.pdf]
[www.sasken.com/hubfs/Sasken Feb-2022/pdf-files/Sasken_Q2FY12_Standalone.pdf]
[www.sasken.com/hubfs/Sasken Feb-2022/pdf-files/Sasken_Q2FY12_transcript.pdf]
[www.sasken.com/hubfs/Sasken Feb-2022/pdf-files/Sasken_Q1FY12_Metrics-Master (1)-1.pdf]
[www.sasken.com/hubfs/Sasken_Q1FY12_results.pdf]
[www.sasken.com/hubfs/Sasken_Q1FY12_Media-Release (1).pdf]
[www.sasken.com/hubfs/Sasken_Q1FY12_Consolidated (1).pdf]
[www.sasken.com/hubfs/Sasken_Q1FY12_Standalone.pdf]
[www.sasken.com/hubfs/Sasken_Q1FY12_transcript.pdf]
[www.sasken.com/hubfs/Sasken Feb-2022/pdf-files/Sasken_Q4FY11_Metrics-Master.pdf]
[www.sasken.com/hubfs/Sasken Feb-2022/pdf-files/Sasken_Q4FY11_results.pdf]
[www.sasken.com/hubfs/Sasken Feb-2022/pdf-files/Sasken_Q4FY11_Media-Release.pdf]
[www.sasken.com/hubfs/Sasken Feb-2022/pdf-files/Sasken_Q4FY11_Consolidated.pdf]
[www.sasken.com/hubfs/Sasken Feb-2022/pdf-files/Sasken_Q4FY11_Standalone.pdf]
[www.sasken.com/hubfs/Sasken Feb-2022/pdf-files/Sasken_Q4FY11_transcript.pdf]
[www.sasken.com/hubfs/Sasken Feb-2022/pdf-files/Sasken_Q3FY11_Metrics-Master.pdf]
[www.sasken.com/hubfs/Sasken Feb-2022/pdf-files/Sasken_Q3FY11_results.pdf]
[www.sasken.com/hubfs/Sasken Feb-2022/pdf-files/Sasken_Q3FY11_Media-Release.pdf]
[www.sasken.com/hubfs/Sasken Feb-2022/pdf-files/Sasken_Q3FY11_Consolidated.pdf]
[www.sasken.com/hubfs/Sasken Feb-2022/pdf-files/Sasken_Q3FY11_Standalone.pdf]
[www.sasken.com/hubfs/Sasken Feb-2022/pdf-files/Sasken_Q3FY11_transcript.pdf]
[www.sasken.com/hubfs/Sasken Feb-2022/pdf-files/Sasken_Q2FY11_Metrics-Master.pdf]
[www.sasken.com/hubfs/Sasken Feb-2022/pdf-files/Sasken_Q2FY11_results.pdf]
[www.sasken.com/hubfs/Sasken Feb-2022/pdf-files/Sasken_Q2FY11_Media-Release.pdf]
[www.sasken.com/hubfs/Sasken Feb-2022/pdf-files/Sasken_Q2FY11_Consolidated (1).pdf]
[www.sasken.com/hubfs/Sasken Feb-2022/pdf-files/Sasken_Q2FY11_Standalone.pdf]
[www.sasken.com/hubfs/Sasken Feb-2022/pdf-files/Sasken_Q2FY11_transcript.pdf]
[www.sasken.com/hubfs/Sasken Feb-2022/pdf-files/Sasken_Q1FY11_Metrics-Master.pdf]
[www.sasken.com/hubfs/Sasken Feb-2022/pdf-files/Sasken_Q1FY11_results.pdf]
[www.sasken.com/hubfs/Sasken Feb-2022/pdf-files/Sasken_Q1FY11_Media-Release.pdf]
[www.sasken.com/hubfs/Sasken Feb-2022/pdf-files/Sasken_Q1FY11_Consolidated.pdf]
[www.sasken.com/hubfs/Sasken Feb-2022/pdf-files/Sasken_Q1FY11_Standalone.pdf]
[www.sasken.com/hubfs/Sasken Feb-2022/pdf-files/Sasken_Q1FY11_transcript (1).pdf]
[www.sasken.com/hubfs/Sasken Feb-2022/pdf-files/Sasken_Q4FY10_Metrics-Master.pdf]
[www.sasken.com/hubfs/Sasken Feb-2022/pdf-files/Sasken_Q4FY10_results_1.pdf]
[www.sasken.com/hubfs/Sasken Feb-2022/pdf-files/Sasken_Q4FY10_Media-Release_0.pdf]
[www.sasken.com/hubfs/Sasken Feb-2022/pdf-files/Sasken_Q4FY10_Consolidated.pdf]
[www.sasken.com/hubfs/Sasken Feb-2022/pdf-files/Sasken_Q4FY10_Standalone.pdf]
[www.sasken.com/hubfs/Sasken Feb-2022/pdf-files/Sasken_Q4FY10_transcript.pdf]
[www.sasken.com/hubfs/Sasken Feb-2022/pdf-files/Sasken_Q3FY10_Metrics-Master (1).pdf]
[www.sasken.com/hubfs/Sasken Feb-2022/pdf-files/Sasken_Q3FY10_results.pdf]
[www.sasken.com/hubfs/Sasken Feb-2022/pdf-files/Sasken_Q3FY10_Media-Release.pdf]
[www.sasken.com/hubfs/Sasken Feb-2022/pdf-files/Sasken_Q3FY10_Consolidated.pdf]
[www.sasken.com/hubfs/Sasken Feb-2022/pdf-files/Sasken_Q3FY10_Standalone (1).pdf]
[www.sasken.com/hubfs/Sasken Feb-2022/pdf-files/Sasken_Q3FY10_transcript.pdf]
[www.sasken.com/hubfs/Sasken Feb-2022/pdf-files/Sasken_Q2FY10_Metrics-Master.pdf]
[www.sasken.com/hubfs/Sasken Feb-2022/pdf-files/Sasken_Q2FY10_results.pdf]
[www.sasken.com/hubfs/Sasken Feb-2022/pdf-files/Sasken_Q2FY10_Media-Release.pdf]
[www.sasken.com/hubfs/Sasken Feb-2022/pdf-files/Sasken_Q2FY10_Consolidated.pdf]
[www.sasken.com/hubfs/Sasken Feb-2022/pdf-files/Sasken_Q2FY10_Standalone.pdf]
[www.sasken.com/hubfs/Sasken Feb-2022/pdf-files/Sasken_Q2FY10_transcript.pdf]
[www.sasken.com/hubfs/Sasken Feb-2022/pdf-files/Sasken_Q1FY10_Metrics-Master.pdf]
[www.sasken.com/hubfs/Sasken Feb-2022/pdf-files/Sasken_Q1FY10_results.pdf]
[www.sasken.com/hubfs/Sasken Feb-2022/pdf-files/Sasken_Q1FY10_Media-Release.pdf]
[www.sasken.com/hubfs/Sasken Feb-2022/pdf-files/Sasken_Q1FY10_Consolidated.pdf]
[www.sasken.com/hubfs/Sasken Feb-2022/pdf-files/Sasken_Q1FY10_Standalone.pdf]
[www.sasken.com/hubfs/Sasken Feb-2022/pdf-files/Sasken_Q1FY10_transcript.pdf]
[www.sasken.com/hubfs/Sasken Feb-2022/pdf-files/Sasken_Q4FY09_results_0.pdf]
[www.sasken.com/hubfs/Sasken Feb-2022/pdf-files/Sasken_Q4FY09_results_0 (1).pdf]
[www.sasken.com/hubfs/Sasken Feb-2022/pdf-files/Sasken_Q4FY09_Media-Release.pdf]
[www.sasken.com/hubfs/Sasken Feb-2022/pdf-files/Sasken_Q4FY09_Consolidated_0.pdf]
[www.sasken.com/hubfs/Sasken Feb-2022/pdf-files/Sasken_Q4FY09_Standalone.pdf]
[www.sasken.com/hubfs/Sasken Feb-2022/pdf-files/Sasken_Q4FY09_Call-Transcript.pdf]
[www.sasken.com/hubfs/Sasken Feb-2022/pdf-files/Sasken_Q3FY09_Metrics-Master.pdf]
[www.sasken.com/hubfs/Sasken Feb-2022/pdf-files/Sasken_Q3FY09_results_0.pdf]
[www.sasken.com/hubfs/Sasken Feb-2022/pdf-files/Sasken_Q3FY09_Media-Release.pdf]
[www.sasken.com/hubfs/Sasken Feb-2022/pdf-files/Sasken_Q3FY09_Consolidated_0.pdf]
[www.sasken.com/hubfs/Sasken Feb-2022/pdf-files/Sasken_Q3FY09_Standalone_0.pdf]
[www.sasken.com/hubfs/Sasken Feb-2022/pdf-files/Sasken_Q3FY09_Call-Transcript.pdf]
[www.sasken.com/hubfs/Sasken Feb-2022/pdf-files/Sasken_Q2FY09_Metrics-Master_1.pdf]
[www.sasken.com/hubfs/Sasken Feb-2022/pdf-files/Sasken_Q2FY09_results_0.pdf]
[www.sasken.com/hubfs/Sasken Feb-2022/pdf-files/Sasken_Q2FY09_Media-Release.pdf]
[www.sasken.com/hubfs/Sasken Feb-2022/pdf-files/Sasken_Q2FY09_Consolidated_2.pdf]
[www.sasken.com/hubfs/Sasken Feb-2022/pdf-files/Sasken_Q2FY09_Standalone.pdf]
[www.sasken.com/hubfs/Sasken Feb-2022/pdf-files/Sasken_Q2FY09_Transcript.pdf]
[www.sasken.com/hubfs/Sasken Feb-2022/pdf-files/Sasken_Q1FY09_Metrics-Master.pdf]
[www.sasken.com/hubfs/Sasken Feb-2022/pdf-files/Sasken_Q1FY09_results_2.pdf]
[www.sasken.com/hubfs/Sasken Feb-2022/pdf-files/Sasken_Q1FY09_Media-Release.pdf]
[www.sasken.com/hubfs/Sasken Feb-2022/pdf-files/Sasken_Q1FY09_Consolidated_1.pdf]
[www.sasken.com/hubfs/Sasken Feb-2022/pdf-files/Sasken_Q1FY09_Standalone_2.pdf]
[www.sasken.com/hubfs/Sasken Feb-2022/pdf-files/Sasken_Q1FY09_Transcript.pdf]
[www.sasken.com/hubfs/Sasken Feb-2022/pdf-files/Sasken_Q4FY08_Metrics-Master_1.pdf]
[www.sasken.com/hubfs/Sasken Feb-2022/pdf-files/Sasken_Q4FY08_results_0.pdf]
[www.sasken.com/hubfs/Sasken Feb-2022/pdf-files/Sasken_Q4FY08_Media-Release.pdf]
[www.sasken.com/hubfs/Sasken Feb-2022/pdf-files/Sasken_Q4FY08_Adv_1.pdf]
[www.sasken.com/hubfs/Sasken Feb-2022/pdf-files/Sasken-Analyst_Call-transcript_Q4FY08.pdf]
[www.sasken.com/hubfs/Sasken Feb-2022/pdf-files/Sasken_Q3FY08_metrics-master_1.pdf]
[www.sasken.com/hubfs/Sasken Feb-2022/pdf-files/Sasken_Q3FY08_results (1).pdf]
[www.sasken.com/hubfs/Sasken Feb-2022/pdf-files/Sasken_Q3FY08_Media_Release_0.pdf]
[www.sasken.com/hubfs/Sasken Feb-2022/pdf-files/Sasken_Q3FY08_ad_0.pdf]
[www.sasken.com/hubfs/Sasken Feb-2022/pdf-files/Sasken-Analyst_Call-transcript_Q3FY08.pdf]
[www.sasken.com/hubfs/Sasken Feb-2022/pdf-files/Metrics_master- Q2FY08_1.pdf]
[www.sasken.com/hubfs/Sasken Feb-2022/pdf-files/Results Presentation-Q2FY08_0.pdf]
[www.sasken.com/hubfs/Sasken Feb-2022/pdf-files/Media Release- Q2FY08.pdf]
[www.sasken.com/hubfs/Sasken Feb-2022/pdf-files/Sasken-Result_ad_Q2FY08_2.pdf]
[www.sasken.com/hubfs/Sasken Feb-2022/pdf-files/Sasken-Analyst_Call-transcript_Q2FY08.pdf]
[www.sasken.com/hubfs/Sasken Feb-2022/pdf-files/Metrics_master- FY08_1 (1).pdf]
[www.sasken.com/hubfs/Sasken Feb-2022/pdf-files/Results Presentation-FY08_0.pdf]
[www.sasken.com/hubfs/Sasken Feb-2022/pdf-files/Media Release- FY08.pdf]
[www.sasken.com/hubfs/Sasken Feb-2022/pdf-files/Sasken-Result_ad_Q1FY08_2.pdf]
[www.sasken.com/hubfs/Sasken Feb-2022/pdf-files/Sasken-Analyst_Call-transcript_Q1FY08.pdf]
[www.sasken.com/hubfs/Sasken Feb-2022/pdf-files/Sasken-Metrics_Q4FY07.pdf]
[www.sasken.com/hubfs/Sasken Feb-2022/pdf-files/Sasken-Results_Presentation_Q4FY07_0.pdf]
[www.sasken.com/hubfs/Sasken Feb-2022/pdf-files/Sasken-Media_Release_Q4FY07.pdf]
[www.sasken.com/hubfs/Sasken Feb-2022/pdf-files/Sasken-Result_ad_Q4FY07.pdf]
[www.sasken.com/hubfs/Sasken Feb-2022/pdf-files/Sasken-Analyst_Call-transcript_Q4FY07.pdf]
[www.sasken.com/hubfs/Sasken Feb-2022/pdf-files/Sasken-Metrics_Q3FY07_0.pdf]
[www.sasken.com/hubfs/Sasken Feb-2022/pdf-files/Sasken-Results_Presentation_Q3FY07_1.pdf]
[www.sasken.com/hubfs/Sasken Feb-2022/pdf-files/Sasken-Media_Release_Q3FY07_0.pdf]
[www.sasken.com/hubfs/Sasken Feb-2022/pdf-files/Sasken-Result_ad_Q3FY07.pdf]
[www.sasken.com/hubfs/Sasken Feb-2022/pdf-files/Sasken-Analyst_Call-transcript_Q3FY07_1.pdf]
[www.sasken.com/hubfs/Sasken Feb-2022/pdf-files/Sasken-Metrics_Q2FY07.pdf]
[www.sasken.com/hubfs/Sasken Feb-2022/pdf-files/Sasken-Results_Presentation_Q2FY07.pdf]
[www.sasken.com/hubfs/Sasken Feb-2022/pdf-files/Sasken-Media_Release_Q2FY07.pdf]
[www.sasken.com/hubfs/Sasken Feb-2022/pdf-files/Sasken-Analyst_Call-transcript_Q2FY07.pdf]
[www.sasken.com/hubfs/Sasken Feb-2022/pdf-files/Sasken-Metrics_Q1.pdf]
[www.sasken.com/hubfs/Sasken Feb-2022/pdf-files/Sasken-Results_Presentation_Q1.pdf]
[www.sasken.com/hubfs/Sasken Feb-2022/pdf-files/Sasken-Media_Release_Q1_1.pdf]
[www.sasken.com/hubfs/Sasken Feb-2022/pdf-files/Sasken-Result_ad_Q1.pdf]
[www.sasken.com/hubfs/Sasken Feb-2022/pdf-files/Sasken-Q1_Analyst_Call-transcript.pdf_0.pdf]
[www.sasken.com/hubfs/Sasken Feb-2022/pdf-files/Sasken-Metrics_Q4_0.pdf]
[www.sasken.com/hubfs/Sasken Feb-2022/pdf-files/Sasken-Results_Presentation_Q4_0.pdf]
[www.sasken.com/hubfs/Sasken Feb-2022/pdf-files/Sasken-Media_Release_Q4.pdf]
[www.sasken.com/hubfs/Sasken Feb-2022/pdf-files/Sasken-Result_ad_Q4_1.pdf]
[www.sasken.com/hubfs/Sasken Feb-2022/pdf-files/Sasken-Q4_Analyst_Call-transcript.pdf]
[www.sasken.com/hubfs/Sasken Feb-2022/pdf-files/Sasken-Metrics_Q3 (2).pdf]
[www.sasken.com/hubfs/Sasken Feb-2022/pdf-files/Sasken-Results_Presentation_Q3_0.pdf]
[www.sasken.com/hubfs/Sasken Feb-2022/pdf-files/Sasken-Media_Release_Q3_2.pdf]
[www.sasken.com/hubfs/Sasken Feb-2022/pdf-files/Sasken-Result_ad.pdf]
[www.sasken.com/hubfs/Sasken Feb-2022/pdf-files/Sasken-Result_ad-1.pdf]
[www.sasken.com/hubfs/Sasken Feb-2022/pdf-files/Sasken-Metrics_Q2.pdf]
[www.sasken.com/hubfs/Sasken Feb-2022/pdf-files/Sasken-Result-ad_Q2.pdf]
[www.sasken.com/hubfs/Sasken Feb-2022/pdf-files/Sasken-Media_Release_Q2.pdf]
[www.sasken.com/hubfs/Sasken Feb-2022/pdf-files/Sasken-Result-ad_Q2_0.pdf]
[www.sasken.com/hubfs/Sasken Feb-2022/pdf-files/Sasken-Analyst_Call-transcript_Q2.pdf]
[www.sasken.com/investors/quarterly-results.html]
[www.sasken.com/hubfs/hub_generated/module_assets/1/71149103175/1743342461963/module_Annual_Report_Year_Module.min.css]
[www.sasken.com/hubfs/Sasken Annual Report 2025.pdf]
[www.sasken.com/hubfs/Sasken AR 2025 Cover.jpg]
[www.sasken.com/hubfs/Sasken_global/Annual Report - Final 2024.pdf]
[www.sasken.com/hubfs/Sasken Feb-2022/annual-reports/AR-Image.jpg]
[www.sasken.com/hubfs/Sasken_global/investors/integrated_annual_report_2023.pdf]
[www.sasken.com/hubfs/Sasken_global/investors/AR_23.png]
[www.sasken.com/hubfs/Sasken Feb-2022/annual-reports/Sasken Annual Report 2022.pdf]
[www.sasken.com/hubfs/Sasken Feb-2022/annual-reports/2022.png]
[www.sasken.com/hubfs/Sasken Feb-2022/pdf-files/Sasken Annual Report 2021 (3).pdf]
[www.sasken.com/hubfs/Sasken Feb-2022/Website Demo Images/cover-1 (1).jpg]
[www.sasken.com/hubfs/Sasken Feb-2022/Annual_Report_2019-20.pdf]
[www.sasken.com/hubfs/Sasken Feb-2022/annual_20_0.jpg]
[www.sasken.com/hubfs/Sasken Feb-2022/annual-reports/SASKEN ANNUAL REPORT 2018-19.pdf]
[www.sasken.com/hubfs/Sasken Feb-2022/annual-reports/annual_19.jpg]
[www.sasken.com/hubfs/Sasken Feb-2022/annual-reports/Sasken_Annual_Report_2017_18.pdf]
[www.sasken.com/hubfs/Sasken Feb-2022/annual-reports/annual_report_18.jpg]
[www.sasken.com/hubfs/Sasken Feb-2022/annual-reports/cover.jpg]
[www.sasken.com/hubfs/Sasken Feb-2022/annual-reports/Sasken_Annual_Report_2015_16.pdf]
[www.sasken.com/hubfs/Sasken Feb-2022/annual-reports/2016-285x300.jpg]
[www.sasken.com/hubfs/Sasken Feb-2022/annual-reports/Sasken_AR15.pdf]
[www.sasken.com/hubfs/Sasken Feb-2022/annual-reports/2015-update-285x300.jpg]
[www.sasken.com/hubfs/Sasken Feb-2022/annual-reports/Sasken_AR14 (1).zip]
[www.sasken.com/hubfs/Sasken Feb-2022/annual-reports/ar-2014-285x300.jpg]
[www.sasken.com/hubfs/Sasken Feb-2022/annual-reports/Sasken_AR13.pdf]
[www.sasken.com/hubfs/Sasken Feb-2022/annual-reports/ar-2013-285x300.jpg]
[www.sasken.com/hubfs/Sasken Feb-2022/annual-reports/Sasken - Annual Report final.pdf]
[www.sasken.com/hubfs/Sasken Feb-2022/annual-reports/ar-2012-285x300.jpg]
[www.sasken.com/hubfs/Sasken Feb-2022/annual-reports/Sasken_AR11.pdf]
[www.sasken.com/hubfs/Sasken Feb-2022/annual-reports/ar-2011-285x300.jpg]
[www.sasken.com/hubfs/Sasken Feb-2022/annual-reports/21000650_Sasken_AR_2k9-2k10_Without Cutmark_LowRes.pdf]
[www.sasken.com/hubfs/Sasken Feb-2022/annual-reports/ar-2010-285x300.jpg]
[www.sasken.com/hubfs/Sasken Feb-2022/annual-reports/Sasken_AR_2009.pdf]
[www.sasken.com/hubfs/Sasken Feb-2022/annual-reports/ar-2009-285x300.jpg]
[www.sasken.com/hubfs/Sasken Feb-2022/annual-reports/Sasken_AR08.pdf]
[www.sasken.com/hubfs/Sasken Feb-2022/annual-reports/ar-2008-285x300.jpg]
[www.sasken.com/hubfs/Sasken Feb-2022/annual-reports/Sasken_AR07.pdf]
[www.sasken.com/hubfs/Sasken Feb-2022/annual-reports/ar-2007-285x300.jpg]
[www.sasken.com/hubfs/Sasken Feb-2022/annual-reports/Sasken_AR06.pdf]
[www.sasken.com/hubfs/Sasken Feb-2022/annual-reports/ar-2006-285x300.jpg]
[www.sasken.com/hubfs/Sasken Feb-2022/annual-reports/SaskenAR2005_05050449.pdf]
[www.sasken.com/hubfs/Sasken Feb-2022/annual-reports/ar-2005-285x300.jpg]
[www.sasken.com/hubfs/Sasken Feb-2022/annual-reports/areport_2004.pdf]
[www.sasken.com/hubfs/Sasken Feb-2022/annual-reports/ar-2004-285x300.jpg]
[www.sasken.com/hubfs/Sasken Feb-2022/annual-reports/areport_2003.pdf]
[www.sasken.com/hubfs/Sasken Feb-2022/annual-reports/ar-2003-285x300.jpg]
[www.sasken.com/investors/annual-reports.html]
[www.sasken.com/hubfs/Sasken_global/investors/June_2025/Newspaper advt published.pdf]
[www.sasken.com/hubfs/Sasken_global/announcements/Unclaimed dividend details - March 31, 2025.pdf]
[www.sasken.com/hubfs/Sasken_global/investors/Newspaper advertisement 19th June 2024 - Published in Business Line, all editions and Kannada Prabha, Bengaluru edition.pdf]
[www.sasken.com/hubfs/Sasken_global/investors/Q4_2023-2024_7May_24/List of unclaimed dividend as on 31 March 2024.pdf]
[www.sasken.com/hubfs/Sasken_global/investors/List of unclaimed dividend as on 31 Dec 2023.pdf]
[www.sasken.com/hubfs/Sasken_global/investors/FINANCIAL_YEAR_2023-2024_Q1/List of unclaimed dividend as on 31 March 2023.pdf]
[www.sasken.com/hubfs/Sasken-2022/Unclaimed_Dividend_Shares/List_of_shareholders_whose_shares_transferred_to_IEPF_December_20-2022.pdf]
[www.sasken.com/hubfs/Sasken-2022/Unclaimed_Dividend_Shares/List_of_shareholders_whose_shares_are_due_for_transfer_to_IEPF.pdf]
[www.sasken.com/hubfs/Sasken-2022/Unclaimed_Dividend_Shares/List_of_shareholders_having_unclaimed_Dividend_as_on_November_30_2022.pdf]
[www.sasken.com/hubfs/investor/unclaimed-dividend-shares/List_of_shareholders_having_unclaimed_Dividend_as_of_March_31_2022.pdf]
[www.sasken.com/hubfs/investor/unclaimed-dividend-shares/Transfer_of_unclaimed_dividend_and_shares_to_IEPF_Authority.pdf]
[www.sasken.com/hubfs/Sasken Feb-2022/pdf-files/List of shareholders having unclaimed dividend as on October 31, 2021.pdf]
[www.sasken.com/hubfs/Sasken Feb-2022/pdf-files/Sasken Notice Ad 12x18cm_31-3-21.pdf]
[www.sasken.com/hubfs/Sasken_global/announcements/Form for claiming of unclaimed dividend (2).docx]
[www.sasken.com/hubfs/Sasken Feb-2022/pdf-files/KYC updation Format.pdf]
[www.sasken.com/hubfs/Sasken Feb-2022/pdf-files/Details_of_Nodal_Officer.pdf]
[www.sasken.com/hubfs/Sasken Feb-2022/pdf-files/List_of_shareholders_whose_shares_transferred_to_IEPF_as_on_August31,2021_0.pdf]
[www.sasken.com/hubfs/Sasken Feb-2022/pdf-files/List_of_shareholders_whose_shares_transferred_to_IEPF_as_on_August31,2021_0-1.pdf]
[www.sasken.com/hubfs/Sasken Feb-2022/pdf-files/List_of_shares_transferred_to_IEPF_30_June_2021_0.pdf]
[www.sasken.com/hubfs/Sasken Feb-2022/pdf-files/Newspaper Advertisement.pdf]
[www.sasken.com/hubfs/Sasken Feb-2022/pdf-files/Sasken_Notice_kannada.pdf]
[www.sasken.com/hubfs/Sasken Feb-2022/pdf-files/Details of transfer of shares_unclaimed dividend to IEPF.pdf]
[www.sasken.com/hubfs/Sasken Feb-2022/pdf-files/Unclaimed dividend Stt as of 31 March 2019.pdf]
[www.sasken.com/hubfs/Sasken Feb-2022/pdf-files/Unclaimed dividend 31 March 2020.pdf]
[www.sasken.com/hubfs/Sasken Feb-2022/pdf-files/Shares transferred to IEPF 31 Mar 2020.pdf]
[www.sasken.com/hubfs/Sasken Feb-2022/pdf-files/Unclaimed dividend as of 31 Oct 20.pdf]
[www.sasken.com/hubfs/Sasken Feb-2022/pdf-files/Nodal_officer_details_IEPF.pdf]
[www.sasken.com/hubfs/Sasken Feb-2022/pdf-files/Unclaimed_Dividend_Details_as_of_31_March_21.pdf]
[www.sasken.com/hubfs/Sasken Feb-2022/pdf-files/List_of_shares_due_for_transfer_to_IEPF_30_June_20.pdf]
[www.sasken.com/hubfs/Sasken Feb-2022/pdf-files/Sasken Notice Ad 12x18cm_26-5-20.pdf]
[www.sasken.com/hubfs/Sasken Feb-2022/pdf-files/Interim Dividend_Unclaimed_FY 2010-11.pdf]
[www.sasken.com/hubfs/Sasken Feb-2022/pdf-files/Interim Dividend_Unclaimed_FY 2011-12.pdf]
[www.sasken.com/hubfs/Sasken Feb-2022/pdf-files/Interim Dividend_Unclaimed_FY 2012-13.pdf]
[www.sasken.com/hubfs/Sasken Feb-2022/pdf-files/Interim Dividend_Unclaimed_FY 2013-14.pdf]
[www.sasken.com/hubfs/Sasken Feb-2022/pdf-files/Special Interim Dividend_Unclaimed_FY 2013-14.pdf]
[www.sasken.com/hubfs/Sasken Feb-2022/pdf-files/3rd Interim Dividend_Unclaimed_FY 2013-14.pdf]
[www.sasken.com/hubfs/Sasken Feb-2022/pdf-files/Special Interim Dividend_Unclaimed_FY 2014-15.pdf]
[www.sasken.com/hubfs/Sasken Feb-2022/pdf-files/Interim Dividend_Unclaimed_FY 2015-16.pdf]
[www.sasken.com/hubfs/Sasken Feb-2022/pdf-files/2nd Interim & Special Dividend_Unclaimed_FY 2015-16.pdf]
[www.sasken.com/hubfs/Sasken Feb-2022/pdf-files/Interim Dividend_Unclaimed_FY 2016-17.pdf]
[www.sasken.com/hubfs/Sasken Feb-2022/pdf-files/Final Dividend_Unclaimed_FY 2009-10.pdf]
[www.sasken.com/hubfs/Sasken Feb-2022/pdf-files/Final Dividend_Unclaimed_FY 2010-11.pdf]
[www.sasken.com/hubfs/Sasken Feb-2022/pdf-files/Final Dividend_Unclaimed_FY 2011-12.pdf]
[www.sasken.com/hubfs/Sasken Feb-2022/pdf-files/Final Dividend_Unclaimed_FY 2012-13.pdf]
[www.sasken.com/hubfs/Sasken Feb-2022/pdf-files/Final Dividend_Unclaimed_FY 2013-14.pdf]
[www.sasken.com/hubfs/Sasken Feb-2022/pdf-files/Final Dividend_Unclaimed_FY 2014-15.pdf]
[www.sasken.com/hubfs/Sasken Feb-2022/pdf-files/Interim Dividend_Unclaimed_FY 2009-10.pdf]
[www.sasken.com/hubfs/Sasken Feb-2022/pdf-files/Interim Dividend_Unclaimed_FY 2010-11_0.pdf]
[www.sasken.com/hubfs/Sasken Feb-2022/pdf-files/Interim Dividend_Unclaimed_FY 2011-12-1.pdf]
[www.sasken.com/hubfs/Sasken Feb-2022/pdf-files/Interim Dividend_Unclaimed_FY 2012-13-1.pdf]
[www.sasken.com/hubfs/Sasken Feb-2022/pdf-files/Interim Dividend_Unclaimed_FY 2013-14-1.pdf]
[www.sasken.com/hubfs/Sasken Feb-2022/pdf-files/Interim Dividend_Unclaimed_FY 2013-14_0.pdf]
[www.sasken.com/hubfs/Sasken Feb-2022/pdf-files/Interim Dividend_Unclaimed_FY 2014-15.pdf]
[www.sasken.com/hubfs/Sasken Feb-2022/pdf-files/Special Interim Dividend_Unclaimed_FY 2014-15-1.pdf]
[www.sasken.com/hubfs/Sasken Feb-2022/pdf-files/Final Dividend_Unclaimed_FY 2008-09.pdf]
[www.sasken.com/hubfs/Sasken Feb-2022/pdf-files/Final Dividend_Unclaimed_FY 2009-10_0.pdf]
[www.sasken.com/hubfs/Sasken Feb-2022/pdf-files/Final Dividend_Unclaimed_FY 2010-11_0.pdf]
[www.sasken.com/hubfs/Sasken Feb-2022/pdf-files/Final Dividend_Unclaimed_FY 2011-12_0.pdf]
[www.sasken.com/hubfs/Sasken Feb-2022/pdf-files/Final Dividend_Unclaimed_FY 2012-13_0.pdf]
[www.sasken.com/hubfs/Sasken Feb-2022/pdf-files/Final Dividend_Unclaimed_FY 2013-14-1.pdf]
[www.sasken.com/hubfs/Sasken Feb-2022/pdf-files/Unclaimed Div Interim 2011-12 as of 18 July 18.pdf]
[www.sasken.com/hubfs/Sasken Feb-2022/pdf-files/Unclaimed Div Interim 2012-13 as of 18 July 18.pdf]
[www.sasken.com/hubfs/Sasken Feb-2022/pdf-files/Unclaimed Div Interim n Spl 2013-14 as of 18 July 18.pdf]
[www.sasken.com/hubfs/Sasken Feb-2022/pdf-files/Unclaimed Div Special 2013-14 as of 18 July 18.pdf]
[www.sasken.com/hubfs/Sasken Feb-2022/pdf-files/Unclaimed Div 3rd Interim 2013-14 as of 18 July 18.pdf]
[www.sasken.com/hubfs/Sasken Feb-2022/pdf-files/Unclaimed Div Interim 2014-15 as of 18 July 18.pdf]
[www.sasken.com/hubfs/Sasken Feb-2022/pdf-files/Unclaimed Div Special 2014-15 as of 18 July 18.pdf]
[www.sasken.com/hubfs/Sasken Feb-2022/pdf-files/Unclaimed Div Interim 2015-16 as of 18 July 18.pdf]
[www.sasken.com/hubfs/Sasken Feb-2022/pdf-files/Unclaimed Div 2nd Interim n Spl 2015-16 as of 18 July 18.pdf]
[www.sasken.com/hubfs/Sasken Feb-2022/pdf-files/Unclaimed Div Final 2010-11 as of 18 July 18.pdf]
[www.sasken.com/hubfs/Sasken Feb-2022/pdf-files/Unclaimed Div Final 2011-12 as of 18 July 18.pdf]
[www.sasken.com/hubfs/Sasken Feb-2022/pdf-files/Unclaimed Div Final 2012-13 as of 18 July 18.pdf]
[www.sasken.com/hubfs/Sasken Feb-2022/pdf-files/Unclaimed Div Final 2013-14 as of 18 July 18.pdf]
[www.sasken.com/hubfs/Sasken Feb-2022/pdf-files/Unclaimed Div Final 2014-15 as of 18 July 18.pdf]
[www.sasken.com/hubfs/Sasken Feb-2022/pdf-files/Unclaimed Div Final 2016-17 as of 18 July 18.pdf]
[www.sasken.com/hubfs/Sasken Feb-2022/pdf-files/Unclaimed Dividend Interim 2011-12 as of 31 July 18.pdf]
[www.sasken.com/hubfs/Sasken Feb-2022/pdf-files/Unclaimed Dividend Interim 2012-13 as of 31 July 18.pdf]
[www.sasken.com/hubfs/Sasken Feb-2022/pdf-files/Unclaimed Dividend Interim 2013-14 as of 31 July 18.pdf]
[www.sasken.com/hubfs/Sasken Feb-2022/pdf-files/Unclaimed Dividend Interim 2013-14 as of 31 July 18_0.pdf]
[www.sasken.com/hubfs/Sasken Feb-2022/pdf-files/Unclaimed Dividend 3rd Interim 2013-14 as of 31 July 18.pdf]
[www.sasken.com/hubfs/Sasken Feb-2022/pdf-files/Unclaimed Dividend Interim 2014-15 as of 31 July 18.pdf]
[www.sasken.com/hubfs/Sasken Feb-2022/pdf-files/Unclaimed Dividend Spl 2014-15 as of 31 July 18.pdf]
[www.sasken.com/hubfs/Sasken Feb-2022/pdf-files/Unclaimed Dividend Interim 2015-16 as of 31 July 18.pdf]
[www.sasken.com/hubfs/Sasken Feb-2022/pdf-files/Unclaimed Dividend Interim & Spl 2015-16 as of 31 July 18.pdf]
[www.sasken.com/hubfs/Sasken Feb-2022/pdf-files/Unclaimed Dividend Interim 2016-17 as of 31 July 18.pdf]
[www.sasken.com/hubfs/Sasken Feb-2022/pdf-files/Unclaimed Dividend Interim 2017-18 as of 31 July 18.pdf]
[www.sasken.com/hubfs/Sasken Feb-2022/pdf-files/Unclaimed Dividend Interim 2017-18 as of 31 July 18_0.pdf]
[www.sasken.com/hubfs/Sasken Feb-2022/pdf-files/Unclaimed Dividend Final 2011-12 as of 31 July 18.pdf]
[www.sasken.com/hubfs/Sasken Feb-2022/pdf-files/Unclaimed Dividend Final 2013-14 as of 31 July 18.pdf]
[www.sasken.com/hubfs/Sasken Feb-2022/pdf-files/Unclaimed Dividend Final 2014-15 as of 31 July 18.pdf]
[www.sasken.com/hubfs/Sasken Feb-2022/pdf-files/Unclaimed Dividend Final 2016-17 as of 31 July 18.pdf]
[www.sasken.com/hubfs/Sasken Feb-2022/pdf-files/Interim Dividend 2011-12 unpaid as of 31 Mar 18.pdf]
[www.sasken.com/hubfs/Sasken Feb-2022/pdf-files/Interim Dividend 2012-13 unpaid as of 31 Mar 18.pdf]
[www.sasken.com/hubfs/Sasken Feb-2022/pdf-files/Interim Dividend 2013-14 unpaid as of 31 Mar 18.pdf]
[www.sasken.com/hubfs/Sasken Feb-2022/pdf-files/Spl Dividend 2013-14 unpaid as of 31 Mar 18.pdf]
[www.sasken.com/hubfs/Sasken Feb-2022/pdf-files/3rd Interim Dividend 2013-14 unpaid as of 31 Mar 18.pdf]
[www.sasken.com/hubfs/Sasken Feb-2022/pdf-files/Interim Dividend 2014-15 unpaid as of 31 Mar 18(1).pdf]
[www.sasken.com/hubfs/Sasken Feb-2022/pdf-files/Interim Dividend 2014-15 unpaid as of 31 Mar 18.pdf]
[www.sasken.com/hubfs/Sasken Feb-2022/pdf-files/Interim Dividend 2015-16 unpaid as of 31 Mar 18.pdf]
[www.sasken.com/hubfs/Sasken Feb-2022/pdf-files/2nd Interim Dividend 2015-16 unpaid as of 31 Mar 18.pdf]
[www.sasken.com/hubfs/Sasken Feb-2022/pdf-files/Interim Dividend 2016-17 unpaid as of 31 Mar 18.pdf]
[www.sasken.com/hubfs/Sasken Feb-2022/pdf-files/Interim Dividend 2017-18 unpaid as of 31 Mar 18.pdf]
[www.sasken.com/hubfs/Sasken Feb-2022/pdf-files/Final Dividend 2010-11 unpaid list as of 31 Mar 2018.pdf]
[www.sasken.com/hubfs/Sasken Feb-2022/pdf-files/Final Dividend 2011-12 unpaid list as of 31 Mar 2018.pdf]
[www.sasken.com/hubfs/Sasken Feb-2022/pdf-files/Final Dividend 2012-13 unpaid as of 31 Mar 18.pdf]
[www.sasken.com/hubfs/Sasken Feb-2022/pdf-files/Final Dividend 2013-14 unpaid as of 31 Mar 18.pdf]
[www.sasken.com/hubfs/Sasken Feb-2022/pdf-files/Final Dividend 2014-15 unpaid as of 31 Mar 18.pdf]
[www.sasken.com/hubfs/Sasken Feb-2022/pdf-files/Final Dividend 2016-17 unpaid as of 31 Mar 18.pdf]
[www.sasken.com/hubfs/Sasken Feb-2022/pdf-files/2011-12 Interim Dividend unpaid Dividend 31 Jan 18.pdf]
[www.sasken.com/hubfs/Sasken Feb-2022/pdf-files/2012-13 Interim Dividend unpaid Dividend 31 Jan 18.pdf]
[www.sasken.com/hubfs/Sasken Feb-2022/pdf-files/Interim Dividend Unclaimed FY 2013-14.pdf]
[www.sasken.com/hubfs/Sasken Feb-2022/pdf-files/Special Interim Dividend Unclaimed FY 2013-14.pdf]
[www.sasken.com/hubfs/Sasken Feb-2022/pdf-files/3rd Interim Dividend Unclaimed FY 2013-14.pdf]
[www.sasken.com/hubfs/Sasken Feb-2022/pdf-files/Interim Dividend Unclaimed FY 2014-15.pdf]
[www.sasken.com/hubfs/Sasken Feb-2022/pdf-files/Special Interim Dividend Unclaimed FY 2014-15.pdf]
[www.sasken.com/hubfs/Sasken Feb-2022/pdf-files/Interim Dividend Unclaimed FY 2015-16.pdf]
[www.sasken.com/hubfs/Sasken Feb-2022/pdf-files/2nd Interim & Special Dividend Unclaimed FY 2015-16.pdf]
[www.sasken.com/hubfs/Sasken Feb-2022/pdf-files/Interim Dividend Unclaimed FY 2016-17.pdf]
[www.sasken.com/hubfs/Sasken Feb-2022/pdf-files/2017-18 Interim Dividend unpaid Dividend 31 Jan 18.pdf]
[www.sasken.com/hubfs/Sasken Feb-2022/pdf-files/Final Dividend Unclaimed FY 2010-11.pdf]
[www.sasken.com/hubfs/Sasken Feb-2022/pdf-files/Final Dividend Unclaimed FY 2011-12.pdf]
[www.sasken.com/hubfs/Sasken Feb-2022/pdf-files/Final Dividend Unclaimed FY 2012-13.pdf]
[www.sasken.com/hubfs/Sasken Feb-2022/pdf-files/Final Dividend Unclaimed FY 2013-14.pdf]
[www.sasken.com/hubfs/Sasken Feb-2022/pdf-files/Final Dividend Unclaimed FY 2014-15.pdf]
[www.sasken.com/hubfs/Sasken Feb-2022/pdf-files/2016-17 Final Div unpaid 31 Jan 18.pdf]
[www.sasken.com/hubfs/Sasken Feb-2022/pdf-files/Int Dividend 2010-11 unclaimed as of 18 July 17.pdf]
[www.sasken.com/hubfs/Sasken Feb-2022/pdf-files/Int Dividend 2011-12 unclaimed as of 18 July 17.pdf]
[www.sasken.com/hubfs/Sasken Feb-2022/pdf-files/Int Dividend 2012-13 unclaimed as of 18 July 17.pdf]
[www.sasken.com/hubfs/Sasken Feb-2022/pdf-files/Int Dividend 2013-14 unclaimed as of 18 July 17.pdf]
[www.sasken.com/hubfs/Sasken Feb-2022/pdf-files/Spl Int Dividend 2013-14 unclaimed as of 18 July 17.pdf]
[www.sasken.com/hubfs/Sasken Feb-2022/pdf-files/3rd Spl Int Dividend 2013-14 unclaimed as of 18 July 17.pdf]
[www.sasken.com/hubfs/Sasken Feb-2022/pdf-files/Int Dividend 2014-15 unclaimed as of 18 July 17.pdf]
[www.sasken.com/hubfs/Sasken Feb-2022/pdf-files/Spl Int Dividend 2014-15 unclaimed as of 18 July 17.pdf]
[www.sasken.com/hubfs/Sasken Feb-2022/pdf-files/Int Dividend 2015-16 unclaimed as of 18 July 17.pdf]
[www.sasken.com/hubfs/Sasken Feb-2022/pdf-files/2nd Int n Spl Dividend 2015-16 unclaimed as of 18 July 17.pdf]
[www.sasken.com/hubfs/Sasken Feb-2022/pdf-files/Int Dividend 2016-17 unclaimed as of 18 July 17.pdf]
[www.sasken.com/hubfs/Sasken Feb-2022/pdf-files/Final Dividend 2009-10 unclaimed as of 18 July 17.pdf]
[www.sasken.com/hubfs/Sasken Feb-2022/pdf-files/Final Dividend 2010-11 unclaimed as of 18 July 17.pdf]
[www.sasken.com/hubfs/Sasken Feb-2022/pdf-files/Final Dividend 2011-12 unclaimed as of 18 July 17.pdf]
[www.sasken.com/hubfs/Sasken Feb-2022/pdf-files/Final Dividend 2012-13 unclaimed as of 18 July 17.pdf]
[www.sasken.com/hubfs/Sasken Feb-2022/pdf-files/Final Dividend 2013-14 unclaimed as of 18 July 17.pdf]
[www.sasken.com/hubfs/Sasken Feb-2022/pdf-files/Final Dividend 2014-15 unclaimed as of 18 July 17.pdf]
[www.sasken.com/hubfs/Sasken Feb-2022/pdf-files/List of unclaimed holders as of 31 Dec 18 (1).pdf]
[www.sasken.com/investors/unclaimed-dividend-shares.html]
[cdnjs.cloudflare.com/ajax/libs/font-awesome/4.7.0/css/font-awesome.min.css]
[www.sasken.com/hubfs/hub_generated/module_assets/1/70998461290/1743342459798/module_Sasken_Committees_of_the_Board.min.css]
[www.sasken.com/investors/management-team.html]
[cdnjs.cloudflare.com/ajax/libs/bootstrap/4.6.1/js/bootstrap.min.js]
[www.sasken.com/hubfs/Ltr_SE_Int_SE_Dec_31_2025.pdf]
[www.sasken.com/hubfs/Ltr to SE on allotment of RSUs - 2 Feb 2026.pdf]
[www.sasken.com/hubfs/Ltr_to_SE_on_trading_window_closure_16Dec2025.pdf]
[www.sasken.com/hubfs/Ltr_to_SE_Sparx_20Nov2025.pdf]
[www.sasken.com/hubfs/Letter to Stock Exchanges for change in management-1.pdf]
[www.sasken.com/hubfs/Letter to Stock Exchanges for change in management.pdf]
[www.sasken.com/hubfs/Nov_2025_Investors/Ltr_SE_Int_SE_Sep_30_2025.pdf]
[www.sasken.com/hubfs/Disclosure of Related Party Transactions - Q2 _FY26.pdf]
[www.sasken.com/hubfs/Newspaper Publication Financials results published in Business line, all editions & Kannada Prabha, Bengaluru Edition.pdf]
[www.sasken.com/hubfs/Ltr_to_SEs_Institutional_Meet_17_Sep_2025.pdf]
[www.sasken.com/hubfs/Ltr_to_SEs_Director_Appnt_Meeta_Malhotra.pdf]
[www.sasken.com/hubfs/Ltr_to_SE_H1BVISA_21_Sep_2025.pdf]
[www.sasken.com/hubfs/Ltr_to_SE_VicOne_18_Sep_2025.pdf]
[www.sasken.com/hubfs/Intimation of trading window closure sent to Stock Exchanges-1.pdf]
[www.sasken.com/hubfs/Ltr_to_SEs_CTO_Resign_10Sep2025.pdf]
[www.sasken.com/hubfs/Ltr_SE_Int_SE_Jun_30_2025.pdf]
[www.sasken.com/hubfs/Sasken_global/investors/14_Aug_25/Newspaper Publication Financials results published in Business line, all editions & Kannada Prabha, Bengaluru Edition.pdf]
[www.sasken.com/hubfs/Letter to Stock Exchanges for change in Management-2.pdf]
[www.sasken.com/hubfs/investor/Intimation of allotment of shares to employees sent to Stock Exchanges.pdf]
[www.sasken.com/hubfs/investor/Letter to Stock Exchanges for completion of tenure as an Independent Director.pdf]
[www.sasken.com/hubfs/Sasken_global/Investors_2025/Intimation of trading window closure sent to Stock Exchanges.pdf]
[www.sasken.com/hubfs/Ltr_to_SE_PR_12_June_2025.pdf]
[www.sasken.com/hubfs/Sasken_global/investors/June_2025/Ltr_SE_ASCR_May_26_2025.pdf]
[www.sasken.com/hubfs/Sasken_global/investors/FINANCIAL YEAR 2024-2025_Q4/Ltr_SE_Int_SE_18_Apr_2025.pdf]
[www.sasken.com/hubfs/Sasken_global/investors/June_2025/RPT disclosure.pdf]
[www.sasken.com/hubfs/Sasken_global/investors/FINANCIAL YEAR 2024-2025_Q4/Newspaper Publication Financials results published in Business line, all editions & Kannada Prabha, Bengaluru Edition.9]
[www.sasken.com/hubfs/Sasken_global/Ltr_to_SE_on_acquisition_of_Borqs_14_Apr_2025.pdf]
[www.sasken.com/hubfs/Sasken_global/Ltr_to_SE_on_completion_of_acq_8_Apr_2025.pdf]
[www.sasken.com/hubfs/Sasken_global/investors/Ltr_to_SE_Int_of_BM_25Mar2025.pdf]
[www.sasken.com/hubfs/Sasken_global/investors/Ltr_to_SE_on_trading_window_closure_16Mar2025.pdf]
[www.sasken.com/hubfs/Sasken_global/investors/Ltr_SE_Updates_Tax_Feb_13_2025_Final.pdf]
[www.sasken.com/hubfs/Sasken_global/Investors_2025/Ltr_SE_Int_Dec_31_2024.pdf]
[www.sasken.com/hubfs/Sasken_global/investors/Newspaper Publication Financials results published in Business line, all editions & Kannada Prabha, Bengaluru Edition.pdf]
[www.sasken.com/hubfs/Sasken_global/investors/Ltr_to_SE_Disclosure_KENFEST_23_Jan_2025.pdf]
[www.sasken.com/hubfs/Sasken_global/investors/Ltr_to_SE_on_trading_window_closure_16_Dec_2024.pdf]
[www.sasken.com/hubfs/Sasken_global/investors/FINANCIAL YEAR 2024-2025_Q2/Ltr_Outcome_of_BM_9Nov2024.pdf]
[www.sasken.com/hubfs/Sasken_global/Cosec_December_24/Ltr_to_SE_on_trading_window_closure_2_Nov_2024.pdf]
[www.sasken.com/hubfs/Sasken_global/Cosec_December_24/Ltr to SE - Intimation of BM - 2 Nov 2024.pdf]
[www.sasken.com/hubfs/Sasken_global/announcements/Ltr_SE_Int_SE_25_Oct_2024.pdf]
[www.sasken.com/hubfs/Sasken_global/investors/FINANCIAL YEAR 2024-2025_Q2/RPT - webupload.pdf]
[www.sasken.com/hubfs/Sasken_global/investors/FINANCIAL YEAR 2024-2025_Q2/Newspaper Publication Financials results published in Business line, all editions & Kannada Prabha, Bengaluru Edition.9]
[www.sasken.com/hubfs/Sasken_global/investors/Ltr_to_SE_on_trading_window_closure_16September2024.pdf]
[www.sasken.com/hubfs/Sasken_global/investors/FINANCIAL_YEAR_2024-2025_Q1/Disclaimer_Ltr_SE_Discl_30_Salesken_14_Aug_2024.pdf]
[www.sasken.com/hubfs/Sasken_global/investors/Annoucements/Ltr_SE_Int_SE_July_31_2024.pdf]
[www.sasken.com/hubfs/Sasken_global/investors/FINANCIAL_YEAR_2024-2025_Q1/Ltr_to_SE_on_allotment_of_RSUs_31_Jul_2024.pdf]
[www.sasken.com/hubfs/Sasken_global/investors/FINANCIAL_YEAR_2024-2025_Q1/Newspaper Publication Financials results published in Business line, all editions & Kannada Prabha, Bengaluru Edition.9]
[www.sasken.com/hubfs/Sasken_global/investors/FINANCIAL_YEAR_2024-2025_Q1/Ltr_to_SE_Re_appointment_Rajiv_31_Jul_2024.pdf]
[www.sasken.com/hubfs/Sasken_global/investors/Annoucements/Ltr_to_SE_Bharat_Patel_2nd_Term_completion_18July2024.pdf]
[www.sasken.com/hubfs/Sasken_global/investors/Annoucements/Ltr_to_SE_on_trading_window_closure_17_June_2024.pdf]
[www.sasken.com/hubfs/investor/announcement/Ltr_to_SE_Outcome_of_BM_12_June_2024.pdf]
[www.sasken.com/hubfs/Sasken_global/announcements/Ltr_SE_Int_SE_12_Jun_2024.pdf]
[www.sasken.com/hubfs/Sasken_global/announcements/Ltr_to_SE_Appnt_of_CEO_3_June_2024.pdf]
[www.sasken.com/hubfs/Sasken_global/announcements/Ltr_to_SEs_Sr_Mgmt_appt_3Jun2024_COO_Alwyn.pdf]
[www.sasken.com/hubfs/Sasken_global/investors/Q4_2023-2024_7May_24/Ltr_ASCR_BSE_NSE_PDF_28May2024.pdf]
[www.sasken.com/hubfs/Sasken_global/investors/Ltr_SE_Int_SE_30_Apr_2024.pdf]
[www.sasken.com/hubfs/Sasken_global/investors/Q4_2023-2024_7May_24/Newspaper Publication of FR - Q4 FY24.pdf]
[www.sasken.com/hubfs/Sasken_global/investors/Q4_2023-2024_7May_24/Disclosure of RPT - March 31, 2024.pdf]
[www.sasken.com/hubfs/Sasken_global/investors/Ltr_to_SE_PR_16_Apr_2024.pdf]
[www.sasken.com/hubfs/Sasken_global/investors/Ltr_to_SE_Retirement_B_Ramkumar_SMP_31_Mar_2024.pdf]
[www.sasken.com/hubfs/Sasken_global/announcements/Ltr_to_SE_Investment_in_new_venture_20Mar2024.pdf]
[www.sasken.com/hubfs/Sasken_global/announcements/Ltr_to_SE_on_trading_window_closure_16_March_2024.pdf]
[www.sasken.com/hubfs/Sasken_global/announcements/Ltr_to_SE_on_release_of_advt_19_Feb_24.pdf]
[www.sasken.com/hubfs/Sasken_global/announcements/Ltr_to_SE_on_allotment_of_RSUs_9Feb2024.pdf]
[www.sasken.com/hubfs/Sasken_global/announcements/Ltr_SE_Int_SE_12_Jan_2024.pdf]
[www.sasken.com/hubfs/Sasken_global/Results Q3 FY24/Newspaper publication Jan 2024.pdf]
[www.sasken.com/hubfs/Sasken_global/announcements/Ltr_to_SE_PR_Jupiter_18_Jan_2024.pdf]
[www.sasken.com/hubfs/Sasken_global/investors/Ltr_to_SE_on_trading_window_closure_16_December_2023.pdf]
[www.sasken.com/hubfs/Sasken_global/investors/Q2 FY24/Newspaper Publication Financial Results published in Business Line, all editions & Kannada Prabha, Bengaluru.pdf]
[www.sasken.com/hubfs/Sasken_global/investors/Ltr_SE_Int_SE_Oct_12_2023.pdf]
[www.sasken.com/hubfs/Sasken_global/investors/Q2 FY24/RPT-webupload.pdf]
[www.sasken.com/hubfs/Sasken_global/investors/PR_Sasken_Collabrates_with_Qualcomm_Oct_3_2023.pdf]
[www.sasken.com/hubfs/investor/Ltr_SE_Int_SE_Sep_11_2023.pdf]
[www.sasken.com/hubfs/Sasken_global/investors/Outcome of Board meeting-Sep 18, 2023.pdf]
[www.sasken.com/hubfs/Sasken_global/investors/Ltr_to_SE_on_trading_window_closure_16_September_2023.pdf]
[www.sasken.com/hubfs/Sasken_global/investors/FINANCIAL_YEAR_2023-2024_Q1/Ltr_to_SE_Disclosure_Reappointment_July_29_2023.pdf]
[www.sasken.com/hubfs/Sasken_global/investors/Ltr_SE_Int_SE_July_26_2023.pdf]
[www.sasken.com/hubfs/Sasken_global/investors/FINANCIAL_YEAR_2023-2024_Q1/Newspaper Publication Financials results published in Business line, all editions & Kannada Prabha, Bengaluru Edition.9]
[www.sasken.com/hubfs/Sasken_global/investors/FINANCIAL_YEAR_2023-2024_Q1/7. Outcome of Board Meeting - 26 July 2023 - Resignation of Mr. Sanjay M. Shah, Independent Director.pdf]
[www.sasken.com/hubfs/Sasken_global/investors/Ltr_to_SE_on_trading_window_closure_16_June_2023.pdf]
[www.sasken.com/hubfs/Sasken_global/Annual Sec compliance report.pdf]
[www.sasken.com/hubfs/Sasken_global/investors/RPT_Disclosure_Mar_31_2023.pdf]
[www.sasken.com/hubfs/Sasken_global/investors/Notice_of_board_meeting_sent_to_stock_exchanges.pdf]
[www.sasken.com/hubfs/Sasken_global/general_meeting/Newspaper Publication Financials results published in Business line, all editions & Kannada Prabha, Bengaluru Edition.pdf]
[www.sasken.com/hubfs/Sasken_global/announcements/Ltr_to_SE_on_trading_window_closure_15-March-2023.pdf]
[www.sasken.com/hubfs/Sasken-2023/Announcement/Newspaper_Publication_Financials_results_published_in_Business_line_all_editions_&_Kannada_Prabha_Bengaluru_Edition_Jan 25,_2023.pdf]
[www.sasken.com/hubfs/Sasken-2023/Announcement/Notice_of_Board_meeting_sent_to_Stock_Exchanges-Jan_16_2023.pdf]
[www.sasken.com/hubfs/Sasken-2022/Announcement/Ltr_to_SE_on_trading_window_closure_16_Dec_2022.pdf]
[www.sasken.com/hubfs/Sasken-2022/Announcement/Newspaper_Publication_Notice_to_shareholders_published_in_Business_line_all_editions_and_Kannada_Prabha_Bengaluru_Edition.pdf]
[www.sasken.com/hubfs/Sasken-2022/Announcement/Disclosure of Related Party Transaction Report - Sept 30, 2022.pdf]
[www.sasken.com/hubfs/Sasken_Sep-2022/Announcement/Newspaper_Publication-Financial_Results_published_in_Business_line_all_editions-Kannada_Prabha.pdf]
[www.sasken.com/hubfs/Sasken_Sep-2022/Announcement/Notice of Board meeting sent to Stock Exchanges.pdf]
[www.sasken.com/hubfs/Sasken_Sep-2022/Announcement/Intimation of trading window closure sent to Stock Exchanges.pdf]
[www.sasken.com/hubfs/investor/announcement/Ltr_to_SE_on_outcome_of_BM_10Aug2022.pdf]
[www.sasken.com/hubfs/investor/announcement/Intimation_to_SE_change_of_Senior_Mgmt_4Aug22.pdf]
[www.sasken.com/hubfs/investor/announcement/Newspaper publication-Financial results published in Business Line and Kannada Prabha.pdf]
[www.sasken.com/hubfs/investor/announcement/PR-Sasken_appoints _Abhijit_Kabra _as_CEO-July_20_2022.pdf]
[www.sasken.com/hubfs/investor/announcement/Int_of_BM_to_SE_12July2022.pdf]
[www.sasken.com/hubfs/investor/announcement/Ltr_to_SE_on_AGM_27_June_2022.pdf]
[www.sasken.com/hubfs/investor/announcement/Ltr_to_SE_on_trading_window_closure_16_June_2022.pdf]
[www.sasken.com/hubfs/investor/announcement/Newspaper Publication Notice to shareholders published in Business line all editions and Kannada Prabha, Bengaluru Edition.pdf]
[www.sasken.com/hubfs/investor/announcement/Annual Secretarial Compliance Report-FY22.pdf]
[www.sasken.com/hubfs/Sasken Feb-2022/pdf-files/Int_of_BM_to_SE_14Apr2022.pdf]
[www.sasken.com/hubfs/Sasken Feb-2022/pdf-files/Newspaper publication Financial results published in Business line all editions - Kannada Prabha, Bengaluru Edition.pdf]
[www.sasken.com/hubfs/Sasken Feb-2022/pdf-files/Int_of_BM_to_SE_10Jan2022.pdf]
[www.sasken.com/hubfs/Sasken Feb-2022/pdf-files/Sasken Financial Ad 12x18cm_20-1-22(1) (1).pdf]
[www.sasken.com/hubfs/Sasken Feb-2022/pdf-files/Form_ISR-1.pdf]
[www.sasken.com/hubfs/Sasken Feb-2022/pdf-files/Ltr_to_SE_on_trading_window_closure_16Dec2021.pdf]
[www.sasken.com/hubfs/Sasken Feb-2022/pdf-files/Newspaper_publication_financial_results_published.pdf]
[www.sasken.com/hubfs/Sasken Feb-2022/pdf-files/Ltr_SE_RPT_30_Sep_2021.pdf]
[www.sasken.com/hubfs/Sasken Feb-2022/pdf-files/Int_of_BM_to_SE_11Oct2021.pdf]
[www.sasken.com/hubfs/Sasken Feb-2022/pdf-files/Letter_to_SE_on_closure_of_WOS-October08,2021.pdf]
[www.sasken.com/hubfs/Sasken Feb-2022/pdf-files/Sasken Financial Ad 12x18cm_21-7-21.pdf]
[www.sasken.com/hubfs/Sasken Feb-2022/pdf-files/Ltr_SE_next_BM_12July2021.pdf]
[www.sasken.com/hubfs/Sasken Feb-2022/pdf-files/Letter_sent_to_stock_exchanges_for_Annual_Secretarial_Compliance_report.pdf]
[www.sasken.com/hubfs/Sasken Feb-2022/pdf-files/Ltr_to_SE_on_next_BM_22April21.pdf]
[www.sasken.com/hubfs/Sasken Feb-2022/pdf-files/Sasken Financial Ad.pdf]
[www.sasken.com/hubfs/Sasken Feb-2022/pdf-files/Ltr_to_SE_on_trading_window_closure_16March2021.pdf]
[www.sasken.com/hubfs/Sasken Feb-2022/pdf-files/Int_of_BM_to_SE_6Jan2021.pdf]
[www.sasken.com/hubfs/Sasken Feb-2022/pdf-files/Sasken Notice Ad 4x6cm_7-1-21.pdf]
[www.sasken.com/hubfs/Sasken Feb-2022/pdf-files/Sasken Financial Ad_12x18cm_20-1-21.pdf]
[www.sasken.com/hubfs/Sasken Feb-2022/pdf-files/Ltr_to_SE_on_trading_window_closure_17Dec20.pdf]
[www.sasken.com/hubfs/Sasken Feb-2022/pdf-files/Ltr_to_SE_on_Primatec_partnering_20Nov20.pdf]
[www.sasken.com/hubfs/Sasken Feb-2022/pdf-files/Ltr_to_SE_for_Reclassification_of_Promoters_29Oct2020.pdf]
[www.sasken.com/hubfs/Sasken Feb-2022/pdf-files/Ltr_to_SE_BM_21_Oct_2020.pdf]
[www.sasken.com/hubfs/Sasken Feb-2022/pdf-files/Ltr_to_SE_outcome_of_Bd_Mtg_21Oct2020.pdf]
[www.sasken.com/hubfs/Sasken Feb-2022/pdf-files/Sasken Financial Ad_12x18cm_21-10-20 Final Final.pdf]
[www.sasken.com/hubfs/Sasken Feb-2022/pdf-files/Ltr to BSE on spurt in volume 22 Sep 20-signed.pdf]
[www.sasken.com/hubfs/Sasken Feb-2022/pdf-files/Ltr_to_NSE_on_spurt_in_volume_22Sep20.pdf]
[www.sasken.com/hubfs/Sasken Feb-2022/pdf-files/Ltr_SE_trading_window_closure_16Sept2020.pdf]
[www.sasken.com/hubfs/Sasken Feb-2022/pdf-files/Ltr_to_SE_informing_the_application_made_on_25Aug20.pdf]
[www.sasken.com/hubfs/Sasken Feb-2022/pdf-files/PR_Sasken_appoints_Edwin_03Aug2020.pdf]
[www.sasken.com/hubfs/Sasken Feb-2022/pdf-files/Int_of_BM_to_SE_29Jul2020.pdf]
[www.sasken.com/hubfs/Sasken Feb-2022/pdf-files/Sasken Notice Ad 4x6cm_21-7-19.pdf]
[www.sasken.com/hubfs/Sasken Feb-2022/pdf-files/Sasken_Financial_Ad_29-07-2020.pdf]
[www.sasken.com/hubfs/Sasken Feb-2022/pdf-files/Ltr_to_SE_trading_window_closure_16June20.pdf]
[www.sasken.com/hubfs/Sasken Feb-2022/pdf-files/Ltr_SE_appointment_auditors.pdf]
[www.sasken.com/hubfs/Sasken Feb-2022/pdf-files/Ltr_SE_resignation_of_auditors_16May2020.pdf]
[www.sasken.com/hubfs/Sasken Feb-2022/pdf-files/Ltr_SE_Int_BM_27Apr20.pdf]
[www.sasken.com/hubfs/Sasken Feb-2022/pdf-files/Ltr_SE_informing_request_received_from_Promoter_Group.pdf]
[www.sasken.com/hubfs/Sasken Feb-2022/pdf-files/Sasken Financial Ad_27-4-20.pdf]
[www.sasken.com/hubfs/Sasken Feb-2022/pdf-files/Ltr_SE_inability_dividend_dispatch_3Apr2020.pdf]
[www.sasken.com/hubfs/Sasken Feb-2022/pdf-files/Intimation_BSE_NSE_Woman_ID_appoint_27Mar20.pdf]
[www.sasken.com/hubfs/Sasken Feb-2022/pdf-files/Ltr_SE_BM_6Mar2020_proposal_dividend.pdf]
[www.sasken.com/hubfs/Sasken Feb-2022/pdf-files/Revised_Ltr_SE_revised_BM_9Mar20.pdf]
[www.sasken.com/hubfs/Sasken Feb-2022/pdf-files/Ltr_SE_outcome_BM_9March20.pdf]
[www.sasken.com/hubfs/Sasken Feb-2022/pdf-files/Ltr_SE_resign_Prof_J_Ram_27Feb20.pdf]
[www.sasken.com/hubfs/Sasken Feb-2022/pdf-files/Ltr_SE_BM_9Jan2020.pdf]
[www.sasken.com/hubfs/Sasken Feb-2022/pdf-files/Sasken Notice Ad 4x6cm_9-1-20.pdf]
[www.sasken.com/hubfs/Sasken Feb-2022/pdf-files/PR_Sasken_joins_Mediatek_IoT_8Jan20.pdf]
[www.sasken.com/hubfs/Sasken Feb-2022/pdf-files/PR_Sasken_joins_Qualcomm_8Jan20.pdf]
[www.sasken.com/hubfs/Sasken Feb-2022/pdf-files/Ltr_SE_Registrar_name_change_9Dec19.pdf]
[www.sasken.com/hubfs/Sasken Feb-2022/pdf-files/Ltr to SE on BM - 7 Nov 2019 - Proposal for int dividend.pdf]
[www.sasken.com/hubfs/Sasken Feb-2022/pdf-files/Ltr to SE on BM 30 Sept 19.pdf]
[www.sasken.com/hubfs/Sasken Feb-2022/pdf-files/Sasken Notice Ad 4x6cm_30-9-19.pdf]
[www.sasken.com/hubfs/Sasken Feb-2022/pdf-files/Sasken Financial Ad_12x18cm_18-10-19.pdf]
[www.sasken.com/hubfs/Sasken Feb-2022/pdf-files/PR_CEATEC_2019_in_Japan_7Oct2019.pdf]
[www.sasken.com/hubfs/Sasken Feb-2022/pdf-files/PR_Sasken_joins_Seimens_Partner_program_11Sept2019-1.pdf]
[www.sasken.com/hubfs/Sasken Feb-2022/pdf-files/Ltr_to_SE_on_BM_3July19.pdf]
[www.sasken.com/hubfs/Sasken Feb-2022/pdf-files/Sasken Notice Ad in Newspaper - 4July2019.pdf]
[www.sasken.com/hubfs/Sasken Feb-2022/pdf-files/Sasken Financial Newspaper Ad - 18-7-19.pdf]
[www.sasken.com/hubfs/Sasken Feb-2022/pdf-files/PR_Cohda_wireless_and_Sasken.pdf]
[www.sasken.com/hubfs/Sasken Feb-2022/pdf-files/Ltr_SE_RPT_Reg_23_9_LoDR_31Mar2019.pdf]
[www.sasken.com/hubfs/Sasken Feb-2022/pdf-files/Sasken Notice Ad 4x6cm_15-4-19.pdf]
[www.sasken.com/hubfs/Sasken Feb-2022/pdf-files/Ltr_SE_trading_window_closure_18Mar19.pdf]
[www.sasken.com/hubfs/Sasken Feb-2022/pdf-files/Ltr_SE_BM_Intimation_23Apr2019.pdf]
[www.sasken.com/hubfs/Sasken Feb-2022/pdf-files/Ltr_SE_informing_Board_proposal_BB.pdf]
[www.sasken.com/hubfs/Sasken Feb-2022/pdf-files/Ltr_SE_BSM_vacation_of_office.pdf]
[www.sasken.com/hubfs/Sasken Feb-2022/pdf-files/Newpaper Pub artwork Q4 FY19.pdf]
[www.sasken.com/hubfs/Sasken Feb-2022/pdf-files/Ltr_SE_JB_Mody_resignation.pdf]
[www.sasken.com/hubfs/Sasken Feb-2022/pdf-files/PR_Smartrac_Sasken_Announce_IoT_Solution_Alliance_11Feb19-1.pdf]
[www.sasken.com/hubfs/Sasken Feb-2022/pdf-files/PR_Zinnov_Report_Sasken_in_leadership_zone_6Feb2019.pdf]
[www.sasken.com/hubfs/Sasken Feb-2022/pdf-files/Sasken Notice Ad 7-1-19.pdf]
[www.sasken.com/hubfs/Sasken Feb-2022/pdf-files/Ltr_to_SE_BM_7Jan2019.pdf]
[www.sasken.com/hubfs/Sasken Feb-2022/pdf-files/Sasken 12x18cm_21-1-19.pdf]
[www.sasken.com/hubfs/Sasken Feb-2022/pdf-files/BSE_NSE_PR_Sasken_launches_Automotive_Centre_Detroit.pdf]
[www.sasken.com/hubfs/Sasken Feb-2022/pdf-files/BSE_NSE_PR_Sasken_participate_CES_2019.pdf]
[www.sasken.com/hubfs/Sasken Feb-2022/pdf-files/BSE_NSE_PR_SASKEN_Everest_group.pdf]
[www.sasken.com/hubfs/Sasken Feb-2022/pdf-files/PR_Calvin_as_VP_and_Head_Automotive_Business.pdf]
[www.sasken.com/hubfs/Sasken Feb-2022/pdf-files/PR_appt_Vinita_Shrivastava_Sasken.pdf]
[www.sasken.com/hubfs/Sasken Feb-2022/pdf-files/Intimation_BSE_NSE_IT_Assessment_Order_13Nov18.pdf]
[www.sasken.com/hubfs/Sasken Feb-2022/pdf-files/PR_Enterprise Ethereum Alliance_Membership_30-Oct-2018.pdf]
[www.sasken.com/hubfs/Sasken Feb-2022/pdf-files/Ltr_SE_BM_8Oct18.pdf]
[www.sasken.com/hubfs/Sasken Feb-2022/pdf-files/Sasken Notice Ad 4x6cm_8-10-18.pdf]
[www.sasken.com/hubfs/Sasken Feb-2022/pdf-files/Sasken 12x18cm_23-10-18.pdf]
[www.sasken.com/hubfs/Sasken Feb-2022/pdf-files/PR__APTO_membership_20Sept2018.pdf]
[www.sasken.com/hubfs/Sasken Feb-2022/pdf-files/Trading_window_closure_17Sept2018.pdf]
[www.sasken.com/hubfs/Sasken Feb-2022/pdf-files/letter_to_SE_investor_meet.pdf]
[www.sasken.com/hubfs/Sasken Feb-2022/pdf-files/PR_EtherCAT_Tech_membership_1Aug18.pdf]
[www.sasken.com/hubfs/Sasken Feb-2022/pdf-files/Newspaper Advt_19Jul18.pdf]
[www.sasken.com/hubfs/Sasken Feb-2022/pdf-files/Intimation_BM_SE_3July18.pdf]
[www.sasken.com/hubfs/Sasken Feb-2022/pdf-files/PR_International_Olympiad_10May18.pdf]
[www.sasken.com/hubfs/Sasken Feb-2022/pdf-files/PR_Sequans_Sasken_collab_7May18.pdf]
[www.sasken.com/hubfs/Sasken Feb-2022/pdf-files/FR-Newspaper.pdf]
[www.sasken.com/hubfs/Sasken Feb-2022/pdf-files/Sasken Notice Ad.pdf]
[www.sasken.com/hubfs/Sasken Feb-2022/pdf-files/Intimation_of_BM_to_SE_6Apr18.pdf]
[www.sasken.com/hubfs/Sasken Feb-2022/pdf-files/PR_Sasken_Showcased_MWC_2018_6Mar2018.pdf]
[www.sasken.com/hubfs/Sasken Feb-2022/pdf-files/Press_Release_Sasken_unveils_new_logo.pdf]
[www.sasken.com/hubfs/Sasken Feb-2022/pdf-files/Sasken 22-1-18-001 Press Release.pdf]
[www.sasken.com/hubfs/Sasken Feb-2022/pdf-files/Notice_of_BM_to_SE_22_Jan_2018.pdf]
[www.sasken.com/hubfs/Sasken Feb-2022/pdf-files/Notice_of_BM_to_SE_22_Jan_2018_corrigendum.pdf]
[www.sasken.com/hubfs/Sasken Feb-2022/pdf-files/Newspaper advertisement-2.pdf]
[www.sasken.com/hubfs/Sasken Feb-2022/pdf-files/Press_Release_Zinnov_ranks_Saskens_8_1_2018.pdf]
[www.sasken.com/hubfs/Sasken Feb-2022/pdf-files/BM_Notice_16_Oct_2017.pdf]
[www.sasken.com/hubfs/Sasken Feb-2022/pdf-files/Newspaper advertisement (1).pdf]
[www.sasken.com/hubfs/Sasken Feb-2022/pdf-files/PR_Mr_Arif_Khan_Appointment.pdf]
[www.sasken.com/hubfs/Sasken Feb-2022/pdf-files/Press Release  Sasken Joins PTC.pdf]
[www.sasken.com/hubfs/Sasken Feb-2022/pdf-files/Intimation_to_SE_for_BM.pdf]
[www.sasken.com/hubfs/Sasken Feb-2022/pdf-files/Newspaper-advertisement.pdf]
[www.sasken.com/hubfs/Sasken Feb-2022/pdf-files/Financial_Results_for_quarter_and_year_ended_31Mar2017.pdf]
[www.sasken.com/hubfs/Sasken Feb-2022/pdf-files/Notice_of_the_Board_Meeting_sent_to_stock_exchanges.pdf]
[www.sasken.com/hubfs/Sasken Feb-2022/pdf-files/Notice_of_the_Board_Meeting.pdf]
[www.sasken.com/hubfs/Sasken Feb-2022/pdf-files/Intimation_to_SE_5Apr2017.pdf]
[www.sasken.com/hubfs/Sasken Feb-2022/pdf-files/Intimation_to_SE_Resignation_Dr.Ashok_Jhun_31Jan2017.pdf]
[www.sasken.com/hubfs/Sasken Feb-2022/pdf-files/Ltr_to_SE_PR_on_Sasken_participates_in_CES_2017_25Jan2017.pdf]
[www.sasken.com/hubfs/Sasken Feb-2022/pdf-files/Notice_of_the_Board_Meeting (1).pdf]
[www.sasken.com/hubfs/Sasken Feb-2022/pdf-files/Notice_of_the_Board_Meeting_sent_to_Stock_Exchanges (1).pdf]
[www.sasken.com/hubfs/Sasken Feb-2022/pdf-files/Ltr_to_SE_PR_on_Sasken_rated_in_the_Leadership_Zone_by_Zinnov_19Dec2016.pdf]
[www.sasken.com/hubfs/Sasken Feb-2022/pdf-files/Financial_Results_for_quarter_ended_30Sep2016.pdf]
[www.sasken.com/hubfs/Sasken Feb-2022/pdf-files/Notice_of_the_Board_Meeting_sent_to_stock_exchanges (2).pdf]
[www.sasken.com/hubfs/Sasken Feb-2022/pdf-files/Notice_of_the_Board_Meeting (2).pdf]
[www.sasken.com/hubfs/Sasken Feb-2022/pdf-files/Ltr_to_SE_PR_on_Automotive_Grade_Linux_16Nov2016.pdf]
[www.sasken.com/hubfs/Sasken Feb-2022/pdf-files/Ltr_to_SE_Sasken_appoints_Mr_Hari_Haran_as_President_1Sep2016.pdf]
[www.sasken.com/hubfs/Sasken Feb-2022/pdf-files/Application_to_Central_Government_for_re-appointment_of_Mr._Krishna_J._Jhaveri.pdf]
[www.sasken.com/hubfs/Sasken Feb-2022/pdf-files/Notice_of_the_Board_Meeting_sent_to_stock_exchanges_July16.pdf]
[www.sasken.com/hubfs/Sasken Feb-2022/pdf-files/Notice_of_the_Board_Meeting_July16.pdf]
[www.sasken.com/hubfs/Sasken Feb-2022/pdf-files/Financial_Results_for_quarter_ended_30June2016.pdf]
[www.sasken.com/hubfs/Sasken Feb-2022/pdf-files/Notice_of_Board_Meeting_Mar_16.pdf]
[www.sasken.com/hubfs/Sasken Feb-2022/pdf-files/Financial_Results_for_quarter_and_year_ended_31Mar2016.pdf]
[www.sasken.com/hubfs/Sasken Feb-2022/pdf-files/notice_of_board_meeting_&_revised_record_date.pdf]
[www.sasken.com/hubfs/Sasken Feb-2022/pdf-files/outcome_of_board_meeting.pdf]
[www.sasken.com/hubfs/Sasken Feb-2022/pdf-files/update_on_second_arbitration_in_the_matter_of_spreadtrum_communications_Inc-1.pdf]
[www.sasken.com/hubfs/Sasken Feb-2022/pdf-files/press_release_sasken_settles_dispute.pdf]
[www.sasken.com/hubfs/Sasken Feb-2022/pdf-files/notice_of_board_meeting_&_record_date.pdf]
[www.sasken.com/hubfs/Sasken Feb-2022/pdf-files/Financial_Results_for_quarter_ended_31Dec2015.pdf]
[www.sasken.com/hubfs/Sasken Feb-2022/pdf-files/Notice_of_Board_Meeting.pdf]
[www.sasken.com/hubfs/Sasken Feb-2022/pdf-files/Financial_Results_for_quarter_ended_31Dec2015-1.pdf]
[www.sasken.com/investors/announcements.html]
[www.sasken.com/hubfs/Sasken Feb-2022/pdf-files/Ltr_to_SE_on_NCLT_Order_on_Merger_6_Sep_17_0.pdf]
[www.sasken.com/hubfs/Sasken Feb-2022/pdf-files/Scheme_of_Amalgamation_of_SNEL_with_SCTL_6_16.pdf]
[www.sasken.com/hubfs/Sasken Feb-2022/pdf-files/Application_to_BSE.pdf]
[www.sasken.com/hubfs/Sasken Feb-2022/pdf-files/Application_to_NSE.pdf]
[www.sasken.com/hubfs/Sasken Feb-2022/pdf-files/Response_to_NSE_15Oct2015.pdf]
[www.sasken.com/hubfs/Sasken Feb-2022/pdf-files/Response_to_BSE_15Oct2015.pdf]
[www.sasken.com/hubfs/Sasken Feb-2022/pdf-files/Revised_SRB_Certificate_24(i)_Submitted_to_BSE_26Oct2015.pdf]
[www.sasken.com/hubfs/Sasken Feb-2022/pdf-files/Revised_Annexure_VI_Submitted_to_BSE_28Oct2015.pdf]
[www.sasken.com/hubfs/Sasken Feb-2022/pdf-files/Complaint_Report.pdf]
[www.sasken.com/hubfs/Sasken Feb-2022/pdf-files/BSE_Observation_Letter_8th_Dec_15.pdf]
[www.sasken.com/hubfs/Sasken Feb-2022/pdf-files/Intimation_Buy-back_Committee_meeting_20Dec2016.pdf]
[www.sasken.com/hubfs/Sasken Feb-2022/pdf-files/Outcome_of_the_Buy-back_Committee_Meeting_23Dec2016.pdf]
[www.sasken.com/hubfs/Sasken Feb-2022/pdf-files/Filing_of_Special_Resolution_and_Public_Announcement_filed_with_Stock_Exchanges_26Dec2016.pdf]
[www.sasken.com/hubfs/Sasken Feb-2022/pdf-files/Intimation_to_SE_Filing_of_Draft_Letter_of_Offer_28Dec2016_0.pdf]
[www.sasken.com/hubfs/Sasken Feb-2022/pdf-files/Corrigendum_to_Public_Announcement.pdf]
[www.sasken.com/hubfs/Sasken Feb-2022/pdf-files/Schedule_of_Events.pdf]
[www.sasken.com/hubfs/Sasken Feb-2022/pdf-files/Intimation_of_closing_date_of_Buy_back_to_SE.pdf]
[www.sasken.com/hubfs/Sasken Feb-2022/pdf-files/Ltr_to_SE_on_Post_Buyback_PA_2_March_17.pdf]
[www.sasken.com/hubfs/Sasken Feb-2022/pdf-files/Certificate_of_Incorporation_issued_by_RoC_pursuant_to_change_of_name_14Feb2017_0.pdf]
[www.sasken.com/hubfs/Sasken Feb-2022/pdf-files/Newspaper_Advertisement.pdf]
[www.sasken.com/hubfs/Sasken Feb-2022/pdf-files/Final_Approval_BSE.pdf]
[www.sasken.com/hubfs/Sasken Feb-2022/pdf-files/Final_Approval_NSE.pdf]
[www.sasken.com/hubfs/Sasken Feb-2022/pdf-files/Sasken_Public_Announcement_Ad_29-6-15.pdf]
[www.sasken.com/hubfs/Sasken Feb-2022/pdf-files/Corrigendum_to_PA_31_July_15_0.pdf]
[www.sasken.com/hubfs/Sasken Feb-2022/pdf-files/Letter_of_Offer_1_Aug_15_0.pdf]
[www.sasken.com/hubfs/Sasken Feb-2022/pdf-files/Tender Form_Physical_0.pdf]
[www.sasken.com/hubfs/Sasken Feb-2022/pdf-files/Tender Form_Demat.pdf]
[www.sasken.com/hubfs/Sasken Feb-2022/pdf-files/Buyback-Comm-Analyst.pdf]
[www.sasken.com/hubfs/Sasken Feb-2022/pdf-files/BSE_Circular_to_Trdg_Members_5_Aug_15.pdf]
[www.sasken.com/hubfs/Sasken Feb-2022/pdf-files/NSE_Circular_to_Trdg_Members_5_Aug_15.pdf]
[www.sasken.com/investors/archive.html]
[www.sasken.com/hubfs/Sasken-ESG-Policy.pdf]
[www.sasken.com/hubfs/Sasken_global/investors/CSR Annual Action Plan 2026.pdf]
[www.sasken.com/hubfs/Sasken_global/investors/Details of CSR during FY25.pdf]
[www.sasken.com/hubfs/HRMPL38.pdf]
[www.sasken.com/hubfs/Sasken_global/Investors_2025/Responsible Advocacy Policy.pdf]
[www.sasken.com/hubfs/Code on fair disclosure .pdf]
[www.sasken.com/hubfs/Sasken_global/Related Party Policy 17 Jan 2025 for webupload.pdf]
[www.sasken.com/hubfs/Sasken_global/Investors_2025/Memo and AOA - STL.pdf]
[www.sasken.com/hubfs/Sasken_global/Cosec_December_24/Whistle Blower Policy & Vigil Mechanism_2024.pdf]
[www.sasken.com/hubfs/Sasken_global/Risk Management Policy - 24 Jan 2025 for webupload-1.pdf]
[www.sasken.com/suppliers-code-of-conduct.html]
[www.sasken.com/hubfs/Sasken-ESG-Governance.pdf]
[www.sasken.com/ehs-policy.html]
[www.sasken.com/hubfs/HRMPL122-DEI 1.pdf]
[www.sasken.com/hubfs/Sasken_global/investors/Details of CSR projects undertaken during FY24.pdf]
[www.sasken.com/hubfs/Sasken_global/June_24_Updates/CSR Annual Action Plan 2025.pdf]
[www.sasken.com/hubfs/Sasken_global/investors/Annoucements/CSR Annual Action Plan FY2024 1.pdf]
[www.sasken.com/hubfs/Sasken_global/investors/DetailsofCSRprojectsundertakenduringFY23-forwebupload.pdf]
[www.sasken.com/hubfs/Sasken Feb-2022/pdf-files/Dividend_Distribution_Policy_July2021.pdf]
[www.sasken.com/hubfs/Sasken_global/investors/Sasken Business Code of Conduct.pdf]
[www.sasken.com/hubfs/Sasken_global/investors/Whistle Blower Policy - updated.pdf]
[www.sasken.com/hubfs/Sasken Feb-2022/pdf-files/Familiarization Program for Independent Directors.pdf]
[www.sasken.com/hubfs/Sasken_global/investors/Policy of disclosure of materiality event_24July2023.pdf]
[www.sasken.com/hubfs/Sasken Feb-2022/pdf-files/CSR Policy.pdf]
[www.sasken.com/hubfs/Sasken Feb-2022/pdf-files/Policy on preservation of documents and archival.pdf]
[www.sasken.com/hubfs/Sasken Feb-2022/pdf-files/Sasken Insider Trading Code_web upload.pdf]
[www.sasken.com/hubfs/Sasken Feb-2022/pdf-files/SEBI_Insider_Trading_Regulations_2015.pdf]
[www.sasken.com/hubfs/Sasken Feb-2022/pdf-files/guidance_note_on_SEBI_1.pdf]
[www.sasken.com/hubfs/Sasken Feb-2022/pdf-files/Format of letter of Appointment & Code of Conduct for Independent Directors.pdf]
[www.sasken.com/hubfs/Sasken Feb-2022/pdf-files/Nomination and Remuneration Policy_0.pdf]
[www.sasken.com/investors/corporate-governance.html]
[www.sasken.com/hubfs/SHP - 31 Dec 2025.pdf]
[www.sasken.com/hubfs/Nov_2025_Investors/SHP 30 Sep 2025.pdf]
[www.sasken.com/hubfs/investor/Shareholding Pattern 30 June 2025.pdf]
[www.sasken.com/hubfs/Sasken_global/investors/FINANCIAL YEAR 2024-2025_Q4/Shareholding - April 2025.pdf]
[www.sasken.com/hubfs/Sasken_global/Investors_2025/Shareholding pattern for Q3 FY25.pdf]
[www.sasken.com/hubfs/Sasken_global/Corporate_Governance/SHP Q2 FY25.pdf]
[www.sasken.com/hubfs/Sasken_global/investors/Annoucements/Annex Shareholding pattern for Q1 FY25.pdf]
[www.sasken.com/hubfs/Sasken_global/investors/SHP- Q4 FY24.pdf]
[www.sasken.com/hubfs/Sasken_global/investors/SHP - Q3 FY24.pdf]
[www.sasken.com/hubfs/Sasken_global/investors/SHP - Q2 FY24.pdf]
[www.sasken.com/hubfs/Sasken_global/investors/Annex - SHP for Q1 FY24.pdf]
[www.sasken.com/hubfs/Sasken_global/investors/Shareholding_pattern_for_Q4_FY23.pdf]
[www.sasken.com/hubfs/Sasken_global/investors/Shareholding_pattern-31_Dec_2022.pdf]
[www.sasken.com/hubfs/Sasken_Sep-2022/ShareHolder_Patern/Shareholding Pattern-30 Sept-2022.pdf]
[www.sasken.com/hubfs/Sasken Feb-2022/Investor/Shareholder/Annex Shareholding pattern as on 30 June 22.pdf]
[www.sasken.com/hubfs/Sasken Feb-2022/pdf-files/Shareholding pattern as on 31 March 2022.pdf]
[www.sasken.com/hubfs/Sasken Feb-2022/pdf-files/Shareholding_Pattern_as_on_30th_September_2021.pdf]
[www.sasken.com/hubfs/Sasken Feb-2022/pdf-files/Shldg_Pattern_as_on_31_March_2021.pdf]
[www.sasken.com/hubfs/Sasken Feb-2022/pdf-files/Shareholding_Pattern_30_Sep_20.pdf]
[www.sasken.com/hubfs/Sasken Feb-2022/pdf-files/SHP_as_on_31_Mar_2020_web_upload.pdf]
[www.sasken.com/hubfs/Sasken Feb-2022/pdf-files/Shareholding Pattern 30 Sep 19.pdf]
[www.sasken.com/hubfs/Sasken Feb-2022/pdf-files/Shareholding Pattern as on 31Mar2019.pdf]
[www.sasken.com/hubfs/Sasken Feb-2022/pdf-files/SHP as on 30Sept2018.pdf]
[www.sasken.com/hubfs/Sasken Feb-2022/pdf-files/Clause 31 31 March 2018.pdf]
[www.sasken.com/hubfs/Sasken Feb-2022/pdf-files/Shareholding Pattern 30 Sept 17.pdf]
[www.sasken.com/hubfs/Sasken Feb-2022/pdf-files/Shareholding Pattern as on 31032017.pdf]
[www.sasken.com/hubfs/Sasken Feb-2022/pdf-files/Shareholding_pattern_as_on_30Sep2016.pdf]
[www.sasken.com/hubfs/Sasken Feb-2022/pdf-files/Shareholding_pattern_as_on_31March2016.pdf]
[www.sasken.com/hubfs/Sasken Feb-2022/pdf-files/Clause_35_as_of_30_Sep_15.pdf]
[www.sasken.com/hubfs/Sasken Feb-2022/pdf-files/Clause 35 as of 31 Mar 15.pdf]
[www.sasken.com/hubfs/Sasken Feb-2022/pdf-files/Clause 35 as of 30 Sept 14 web update.pdf]
[www.sasken.com/hubfs/Sasken Feb-2022/pdf-files/clause_35_as_of_31_Mar_14.pdf]
[www.sasken.com/hubfs/Sasken Feb-2022/pdf-files/Clause_35_as_of_30_Sep_13.pdf]
[www.sasken.com/hubfs/Sasken Feb-2022/pdf-files/clause_35_as_of_31_Mar_13.pdf]
[www.sasken.com/hubfs/Sasken Feb-2022/pdf-files/Clause_35_as_of_30_Sep_12.pdf]
[www.sasken.com/hubfs/Sasken Feb-2022/pdf-files/Clause_35_as_of_31_Mar_12.pdf]
[www.sasken.com/hubfs/Sasken Feb-2022/pdf-files/Clause_35_as_of_093011_web_update.pdf]
[www.sasken.com/hubfs/Sasken Feb-2022/pdf-files/Clause_35_as _f_033111_web_update.pdf]
[www.sasken.com/hubfs/Sasken Feb-2022/pdf-files/Clause_35_as_of_093010_web_update.pdf]
[www.sasken.com/hubfs/Sasken Feb-2022/pdf-files/Clause_35_as_of_033110_web_update.pdf]
[www.sasken.com/hubfs/Sasken Feb-2022/pdf-files/Clause 35 as of 093009 web.pdf]
[www.sasken.com/hubfs/Sasken Feb-2022/pdf-files/Clause 35 as of 033109 web update.pdf]
[www.sasken.com/hubfs/Sasken Feb-2022/pdf-files/Clause_35-093008.pdf]
[www.sasken.com/hubfs/Sasken Feb-2022/pdf-files/Clause_35-033108.pdf]
[www.sasken.com/hubfs/Sasken Feb-2022/pdf-files/Clause_35-093007.pdf]
[www.sasken.com/hubfs/Sasken Feb-2022/pdf-files/Clause_35-033107.pdf]
[www.sasken.com/hubfs/Sasken Feb-2022/pdf-files/Clause_35-093006.pdf]
[www.sasken.com/hubfs/Sasken Feb-2022/pdf-files/Clause_35-033106.pdf]
[www.sasken.com/hubfs/Sasken Feb-2022/pdf-files/Clause 35 as of 093005 v2.pdf]
[www.sasken.com/hubfs/Sasken Feb-2022/pdf-files/Shareholding_Pattern_as_on_31_Dec_2021.pdf]
[www.sasken.com/hubfs/Sasken Feb-2022/pdf-files/Ann_8C_Shareholding_Pattern_30_June_2021.pdf]
[www.sasken.com/hubfs/Sasken Feb-2022/pdf-files/SHP as of 31 Dec 20.pdf]
[www.sasken.com/hubfs/Sasken Feb-2022/pdf-files/Shareholding Pattern 30 Jun 20.pdf]
[www.sasken.com/hubfs/Sasken Feb-2022/pdf-files/SHP 31 Dec 2019.pdf]
[www.sasken.com/hubfs/Sasken Feb-2022/pdf-files/Shareholding Pattern 30 June 2019.pdf]
[www.sasken.com/hubfs/Sasken Feb-2022/pdf-files/Shareholding Pattern as on 31Dec2018.pdf]
[www.sasken.com/hubfs/Sasken Feb-2022/pdf-files/SHP as on 30June2018.pdf]
[www.sasken.com/hubfs/Sasken Feb-2022/pdf-files/Shareholding Pattern as on 31Dec2017.pdf]
[www.sasken.com/hubfs/Sasken Feb-2022/pdf-files/Shareholding-Pattern-as-on-30-June-2017.pdf]
[www.sasken.com/hubfs/Sasken Feb-2022/pdf-files/Shareholding_pattern_as_on_31Dec2016.pdf]
[www.sasken.com/hubfs/Sasken Feb-2022/pdf-files/Reg_31_SHP_as_of_30_June_2016.pdf]
[www.sasken.com/hubfs/Sasken Feb-2022/pdf-files/Shareholding_pattern_as_on_31-12-2015.pdf]
[www.sasken.com/hubfs/Sasken Feb-2022/pdf-files/Clause_35_as_of_30_June_15.pdf]
[www.sasken.com/hubfs/Sasken Feb-2022/pdf-files/Clause 35 as of 31 Dec 14.pdf]
[www.sasken.com/hubfs/Sasken Feb-2022/pdf-files/Clause_35_as_of_30_June_14.pdf]
[www.sasken.com/hubfs/Sasken Feb-2022/pdf-files/Clause_35_as_of_31_Dec_13_web.pdf]
[www.sasken.com/hubfs/Sasken Feb-2022/pdf-files/Clause_35_as_of_30_June_13.pdf]
[www.sasken.com/hubfs/Sasken Feb-2022/pdf-files/Clause35_as_of_31_Dec_12.pdf]
[www.sasken.com/hubfs/Sasken Feb-2022/pdf-files/Clause_35_as_of_30_June_12.pdf]
[www.sasken.com/hubfs/Sasken Feb-2022/pdf-files/Clause_35_as_of_123111_web_update.pdf]
[www.sasken.com/hubfs/Sasken Feb-2022/pdf-files/Clause_35-063011.pdf]
[www.sasken.com/hubfs/Sasken Feb-2022/pdf-files/Clause_35_as _of_31st_Dec_10.pdf]
[www.sasken.com/hubfs/Sasken Feb-2022/pdf-files/Clause_35_as_of_063010_web_update.pdf]
[www.sasken.com/hubfs/Sasken Feb-2022/pdf-files/Clause 35 as of 123109 web update.pdf]
[www.sasken.com/hubfs/Sasken Feb-2022/pdf-files/Clause 35 as of 06_30_09.web update.pdf]
[www.sasken.com/hubfs/Sasken Feb-2022/pdf-files/Clause_35-123108.pdf]
[www.sasken.com/hubfs/Sasken Feb-2022/pdf-files/Clause_35-063008.pdf]
[www.sasken.com/hubfs/Sasken Feb-2022/pdf-files/Clause_35-123107.pdf]
[www.sasken.com/hubfs/Sasken Feb-2022/pdf-files/Clause_35-300607.pdf]
[www.sasken.com/hubfs/Sasken Feb-2022/pdf-files/Clause_35-123106.pdf]
[www.sasken.com/hubfs/Sasken Feb-2022/pdf-files/Clause_35_as of_063006.pdf]
[www.sasken.com/hubfs/Sasken Feb-2022/pdf-files/Clause 35 as of 123105.pdf]
[www.sasken.com/investors/shareholding-pattern.html]
[www.sasken.com/hubfs/Sasken_global/investors/Subsidiary_financial_24-25/Sasken Design Solutions Pte- Singapore 2024-25.pdf]
[www.sasken.com/hubfs/Sasken_global/investors/Subsidiary_financial_24-25/Sasken Inc, USA 2024-25.pdf]
[www.sasken.com/hubfs/Sasken_global/investors/Subsidiary_financial_24-25/Sasken Technologies Japan 2024-25.pdf]
[www.sasken.com/hubfs/Sasken_global/investors/Subsidiary_financial_24-25/Sasken Mexico 2024-25.pdf]
[www.sasken.com/hubfs/Sasken_global/investors/Subsidiary_financial_24-25/Sasken Silicon Inc 2024-25.pdf]
[www.sasken.com/hubfs/Sasken SIlicon Technologies Private LImited - 2024-25.pdf]
[www.sasken.com/hubfs/investor/Borqs India - FY 2024-25.pdf]
[www.sasken.com/hubfs/investor/Sasken Finland Oy 2024-25.pdf]
[www.sasken.com/hubfs/Sasken_global/investors/Sasken Communication Technologies Mexico S.A. de C.V.- 2023-24.pdf]
[www.sasken.com/hubfs/Sasken_global/investors/Sasken Inc - 2024.pdf]
[www.sasken.com/hubfs/Sasken_global/announcements/08. Sasken Finland FY23-24 INR FS.pdf]
[www.sasken.com/hubfs/Sasken_global/announcements/Anups Silicon Services Private Limited - 2024.pdf]
[www.sasken.com/hubfs/Sasken_global/investors/Sasken_Mexico_FS&AR_FY22-23.pdf]
[www.sasken.com/hubfs/Sasken_global/investors/Sasken_Inc_FS&AR_FY22-23_INR.pdf]
[www.sasken.com/hubfs/Sasken_global/investors/Sasken_Finland_FS&AR_FY22-23_INR.pdf]
[www.sasken.com/hubfs/Sasken Feb-2022/pdf-files/Sasken Mexico 2021-22.pdf]
[www.sasken.com/hubfs/Sasken Feb-2022/pdf-files/Sasken Inc 2021-22.pdf]
[www.sasken.com/hubfs/Sasken Feb-2022/pdf-files/Sasken China FS 2021-22.pdf]
[www.sasken.com/hubfs/Sasken Feb-2022/pdf-files/Sasken Finland OY 2021-22.pdf]
[www.sasken.com/hubfs/Sasken Feb-2022/pdf-files/Sasken Mexico FY 2020-21.pdf]
[www.sasken.com/hubfs/Sasken Feb-2022/pdf-files/Sasken Inc FY 2020-21.pdf]
[www.sasken.com/hubfs/Sasken Feb-2022/pdf-files/Sasken China FY 2020-21.pdf]
[www.sasken.com/hubfs/Sasken Feb-2022/pdf-files/Sasken Finalnd FY 2020-21.pdf]
[www.sasken.com/hubfs/Sasken Feb-2022/pdf-files/Sasken Mexico_INR.pdf]
[www.sasken.com/hubfs/Sasken Feb-2022/pdf-files/Sasken Inc March 20_INR.pdf]
[www.sasken.com/hubfs/Sasken Feb-2022/pdf-files/Sasken China March 20_INR.pdf]
[www.sasken.com/hubfs/Sasken Feb-2022/pdf-files/Sasken Finland Inr.pdf]
[www.sasken.com/hubfs/Sasken Feb-2022/pdf-files/Sasken Mexico FY 2018-19_Final.pdf]
[www.sasken.com/hubfs/Sasken Feb-2022/pdf-files/Sasken Inc audited financials.pdf]
[www.sasken.com/hubfs/Sasken Feb-2022/pdf-files/Sasken China audited financials.pdf]
[www.sasken.com/hubfs/Sasken Feb-2022/pdf-files/Sasken Finland audited financials.pdf]
[www.sasken.com/hubfs/Sasken Feb-2022/pdf-files/Sasken Mexico 31 Mar 18.pdf]
[www.sasken.com/hubfs/Sasken Feb-2022/pdf-files/Sasken Finland Oy.pdf]
[www.sasken.com/hubfs/Sasken Feb-2022/pdf-files/Sasken Inc..pdf]
[www.sasken.com/hubfs/Sasken Feb-2022/pdf-files/Sasken Communication Technologies (Shanghai) Co. Ltd..pdf]
[www.sasken.com/hubfs/Sasken Feb-2022/pdf-files/Sasken_Communication_Technologies_Mexico_S.A_de_C.V..pdf]
[www.sasken.com/hubfs/Sasken Feb-2022/pdf-files/Sasken_Communication_Technologies_(Shanghai)_Co_Ltd..pdf]
[www.sasken.com/hubfs/Sasken Feb-2022/pdf-files/Sasken_Network_Engineering_Limited.pdf]
[www.sasken.com/hubfs/Sasken Feb-2022/pdf-files/Sasken_Inc..pdf]
[www.sasken.com/hubfs/Sasken Feb-2022/pdf-files/Sasken_Finland_Oy.pdf]
[www.sasken.com/hubfs/Sasken Feb-2022/pdf-files/SNEL_2015-16.pdf]
[www.sasken.com/hubfs/Sasken Feb-2022/pdf-files/Sasken_Inc_2015-16.pdf]
[www.sasken.com/hubfs/Sasken Feb-2022/pdf-files/Sasken_Finland_OY_2015-16.pdf]
[www.sasken.com/hubfs/Sasken Feb-2022/pdf-files/Sasken_Mexico_2015-16.pdf]
[www.sasken.com/hubfs/Sasken Feb-2022/pdf-files/Sasken_China_2015-16.pdf]
[www.sasken.com/hubfs/Sasken Feb-2022/pdf-files/SNEL_Q4_2015.pdf]
[www.sasken.com/hubfs/Sasken Feb-2022/pdf-files/Sasken_Inc_Q4_INR.pdf]
[www.sasken.com/hubfs/Sasken Feb-2022/pdf-files/Sasken_Finland_Q4_INR.pdf]
[www.sasken.com/hubfs/Sasken Feb-2022/pdf-files/Sasken_Mexico_Q4.pdf]
[www.sasken.com/hubfs/Sasken Feb-2022/pdf-files/Sasken_China_Q4_INR.pdf]
[www.sasken.com/hubfs/Sasken Feb-2022/pdf-files/SNEL_Consol_Standalone-Q4_2014.pdf]
[www.sasken.com/hubfs/Sasken Feb-2022/pdf-files/Sasken_Inc_USA_FY13-14.pdf]
[www.sasken.com/hubfs/Sasken Feb-2022/pdf-files/Sasken_Finland_Oy_FY13-14.pdf]
[www.sasken.com/hubfs/Sasken Feb-2022/pdf-files/Sasken_Communication_Technologies_Mexico_SA_DeCV_FY13-14.pdf]
[www.sasken.com/hubfs/Sasken Feb-2022/pdf-files/Sasken_Communication_Technologies_(Shanghai)_Co_Ltd_FY13-14.pdf]
[www.sasken.com/hubfs/Sasken Feb-2022/pdf-files/SNSI_INR_Q4_2014.pdf]
[www.sasken.com/investors/financials-subsidiaries.html]
[www.sasken.com/hubfs/Ltr_to_SE_Voting_Results_Postal_Ballot_Jan_6_2026.pdf]
[www.sasken.com/hubfs/Ltr_SE_Postal_Ballot_Notice_2Dec2025.pdf]
[www.sasken.com/hubfs/Sasken - Postal Ballot Notice.pdf]
[www.sasken.com/hubfs/Newspaper Advertisement – 3 Dec 2025 – Kannada Language published in Kannada Prabha.pdf]
[www.sasken.com/hubfs/Newspaper Advertisement – 3 Dec 2025 – English Language published in Business Line.pdf]
[www.sasken.com/hubfs/37th_AGM_recording.mp4]
[www.sasken.com/hubfs/Sasken_global/Sasken 37th AGM Notice 2025.pdf]
[www.sasken.com/hubfs/investor/Sasken Compliance Certificate 2025 Share Based Employee Benefits.pdf]
[www.sasken.com/hubfs/investor/Newspaper advertisement 11th July 2025 - Published in Business Line, all editions and Kannada Prabha, Bengaluru edition.pdf]
[www.sasken.com/hubfs/investor/Newspaper Advertisement -19 July 2025 - Kannada Language published in Kannada Prabha.pdf]
[www.sasken.com/hubfs/investor/Newspaper Advertisement -19 July 2025 - English Language published in Business Line.pdf]
[www.sasken.com/hubfs/investor/Aug_25/Ltr_to_SE_Voting_Results_14_Aug_2025.pdf]
[www.sasken.com/hubfs/investor/Aug_25/Ltr_to_SE_Summary_of_proceedings_14_Aug_2025.pdf]
[www.sasken.com/hubfs/Annexure F - Particulars of Employees-1.pdf]
[www.sasken.com/hubfs/Sasken_global/investors/Annoucements/Notice of 36th AGM - Final.pdf]
[www.sasken.com/hubfs/Sasken_global/announcements/Sasken Employee Benefit Scheme Compliance Certificate 2024_signed.pdf]
[www.sasken.com/hubfs/Sasken_global/announcements/ESOP disclosure for website AR 7 May 2024.pdf]
[www.sasken.com/hubfs/Sasken_global/investors/Newspaper Advertisement - 3 July 2024 - English Language published in Business Line.pdf]
[www.sasken.com/hubfs/Sasken_global/investors/Newspaper Advertisement - 3 July 2024 - Kannada Language published in Kannada Prabha.pdf]
[www.sasken.com/hubfs/Sasken_global/announcements/Form_MGT_7_web upload.pdf]
[www.sasken.com/hubfs/Sasken_global/investors/FINANCIAL_YEAR_2024-2025_Q1/Particulars of Employees for web upload.pdf]
[www.sasken.com/hubfs/Sasken_global/investors/FINANCIAL_YEAR_2024-2025_Q1/Ltr_to_SE_Summary_of_proceedings_31_July_2024.pdf]
[www.sasken.com/hubfs/Sasken_global/investors/FINANCIAL_YEAR_2024-2025_Q1/Ltr_to_SE_Voting_Results_1_Aug_2024.pdf]
[www.sasken.com/hubfs/Sasken_global/investors/Ltr_to_SE_Voting_Results_Postal_Ballot_Sep_22_2023.pdf]
[www.sasken.com/hubfs/Sasken_global/investors/fy_2022-2023_Q4/Newspaper Advertisement – 18 August 2023 – English Language published in Business Line.pdf]
[www.sasken.com/hubfs/Sasken_global/investors/fy_2022-2023_Q4/Newspaper Advertisement – 18 August 2023 – Kannada Language published in Kannada Prabha.pdf]
[www.sasken.com/hubfs/Sasken_global/investors/fy_2022-2023_Q4/Ltr_to_SE_intimation_of_Postal_Ballot_17_Aug_2023.pdf]
[www.sasken.com/hubfs/Sasken_global/investors/Postal_Ballot_Notice.pdf]
[www.sasken.com/hubfs/Sasken_global/investors/FINANCIAL_YEAR_2023-2024_Q1/Ltr_to_SE_Scrutinizer’s Report_Voting_Results_27_July_2023.pdf]
[www.sasken.com/hubfs/Sasken_global/investors/FINANCIAL_YEAR_2023-2024_Q1/Ltr_to_SE_Summary_on_AGM_Proceedings_26_July_2023.pdf]
[www.sasken.com/hubfs/Sasken_global/investors/Annual return 2023.pdf]
[www.sasken.com/hubfs/Sasken_global/investors/Newspaper publication - published in Kannada Prabha - June 30, 2023.pdf]
[www.sasken.com/hubfs/Sasken_global/investors/Newspaper publication - published in Business Line - June 30, 2023.pdf]
[www.sasken.com/hubfs/Sasken_global/investors/stl_35th_agm_notice.pdf]
[www.sasken.com/hubfs/Sasken_global/investors/ESOPdisclosureforwebsiteAR2May2023.pdf]
[www.sasken.com/hubfs/Sasken_global/investors/ParticularsofEmployeesforwebupload.pdf]
[www.sasken.com/hubfs/Sasken_global/announcements/Newspaper advertisment 17th June 2023 - Published in Business Line, all editions and Kannada Prabha, Bengaluru edition.pdf]
[www.sasken.com/hubfs/Sasken_global/general_meeting/Ltr_to_SE_voting_Results__Scrutinizer_report_21Mar2023.pdf]
[www.sasken.com/hubfs/Sasken_global/general_meeting/Intimation_of_Newspaper_publication_sent_to_Stock_Exchanges.pdf]
[www.sasken.com/hubfs/Sasken_global/general_meeting/Sasken_Postal_Ballot_Notice_February_2023.pdf]
[www.sasken.com/hubfs/Sasken_global/general_meeting/Newspaper_Publication_Kannada_Postal_Ballot_16-Feb-2023.pdf]
[www.sasken.com/hubfs/Sasken_global/general_meeting/Newspaper_Publication_English_Postal_Ballot_16-Feb-2023.pdf]
[www.sasken.com/hubfs/Sasken_global/general_meeting/Ltr_to_SE_intimation_of_Postal_Ballot_13_Feb_23.pdf]
[www.sasken.com/hubfs/Sasken Feb-2022/Investor/General_Meeting/Letter to SE_Summary of proceedings of 34th AGM.pdf]
[www.sasken.com/hubfs/Sasken Feb-2022/Investor/General_Meeting/Scrutinizer’s_Report-Voting_Results_dated_22nd_July_2022..pdf]
[www.sasken.com/hubfs/Sasken_Sep-2022/General_Meeting/Form MGT-7_FY22.pdf]
[www.sasken.com/hubfs/Sasken Feb-2022/Investor/General_Meeting/ESOP disclosure for website AR 21 Apr 2022-1.pdf]
[www.sasken.com/hubfs/Sasken Feb-2022/Investor/General_Meeting/Newspaper Advertisement - 30 June 2022 - Kannada Language published in Kannada Prabha.pdf]
[www.sasken.com/hubfs/Sasken Feb-2022/Investor/General_Meeting/Newspaper Advertisement - 30 June 2022 - English Language published in Business Line.pdf]
[www.sasken.com/hubfs/Sasken Feb-2022/Investor/General_Meeting/Sasken AGM Notice 2022.pdf]
[www.sasken.com/hubfs/Sasken Feb-2022/pdf-files/Newspaper publication May 26 2022.pdf]
[www.sasken.com/hubfs/Sasken Feb-2022/pdf-files/MGT 7 for website_2020-21.pdf]
[www.sasken.com/hubfs/Sasken Feb-2022/pdf-files/Ltr_SE_Voting_Results_scrutinizer_report_AGM_2021.pdf]
[www.sasken.com/hubfs/Sasken Feb-2022/pdf-files/Summary of AGM Proceedings_21July21.pdf]
[www.sasken.com/hubfs/Sasken Feb-2022/pdf-files/Sasken Eng ad 12x20cm_22-6-21.pdf]
[www.sasken.com/hubfs/Sasken Feb-2022/pdf-files/Sasken 33rd AGM E-voting ad KAN 12x25cm_21-6-21.pdf]
[www.sasken.com/hubfs/Sasken Feb-2022/pdf-files/Sasken Financial Ad_4x9cm.pdf]
[www.sasken.com/hubfs/Sasken Feb-2022/pdf-files/Form MGT 7 Annual Return as of 31 March 2020.pdf]
[www.sasken.com/hubfs/Sasken Feb-2022/pdf-files/ESOP disclosure for website AR 21 June 2021.pdf]
[www.sasken.com/hubfs/Sasken Feb-2022/pdf-files/Sasken AGM Notice 2021.pdf]
[www.sasken.com/hubfs/Sasken Feb-2022/pdf-files/Sasken Notice Ad 20cm (H) x 12cm (W) - English.pdf]
[www.sasken.com/hubfs/Sasken Feb-2022/pdf-files/Sasken Notice Ad 25cm (H) x 12cm (W)-Kannada.pdf]
[www.sasken.com/hubfs/Sasken Feb-2022/pdf-files/FAQ for joining AGM.pdf]
[www.sasken.com/hubfs/Sasken Feb-2022/pdf-files/Voting_Results_Scrutinizer_Rep_29July20.pdf]
[www.sasken.com/hubfs/Sasken Feb-2022/pdf-files/Summary_AGM_proceedings_29July20.pdf]
[www.sasken.com/hubfs/Sasken Feb-2022/video-files/Sasken_AGM_Meeting.mp4]
[www.sasken.com/hubfs/Sasken Feb-2022/pdf-files/AGM Notice 2019.pdf]
[www.sasken.com/hubfs/Sasken Feb-2022/pdf-files/SASKEN ANNUAL REPORT 2018-19 (1).pdf]
[www.sasken.com/hubfs/Sasken Feb-2022/pdf-files/Ltr_to_SE_on_AGM_25June2019.pdf]
[www.sasken.com/hubfs/Sasken Feb-2022/pdf-files/Notice ad in Newspaper- Eng and Kan-25Jun2019.pdf]
[www.sasken.com/hubfs/Sasken Feb-2022/pdf-files/Ltr_to_SE_on_despatch_of_Notice_of_AGM_and_Ann_Rep.pdf]
[www.sasken.com/hubfs/Sasken Feb-2022/pdf-files/Ltr_to_SE_on_voting_results_of_AGM_18July2019_0.pdf]
[www.sasken.com/hubfs/Sasken Feb-2022/pdf-files/Ltr_to_SE_on_AGM_sum_of_proceedings18July2019_0.pdf]
[www.sasken.com/hubfs/Sasken Feb-2022/pdf-files/Postal Ballot Notice for buyback of shares.pdf]
[www.sasken.com/hubfs/Sasken Feb-2022/pdf-files/Postal Ballot Form for buyback of shares.pdf]
[www.sasken.com/hubfs/Sasken Feb-2022/pdf-files/Sasken_engllish.pdf]
[www.sasken.com/hubfs/Sasken Feb-2022/pdf-files/Sasken Notice_kannada.pdf]
[www.sasken.com/hubfs/Sasken Feb-2022/pdf-files/Intimation to Stock Exchange on May 21, 2019.pdf]
[www.sasken.com/hubfs/Sasken Feb-2022/pdf-files/Report of Scrutizer on postal ballot and E voting dated June 20, 2019.pdf]
[www.sasken.com/hubfs/Sasken Feb-2022/pdf-files/Ltr_SE_outcome_Committee_Meeting_20June19.pdf]
[www.sasken.com/hubfs/Sasken Feb-2022/pdf-files/Ltr_SE_Record_Date_20June19.pdf]
[www.sasken.com/hubfs/Sasken Feb-2022/pdf-files/Result of postal ballot  e-voting Notice ad 20-6-19.pdf]
[www.sasken.com/hubfs/Sasken Feb-2022/pdf-files/Public Announcement_for website updation.pdf]
[www.sasken.com/hubfs/Sasken Feb-2022/pdf-files/Ltr_SE_Draft_Letter_of_Offer.pdf]
[www.sasken.com/hubfs/Sasken Feb-2022/pdf-files/Ltr_SE_update_Buyback_29July2019V2.pdf]
[www.sasken.com/hubfs/Sasken Feb-2022/pdf-files/Letter of Offer  - Buyback 2019.pdf]
[www.sasken.com/hubfs/Sasken Feb-2022/pdf-files/Tender Form - Buyback 2019.pdf]
[www.sasken.com/hubfs/Sasken Feb-2022/pdf-files/Ltr to SE on Extension of closing date of Buyback - 14 Oct 2019.pdf]
[www.sasken.com/hubfs/Sasken Feb-2022/pdf-files/Ltr to Depository on Extension of closing date of Buyback - 14 Oct 2019.pdf]
[www.sasken.com/hubfs/Sasken Feb-2022/pdf-files/Corrigendum Advt. for Buyback- 2019 - 17Oct2019.pdf]
[www.sasken.com/hubfs/Sasken Feb-2022/pdf-files/Post Buy-back Public Annoucement - 7 Nov 2019.pdf]
[www.sasken.com/hubfs/Sasken Feb-2022/pdf-files/Attendance Slip_0.pdf]
[www.sasken.com/hubfs/Sasken Feb-2022/pdf-files/Sasken Annual Report final file_0.pdf]
[www.sasken.com/hubfs/Sasken Feb-2022/pdf-files/Ltr_SE_AGM_Voting_Results_0.pdf]
[www.sasken.com/hubfs/Sasken Feb-2022/pdf-files/Ltr_SE_AGM_sum_of_proc_0.pdf]
[www.sasken.com/hubfs/Sasken Feb-2022/pdf-files/Ltr_SE_AGM_22June18_0.pdf]
[www.sasken.com/hubfs/Sasken Feb-2022/pdf-files/Letter_to_SE_26Jun2018_AGM_Notice_dispatch_confirm (1).pdf]
[www.sasken.com/hubfs/Sasken Feb-2022/pdf-files/Notice1 (1).pdf]
[www.sasken.com/hubfs/Sasken Feb-2022/pdf-files/SASKEN_POSTAL_BALLOT_BLANK.pdf]
[www.sasken.com/hubfs/Sasken Feb-2022/pdf-files/SASKEN_NOTICE.pdf]
[www.sasken.com/hubfs/Sasken Feb-2022/pdf-files/Sasken Notice Ad Eng 12x8cm_25-2-19.pdf]
[www.sasken.com/hubfs/Sasken Feb-2022/pdf-files/Sasken Notice Ad KAN 8x17cm_25-2-19.pdf]
[www.sasken.com/hubfs/Sasken Feb-2022/pdf-files/Ltr to SE on results of Postal Ballot 28 Mar 2019.pdf]
[www.sasken.com/hubfs/Sasken Feb-2022/pdf-files/AGM Notice,_E_voting_Instructions_Route_map_and_Proxy_form_2016-17.pdf]
[www.sasken.com/hubfs/Sasken Feb-2022/pdf-files/Annual_Report_2016_17.pdf]
[www.sasken.com/hubfs/Sasken Feb-2022/pdf-files/Attendance_Slip_2016-17.pdf]
[www.sasken.com/hubfs/Sasken Feb-2022/pdf-files/Letter_to_SE_on_Annual_report_and_newspaper-2017.pdf]
[www.sasken.com/hubfs/Sasken Feb-2022/pdf-files/Summary_of_proceedings_of_29thAGM.pdf]
[www.sasken.com/hubfs/Sasken Feb-2022/pdf-files/Voting results of 29th AGM.pdf]
[www.sasken.com/hubfs/Sasken Feb-2022/pdf-files/AGM_Notice_20_July_16_0.pdf]
[www.sasken.com/hubfs/Sasken Feb-2022/pdf-files/Attendance_slip_0.pdf]
[www.sasken.com/hubfs/Sasken Feb-2022/pdf-files/Sasken_Annual_Report_2015_16_0_0.pdf]
[www.sasken.com/hubfs/Sasken Feb-2022/pdf-files/Ltr_to_SE_on_Voting_Results_21_July_16_0_0.pdf]
[www.sasken.com/hubfs/Sasken Feb-2022/pdf-files/Ltr_to_SE_on_AGM_Proceedings_21_July_16_0_0.pdf]
[www.sasken.com/hubfs/Sasken Feb-2022/pdf-files/Postal_Ballot_Form_0.pdf]
[www.sasken.com/hubfs/Sasken Feb-2022/pdf-files/Postal_Ballot_Notice_0.pdf]
[www.sasken.com/hubfs/Sasken Feb-2022/pdf-files/Newspaper advertisement for completion of dispatch of PB Notice_26Nov2016_0.pdf]
[www.sasken.com/hubfs/Sasken Feb-2022/pdf-files/Intimation_to_Stock_Exchanges_30Nov2016_0.pdf]
[www.sasken.com/hubfs/Sasken Feb-2022/pdf-files/Voting_Results_Scrutinizer_Report_23Dec2016_0.pdf]
[www.sasken.com/hubfs/Sasken Feb-2022/pdf-files/Newspaper_Advertisement_Voting_Results_23Dec2016_0.pdf]
[www.sasken.com/hubfs/Sasken Feb-2022/pdf-files/Intimation_to_SE_Filing_of_Draft_Letter_of_Offer_28Dec2016_1.pdf]
[www.sasken.com/hubfs/Sasken Feb-2022/pdf-files/AGM_Notice_2014-15_0_0.pdf]
[www.sasken.com/hubfs/Sasken Feb-2022/pdf-files/Attendance_Slip_2014-15_0_0.pdf]
[www.sasken.com/hubfs/Sasken Feb-2022/pdf-files/Annual_Report_2014-15_0_0.pdf]
[www.sasken.com/hubfs/Sasken Feb-2022/pdf-files/Advertisement_Completion_of_dispatch_of AGM_documents_e-Voting_20Aug2015_0_0.pdf]
[www.sasken.com/hubfs/Sasken Feb-2022/pdf-files/Postal-Ballot-Form_1.pdf]
[www.sasken.com/hubfs/Sasken Feb-2022/pdf-files/Postal-Ballot-Notice_1.pdf]
[www.sasken.com/hubfs/Sasken Feb-2022/pdf-files/Scrutiniser_report_24th_June_2015_Postal_Ballot_1.pdf]
[www.sasken.com/hubfs/Sasken Feb-2022/pdf-files/Declaration_of_PB_Results_25_June_15_0_1.pdf]
[www.sasken.com/investors/general-meeting.html]
[www.sasken.com/corporate/governance-report.html]
[www.sasken.com/investors/shareholding-pattern6256.html]
[www.sasken.com/hubfs/CG report - 31 Dec 2025.pdf]
[www.sasken.com/hubfs/CG report 30 September 2025.pdf]
[www.sasken.com/hubfs/investor/Integrated CG 30 June 2025.pdf]
[www.sasken.com/hubfs/Sasken_global/investors/FINANCIAL YEAR 2024-2025_Q4/Integrated CG Report - Apr 2025.pdf]
[www.sasken.com/hubfs/Sasken_global/investors/CG Report -Q3 FY25.pdf]
[www.sasken.com/hubfs/Sasken_global/Corporate_Governance/CG Q2 FY 25.pdf]
[www.sasken.com/hubfs/Sasken_global/investors/Annoucements/CG Report for website.pdf]
[www.sasken.com/hubfs/Sasken_global/investors/Corporate_Governance_Report/CG report - Q4 FY24 - website.pdf]
[www.sasken.com/hubfs/Sasken_global/announcements/CG Report - Q3 FY24.pdf]
[www.sasken.com/hubfs/Sasken_global/investors/CG report - Q2 FY24-1.pdf]
[www.sasken.com/hubfs/Sasken_global/investors/Annex - CG Report for Q1 FY24.pdf]
[www.sasken.com/hubfs/Sasken_global/investors/Corporate_Governance_Report/CG_Report_for_Q4_FY23.pdf]
[www.sasken.com/hubfs/Sasken_global/investors/Corporate_Governance_Report/CG_Report_for_Q3_FY23.pdf]
[www.sasken.com/corporate-governance-report19db.html]
[www.sasken.com/hubfs/hub_generated/module_assets/1/99513895576/1743342487490/module_SG-Listing_Regulations_Table_Module.min.css]
[www.sasken.com/hubfs/Sasken_global/investors/Corporate_Governance_Report-31_Dec_2022.pdf]
[www.sasken.com/disclosure-under-regulation-46-of-the-sebi-listing-regulations.html]
[www.sasken.com/hubfs/ESG Resources/Supplier-ESG-Program-Q&A.pdf]
[www.sasken.com/hubfs/ESG Resources/Supplier-Training-on-sustainability.pdf]
[www.sasken.com/hubfs/ESG Resources/Supplier-Code-of-conduct-2025.pdf]
[www.sasken.com/hubfs/ESG Resources/Additional Learning Material.pdf]
[www.sasken.com/hubfs/ESG Resources/Sasken-csr-report-2024-25.pdf]
[www.sasken.com/hubfs/ESG Resources/Supplier Sustainability Assessment-2025.pdf]
[www.sasken.com/supplier-esg-program-resources.html]
[2401243.fs1.hubspotusercontent-na2.net/hubfs/2401243/Sasken Feb-2022/dropdown_button.png]
[www.sasken.com/hubfs/hub_generated/module_assets/1/69884426937/1743342432060/module_Leaders_Module.min.css]
[www.sasken.com/hubfs/hub_generated/module_assets/1/72819517784/1743342473923/module_Leader_Detail_Filter.min.css]
[www.sasken.com/hubfs/hub_generated/module_assets/1/70273156227/1743342439346/module_Leaders_Details.min.css]
[www.sasken.com/hubfs/About_Us_Leadership_Team_0.jpg]
[www.sasken.com/hubfs/Sasken_global/leadership-team/New_Profilepictures/PDF_Profile updates/Rajiv_2.pdf]
[www.sasken.com/hubfs/Sasken Feb-2022/Website Demo Images/publication_blog_img.jpg]
[www.sasken.com/hubfs/rajjiv_latest.png]
[www.sasken.com/hubfs/hub_generated/module_assets/1/72819517784/1743342473923/module_Leader_Detail_Filter.min.js]
[www.sasken.com/about-us/leadership-team/rajiv-c-mody.html]
[www.sasken.com/hubfs/hub_generated/module_assets/1/70273156227/1743342439346/module_Leaders_Details.min.js]
[www.sasken.com/hubfs/hub_generated/module_assets/1/72819450232/1743342472319/module_Relevent_Leaders.min.css]
[www.sasken.com/hubfs/Sasken_global/leadership-team/New_Profilepictures/PDF_Profile updates/Alwyn.pdf]
[www.sasken.com/about-us/leadership-team/alwyn-joseph-premkumar.html]
[www.sasken.com/hubfs/hub_generated/module_assets/1/72819450232/1743342472319/module_Relevent_Leaders.min.js]
[www.sasken.com/hubfs/Hareesh.jpg]
[www.sasken.com/hubfs/Sasken_global/leadership-team/Hareesh-2.pdf]
[www.sasken.com/hareesh-ramanna.html]
[www.sasken.com/hubfs/Sasken_global/leadership-team/New_Profilepictures/PDF_Profile updates/Priyaranjan.pdf]
[www.sasken.com/about-us/leadership-team/priyaranjan.html]
[www.sasken.com/hubfs/Rajeev Jaysinh Ved-1.pdf]
[www.sasken.com/rajeev-jaysinh-ved-leadership-team-sasken.html]
[www.sasken.com/hubfs/Nirmala Datla.pdf]
[www.sasken.com/nirmala-datla-leadership-team-sasken.html]
[www.sasken.com/hubfs/Sasken_global/leadership-team/New_Profilepictures/PDF_Profile updates/Moumitha.pdf]
[www.sasken.com/hubfs/Rekha 3.jpg]
[www.sasken.com/about-us/leadership-team/moumita-kurup.html]
[www.sasken.com/hubfs/Sasken_global/leadership-team/Rekha-1.pdf]
[www.sasken.com/rekha-sahay-ghosh.html]
[www.sasken.com/hubfs/Sasken_global/leadership-team/New_Profilepictures/PDF_Profile updates/Yogesh.pdf]
[www.sasken.com/about-us/leadership-team/yogesh-rathi.html]
[www.sasken.com/hubfs/Sasken_global/leadership-team/New_Profilepictures/PDF_Profile updates/Tero Pernu.pdf]
[www.sasken.com/about-us/leadership-team/tero-pernu.html]
[www.sasken.com/hubfs/Sasken_global/leadership-team/Anup.pdf]
[www.sasken.com/anup-savla.html]
[www.sasken.com/hubfs/Sasken_global/leadership-team/New_Profilepictures/PDF_Profile updates/Ken Uda.pdf]
[www.sasken.com/about-us/leadership-team/ken-uda.html]
[www.sasken.com/hubfs/Sasken_global/leadership-team/New_Profilepictures/PDF_Profile updates/Jaimir.pdf]
[www.sasken.com/about-us/leadership-team/jaimir-sanghvi.html]
[www.sasken.com/hubfs/Sasken_global/leadership-team/New_Profilepictures/PDF_Profile updates/Sandhesh.pdf]
[www.sasken.com/about-us/leadership-team/sandhesh-v-rai.html]
[www.sasken.com/hubfs/hub_generated/module_assets/1/70594637985/1743342451134/module_Sasken_News_Blog_Listing_Module.min.css]
[www.sasken.com/hubfs/hub_generated/module_assets/1/70610384723/1743342452193/module_Sasken_News_BLog_Right_Sec_Txt__Module.min.css]
[www.sasken.com/hubfs/hub_generated/module_assets/1/192683801670/1753787881466/module_Sasken_News_BLog_Right_Sec_Downloads_Module_2025.min.css]
[www.sasken.com/hubfs/hub_generated/template_assets/1/70292013485/1756372117050/template_Sasken_News_Styles.min.css]
[www.sasken.com/hubfs/hub_generated/module_assets/1/70275277705/1743342441005/module_Sasken_Success_Stories_Year_Filter_Module.min.css]
[www.sasken.com/news/press-releases/rss.xml]
[www.sasken.com/news/press-releases/lte-based-mobile-satellite-equipment.html]
[www.sasken.com/news/press-releases/sasken-joins-the-soafee-sig-as-a-voting-member.html]
[www.sasken.com/news/press-releases/sasken-q2-fy21-22-result-announced.html]
[www.sasken.com/news/press-releases/sasken-q1-fy21-22-result-announced.html]
[www.sasken.com/news/press-releases/sasken-q4-fy20-21-result-announced.html]
[www.sasken.com/news/press-releases/sasken-and-primatec-partner-enable-end-end-product-engineering-services.html]
[www.sasken.com/news/press-releases/sasken-q2-fy20-21-result-announced.html]
[www.sasken.com/news/press-releases/sasken-appoints-edwin-moses-president-and-coo.html]
[www.sasken.com/news/press-releases/sasken-q1-fy20-21-result-announced.html]
[www.sasken.com/news/press-releases/sasken-q4-fy19-20-result-announced.html]
[www.sasken.com/news/press-releases/sasken-q3-fy19-20-result-announced.html]
[www.sasken.com/news/press-releases/sasken-technologies-and-qualcomm-join-forces-extend-engineering.html]
[www.sasken.com/news/press-releases/sasken-joins-mediatek-rich-iot-program-drive-innovation-across-intelligent.html]
[www.sasken.com/news/press-releases/sasken-q2-fy19-20-result-announced.html]
[www.sasken.com/news/press-releases/sasken-joins-siemens-mindsphere-partner-program-accelerate-adoption-digital.html]
[www.sasken.com/news/press-releases/sasken-showcase-autonomous-driving-solutions-ceatec-2019.html]
[www.sasken.com/news/press-releases/sasken-strengthens-its-focus-growth-appointment-gajendra-singh-chowhan-svp-and.html]
[www.sasken.com/news/press-releases/sasken-q1-fy19-20-result-announced.html]
[www.sasken.com/news/press-releases/cohda-wireless-and-sasken-partner-accelerate-adoption-v2x-connected-vehicles.html]
[www.sasken.com/news/press-releases/sasken-q4-fy18-19-result-announced.html]
[www.sasken.com/news/press-releases/sasken-becomes-member-ethercat-technology-group.html]
[www.sasken.com/news/press-releases/smartrac-and-sasken-announce-iot-solutions-alliance.html]
[www.sasken.com/news/press-releases/sasken-positioned-leadership-zone-automotive-category-zinnov-zones-erd-services.html]
[www.sasken.com/news/press-releases/sasken-q3-fy18-19-result-announced.html]
[www.sasken.com/news/press-releases/sasken-launches-automotive-center-excellence-detroit-usa.html]
[www.sasken.com/news/press-releases/sasken-unveils-new-logo-reflect-its-30-year-old-heritage.html]
[www.sasken.com/news/press-releases/sasken-showcase-its-chip-cognition-solutions-ces-2019.html]
[www.sasken.com/news/press-releases/everest-group-peak-matrix-recognizes-sasken-aspirant-digital-services.html]
[www.sasken.com/news/press-releases/sasken-q3-fy17-18-result-announced.html]
[www.sasken.com/news/press-releases/sasken-and-iarcs-proudly-present-indian-finalists-international-olympiad.html]
[www.sasken.com/news/press-releases/sequans-and-sasken-team-bring-new-lte-devices-vertical-markets.html]
[www.sasken.com/news/press-releases/sasken-strengthens-its-automotive-business-appointment-calvin-nichols-vp-and.html]
[www.sasken.com/news/press-releases/sasken-appoints-vinita-shrivastava-chief-people-officer.html]
[www.sasken.com/news/press-releases/sasken-showcases-digital-expertise-and-solutions-industrial-iot-liveworx-2018.html]
[www.sasken.com/news/press-releases/sasken-showcased-5g-cellular-v2x-and-computer-vision-machine-learning-based.html]
[www.sasken.com/news/press-releases/zinnov-ranks-sasken-leadership-zone-semiconductor-and-telecommunications.html]
[www.sasken.com/news/press-releases/sasken-q4-fy17-18-result-announced.html]
[www.sasken.com/news/press-releases/sasken-strengthens-its-industrials-business-appointment-mihir-kumar-svp-and-head.html]
[www.sasken.com/news/press-releases/sasken-showcases-expertise-developing-lte-based-devices-satellite-2018.html]
[www.sasken.com/news/press-releases/sasken-becomes-member-american-public-transportation-association.html]
[www.sasken.com/news/press-releases/sasken-q2-fy18-19-result-announced.html]
[www.sasken.com/news/press-releases/sasken-q1-fy18-19-result-announced.html]
[www.sasken.com/news/press-releases/bengaluru-january-24-2018.html]
[www.sasken.com/news/press-releases.html]
[www.sasken.com/hubfs/hub_generated/module_assets/1/70275277705/1743342441005/module_Sasken_Success_Stories_Year_Filter_Module.min.js]
[www.sasken.com/hubfs/hub_generated/module_assets/1/70405534067/1743342445480/module_Sasken_Related_Media_Blog_Post_Module.min.css]
[www.sasken.com/news/press-releases/sasken-confirms-no-business-impact-from-recent-u.s.html]
[www.sasken.com/news/press-releases/sasken-confirms-no-business-impact-from-recent-u.s3d9f.html]
[www.sasken.com/news/press-releases/sasken-technologies-completes-acquisition-of-borqs-technologies-to-strengthen-iot-and-5g-product-engineering-capabilities.html]
[www.sasken.com/news/press-releases/sasken-technologies-completes-acquisition-of-borqs-technologies-to-strengthen-iot-and-5g-product-engineering-capabilities3d9f.html]
[www.sasken.com/news/press-releases/sasken-technologies-to-acquire-borqs-technologies-incs-business-to-expand-capabilities-and-market-reach.html]
[www.sasken.com/news/press-releases/sasken-technologies-to-acquire-borqs-technologies-incs-business-to-expand-capabilities-and-market-reach3d9f.html]
[www.sasken.com/news/press-releases/sasken-partners-with-trustonic-to-bring-advanced-security-options-to-automotive-oems.html]
[www.sasken.com/news/press-releases/sasken-partners-with-trustonic-to-bring-advanced-security-options-to-automotive-oems3d9f.html]
[www.sasken.com/news/media-coverage/rss.xml]
[www.sasken.com/news/media-coverage.html]
[cdn.jsdelivr.net/npm/bootstrap@5.3.3/dist/css/bootstrap.min.css]
[www.sasken.com/hubfs/hub_generated/module_assets/1/69189030822/1743342422936/module_Sasken_Recognition_Block.min.css]
[www.sasken.com/hubfs/hub_generated/module_assets/1/197501312597/1761217092751/module_Marketing_Awards_Module.min.css]
[7052064.fs1.hubspotusercontent-na1.net/hubfs/7052064/hub_generated/template_assets/DEFAULT_ASSET/1770831723291/template_layout.min.css]
[www.sasken.com/hubfs/hub_generated/module_assets/1/69894173876/1743342433676/module_Vision_Background_Image.min.css]
[www.sasken.com/hubfs/hub_generated/module_assets/1/69894448912/1743342434772/module_Sustainability_Framework_Mod.min.css]
[www.sasken.com/hubfs/hub_generated/module_assets/1/69897798577/1743342435923/module_Sustainability_Initiatives_Mod.min.css]
[www.sasken.com/hubfs/hub_generated/module_assets/1/69899359643/1743342437001/module_Sustainability_Awards_Mod.min.css]
[www.sasken.com/hubfs/hub_generated/module_assets/1/191835552774/1750909491812/module_Sustainability_Framework_Mod_Membership.min.css]
[www.sasken.com/hubfs/hub_generated/module_assets/1/69900350345/1743342438289/module_Sustainability_Resources_Form_Popup_Mod.min.css]
[www.sasken.com/hubfs/hub_generated/module_assets/1/72702654264/1743342469016/module_News.min.css]
[cdn.jsdelivr.net/npm/bootstrap@4.5.0/dist/css/bootstrap.min.css]
[cdnjs.cloudflare.com/ajax/libs/font-awesome/6.2.0/css/all.min.css]
[www.sasken.com/hubfs/hub_generated/module_assets/1/175457102875/1743342511668/module_Sasken-Japan_Header_2024_V2.min.css]
[www.sasken.com/hubfs/hub_generated/module_assets/1/174634148157/1743342510148/module_Sasken-Japan_Footer_2024.min.css]
[www.sasken.com/jp/industries/automotive.html]
[www.sasken.com/jp/industries/semiconductor.html]
[www.sasken.com/jp/industries/telecom.html]
[www.sasken.com/hubfs/shutterstock_2278661001.jpg]
[www.sasken.com/jp/about-us/corporate-profile.html]
[www.sasken.com/hubfs/shutterstock_1931493341.jpg]
[www.sasken.com/hubfs/Yukihiro.jpg]
[www.sasken.com/jp/about-us/our-leaders.html]
[www.sasken.com/hubfs/hub_generated/module_assets/1/73874661721/1743342479254/module_Sasken-Finland_Country_Details_Module.min.css]
[www.sasken.com/jp/contact-us.html]
[www.sasken.com/hubfs/hub_generated/module_assets/1/73874661721/1743342479254/module_Sasken-Finland_Country_Details_Module.min.js]
[www.sasken.com/hubfs/Sasken Feb-2022/Slider Files/ajax-loader.gif]
[www.sasken.com/hubfs/Sasken Feb-2022/Slider Files/fonts/slick.eot]
[www.sasken.com/hubfs/Sasken Feb-2022/Slider Files/fonts/slickd41d.eot]
[www.sasken.com/hubfs/Sasken Feb-2022/Slider Files/fonts/slick.woff]
[www.sasken.com/hubfs/Sasken Feb-2022/Slider Files/fonts/slick.ttf]
[www.sasken.com/hubfs/Sasken Feb-2022/Slider Files/fonts/slick.svg]
[www.sasken.com/hubfs/Sasken Feb-2022/Slider Files/slick-theme.css]
[www.sasken.com/hubfs/Sasken Feb-2022/Slider Files/slick.css]
[2401243.fs1.hubspotusercontent-na2.net/hubfs/2401243/selc_arrow_white.jpg]
[www.sasken.com/hubfs/hub_generated/module_assets/1/70593726367/1743342449620/module_Sasken_Country_Details_Module.min.css]
[www.sasken.com/hubfs/hub_generated/module_assets/1/70615100999/1743342454570/module_Sasken_Contact_Tab_Module.min.css]
[cdnjs.cloudflare.com/ajax/libs/twitter-bootstrap/4.1.3/css/bootstrap.min.css]
[www.sasken.com/hubfs/hub_generated/module_assets/1/69627728172/1743342430185/module_Sasken_Success_Stories_Related_Post_Mod.min.css]
[cdn.ampproject.org/v0/amp-analytics-0.1.js]
[cdn.ampproject.org/v0.js]
[www.sasken.com/insights/success-stories/author/admin.html]
[track-na2.hubspot.com/__ptqcbe9.gif]
[www.sasken.com/insights/success-stories/battery-management-system-for-an-asian-original-equipment-manufacturer-oem3d9f.html]
[track-na2.hubspot.com/__ptq1ba6.gif]
[www.sasken.com/insights/success-stories/transform-your-digital-marketing-landscape-unleashing-saskens-analytical-prowess3d9f.html]
[track-na2.hubspot.com/__ptq377c.gif]
[www.sasken.com/insights/success-stories/store-app-retail-store-associatefnameemailphone3d9f.html]
[www.sasken.com/hubfs/hub_generated/module_assets/1/69255890813/1743342424493/module_Sasken_Heading_with_Text_Table_Module.min.css]
[www.sasken.com/hubfs/hub_generated/template_assets/1/66933758361/fonts/glyphicons-halflings-regular.html]
[www.sasken.com/hubfs/hub_generated/template_assets/1/66933758361/fonts/glyphicons-halflings-regulard41d.html]
[www.sasken.com/hubfs/hub_generated/template_assets/1/66933758361/fonts/glyphicons-halflings-regular-2.html]
[www.sasken.com/hubfs/hub_generated/template_assets/1/66933758361/fonts/glyphicons-halflings-regular-3.html]
[www.sasken.com/hubfs/hub_generated/template_assets/1/66933758361/fonts/glyphicons-halflings-regular-4.html]
[www.sasken.com/hubfs/hub_generated/template_assets/1/66933758361/fonts/glyphicons-halflings-regular-5.html]
[2401243.fs1.hubspotusercontent-na2.net/hubfs/2401243/Sasken Feb-2022/searchbar-icon.png]
[www.sasken.com/hubfs/hub_generated/template_assets/1/117826252969/1743227828149/template_Sasken-Header-2022.min.css]
[www.sasken.com/hubfs/hub_generated/module_assets/1/71153187353/1743342463040/module_Expertise_Profile_Module.min.css]
[www.sasken.com/hubfs/hub_generated/module_assets/1/72803606654/1743342470044/module_Publications_Blog_Module.min.css]
[www.sasken.com/hubfs/hub_generated/module_assets/1/71157109177/1743342464165/module_Contact_Form.min.css]
[www.sasken.com/hubfs/hub_generated/template_assets/1/117838888816/1743227830318/template_Sasken_Website_Footer.min.css]
[www.sasken.com/hubfs/hub_generated/module_assets/1/73874558901/1743342477623/module_Sasken-Finland_Header_2022.min.css]
[www.sasken.com/hubfs/hub_generated/module_assets/1/71488599352/1743342466393/module_Sasken-Finland_Footer.min.css]
[www.sasken.com/hs-fs/hubfs/Saskenfa2a.png]
[www.sasken.com/fi/contact-us.html]
[www.sasken.com/fi/industries/telecom.html]
[www.sasken.com/fi/industries/satcom.html]
[www.sasken.com/fi/industries/medical-devices.html]
[www.sasken.com/fi/industries/industrial-defense.html]
[www.sasken.com/fi/competencies/antenna-design.html]
[www.sasken.com/fi/competencies/audio-and-acoustics-0.html]
[www.sasken.com/fi/competencies/connectivity.html]
[www.sasken.com/fi/competencies/cross-platform-technologies.html]
[www.sasken.com/fi/competencies/electronics-design.html]
[www.sasken.com/fi/competencies/full-stack-development.html]
[www.sasken.com/fi/competencies/mechanics-design.html]
[www.sasken.com/fi/competencies/multimedia.html]
[www.sasken.com/fi/competencies/pcb-layout-and-board-design.html]
[www.sasken.com/fi/competencies/production-testing.html]
[www.sasken.com/fi/competencies/rf-design.html]
[www.sasken.com/fi/services/product-development.html]
[www.sasken.com/fi/services/software-development.html]
[www.sasken.com/fi/services/conceptualization-and-ux-design.html]
[www.sasken.com/fi/services/testing.html]
[www.sasken.com/fi/services/consulting.html]
[www.sasken.com/fi/about-us/corporate-profile.html]
[www.sasken.com/fi/about-us/key-contacts.html]
[www.sasken.com/fi/industries.html]
[www.sasken.com/fi/competencies.html]
[www.sasken.com/fi/services.html]
[www.sasken.com/fi/about-us.html]
[www.sasken.com/hubfs/Sasken_Finland/Home_Page/fi_banner1.jpg]
[www.sasken.com/hubfs/Sasken_Finland/Home_Page/fi_banner2.jpg]
[www.sasken.com/hubfs/Sasken_Finland/Home_Page/fi_banner3_0.jpg]
[www.sasken.com/hubfs/Sasken_Finland/Home_Page/fi_banner4.jpg]
[www.sasken.com/hubfs/Sasken_Finland/Sasken Finland Competencies Images/home-telecom_1.png]
[www.sasken.com/hubfs/Sasken_Finland/Home_Page/home-medical_0.png]
[www.sasken.com/hubfs/Sasken_Finland/Home_Page/Industrial_Automation_1.png]
[www.sasken.com/hubfs/Sasken_Finland/Home_Page/Satellite_Communication_1.png]
[www.sasken.com/fi/terms-use.html]
[www.sasken.com/fi/privacy-policy.html]
[www.sasken.com/hubfs/hub_generated/module_assets/1/73874558901/1743342477623/module_Sasken-Finland_Header_2022.min.js]
[www.sasken.com/fi.html]
[www.sasken.com/img/empresa-1-logo.html]
[www.sasken.com/hubfs/hub_generated/module_assets/1/71488599352/1743342466393/module_Sasken-Finland_Footer.min.js]
[www.sasken.com/hubfs/Sasken Feb-2022/Audio-Acoustics/complex-audio-banner.jpg]
[www.sasken.com/hs-fs/hubfs/Sasken Feb-2022/Audio-Acoustics/hexa3fa5.png]
[www.sasken.com/hs-fs/hubfs/Sasken Feb-2022/Audio-Acoustics/Picture-48dc4.jpg]
[www.sasken.com/hubfs/Sasken Feb-2022/Audio-Acoustics/hero_bg.jpg]
[www.sasken.com/audio/complex-audio-products.html]
[www.sasken.com/hubfs/Sasken Feb-2022/Audio-Acoustics/home-lab.jpg]
[www.sasken.com/hs-fs/hubfs/Sasken Feb-2022/Audio-Acoustics/Picture-59b9f.jpg]
[www.sasken.com/hs-fs/hubfs/Sasken Feb-2022/Audio-Acoustics/conect-home-1f012.jpg]
[www.sasken.com/hs-fs/hubfs/Sasken Feb-2022/Audio-Acoustics/conect-home-21bd0.jpg]
[www.sasken.com/audio/connected-home-lab.html]
[www.sasken.com/hubfs/Sasken Feb-2022/Audio-Acoustics/equipment-bg.jpg]
[www.sasken.com/hs-fs/hubfs/Sasken Feb-2022/Audio-Acoustics/audio-performance-12386.jpg]
[www.sasken.com/hs-fs/hubfs/Sasken Feb-2022/Audio-Acoustics/audio-performance-28831.jpg]
[www.sasken.com/hs-fs/hubfs/Sasken Feb-2022/Audio-Acoustics/audio-performance-3db79.jpg]
[www.sasken.com/audio/audio-performance-testing-facilities.html]
[www.sasken.com/hubfs/hub_generated/module_assets/1/71680868468/1743342468002/module_Sasken_Tab_With_Content_Module.min.css]
[track-na2.hubspot.com/__ptq4c08.gif]
[www.sasken.com/insights/success-stories/developed-one-first-agl-based-integrated-cockpit-solution3d9f.html]
[track-na2.hubspot.com/__ptq4e4d.gif]
[www.sasken.com/insights/success-stories/developed-autosar-compliant-remote-climate-control-module3d9f.html]
[track-na2.hubspot.com/__ptq9c66.gif]
[www.sasken.com/insights/success-stories/adaptive-autosar-stack-based-integrated-cockpit-development3d9f.html]
[track-na2.hubspot.com/__ptqe768.gif]
[www.sasken.com/insights/success-stories/developed-autosar-based-phone-key-paak-solution-compatible-41-different3d9f.html]
[track-na2.hubspot.com/__ptqc052.gif]
[www.sasken.com/insights/success-stories/automated-testing-data-visualization-widgets-american-industrial-03d9f.html]
[track-na2.hubspot.com/__ptqcd27.gif]
[www.sasken.com/insights/success-stories/provided-test-automation-mobile-application-suite-and-ticketing-system-03d9f.html]
[track-na2.hubspot.com/__ptq09b6.gif]
[www.sasken.com/insights/success-stories/content-streaming-application-rated-best-app-2017-apple3d9f.html]
[track-na2.hubspot.com/__ptqf8b4.gif]
[www.sasken.com/insights/success-stories/enabling-customer-identify-counterfeits-and-protect-revenues-high-value3d9f.html]
[track-na2.hubspot.com/__ptqc8cc.gif]
[www.sasken.com/insights/success-stories/enabled-customer-launch-fips-compliant-enterprise-devices3d9f.html]
[track-na2.hubspot.com/__ptqfcec.gif]
[www.sasken.com/insights/success-stories/next-gen-rugged-device-platform-development-tier-1-oem3d9f.html]
[track-na2.hubspot.com/__ptq6ad3.gif]
[www.sasken.com/insights/success-stories/android-jelly-bean-bring-na-ruggedized-handset-oem3d9f.html]
[track-na2.hubspot.com/__ptq0d73.gif]
[www.sasken.com/insights/success-stories/upgrade-legacy-android-rugged-device-android-l3d9f.html]
[track-na2.hubspot.com/__ptq1443.gif]
[www.sasken.com/insights/success-stories/enabled-na-oem-upgrade-60-devices-latest-android-versions3d9f.html]
[track-na2.hubspot.com/__ptqf26d.gif]
[www.sasken.com/insights/success-stories/enabled-over-30-cost-savings-upgrades-and-launch-smartphones-and-feature3d9f.html]
[track-na2.hubspot.com/__ptq29d3.gif]
[www.sasken.com/insights/success-stories/helping-operators-put-smart-iptvs3d9f.html]
[track-na2.hubspot.com/__ptq455e.gif]
[www.sasken.com/insights/success-stories/enabling-leading-semiconductor-vendor-go-market-quicker-their-stb-chips3d9f.html]
[track-na2.hubspot.com/__ptq6a78.gif]
[www.sasken.com/insights/success-stories/development-testing-vran-4g-and-5g3d9f.html]
[track-na2.hubspot.com/__ptq9ee7.gif]
[www.sasken.com/insights/success-stories/reduced-hardware-requirements-80-virtual-base-station-controller-gsm-r3d9f.html]
[track-na2.hubspot.com/__ptq8a68.gif]
[www.sasken.com/insights/success-stories/enabled-customer-launch-100-devices-timely-carrier-acceptance-and3d9f.html]
[track-na2.hubspot.com/__ptqb07a.gif]
[www.sasken.com/insights/success-stories/operator-test-case-compliance3d9f.html]
[track-na2.hubspot.com/__ptq275c.gif]
[www.sasken.com/insights/success-stories/lte-based-satellite-terminals-fixed-vehicular-and-maritime3d9f.html]
[track-na2.hubspot.com/__ptq5a23.gif]
[www.sasken.com/insights/success-stories/end-end-satellite-phone-european-satellite-service-provider3d9f.html]
[track-na2.hubspot.com/__ptq0780.gif]
[www.sasken.com/insights/success-stories/new-generation-satellite-user-terminal-handset3d9f.html]
[track-na2.hubspot.com/__ptq7543.gif]
[www.sasken.com/insights/success-stories/professional-mobile-radio-user-terminal-350-mhz-band3d9f.html]
[track-na2.hubspot.com/__ptq6273.gif]
[www.sasken.com/insights/success-stories/enabling-brand-new-ip-automotive-soc-maker3d9f.html]
[track-na2.hubspot.com/__ptqe2f3.gif]
[www.sasken.com/insights/success-stories/enabling-leading-soc-makers-develop-and-launch-products-schedule3d9f.html]
[track-na2.hubspot.com/__ptqb307.gif]
[www.sasken.com/insights/success-stories/design-verification-modem-ip-discrete-modem-soc3d9f.html]
[track-na2.hubspot.com/__ptq20e3.gif]
[www.sasken.com/insights/success-stories/reduced-maintenance-costs-remote-control-and-diagnostics-industrial-valves3d9f.html]
[track-na2.hubspot.com/__ptq41e1.gif]
[www.sasken.com/insights/success-stories/reduced-time-market-unified-iiot-platform-and-business-apps3d9f.html]
[track-na2.hubspot.com/__ptq1876.gif]
[www.sasken.com/insights/success-stories/enhanced-user-experience-touch-screen-based-gui-next-gen-kettle-product3d9f.html]
[track-na2.hubspot.com/__ptqd52b.gif]
[www.sasken.com/insights/success-stories/faster-time-market-multi-connectivity-iot-logistic-gateway3d9f.html]
[track-na2.hubspot.com/__ptq2bfb.gif]
[www.sasken.com/insights/success-stories/multimodal-ticketing-platform-using-blockchain-enable-real-time-revenue3d9f.html]
[track-na2.hubspot.com/__ptq2f88.gif]
[www.sasken.com/insights/success-stories/establishing-traceability-product-quality-and-accountability-supply-chain3d9f.html]
[track-na2.hubspot.com/__ptq8923.gif]
[www.sasken.com/insights/success-stories/enabled-business-continuity-and-sustained-service-levels3d9f.html]
[track-na2.hubspot.com/__ptq1670.gif]
[www.sasken.com/insights/success-stories/enabled-customer-gain-entry-public-transportation-intelligent3d9f.html]
[track-na2.hubspot.com/__ptqeb93.gif]
[www.sasken.com/insights/success-stories/enabled-30-cost-savings-through-cloud-infrastructure-usage3d9f.html]
[track-na2.hubspot.com/__ptq9a28.gif]
[www.sasken.com/insights/success-stories/enabled-uk-mvno-achieve-increased-profitability3d9f.html]
[track-na2.hubspot.com/__ptq8e62.gif]
[www.sasken.com/insights/success-stories/leveraged-predictive-analytics-save-wholesale-bundle-purchase-cost3d9f.html]
[track-na2.hubspot.com/__ptqdf77.gif]
[www.sasken.com/insights/success-stories/reduced-resolution-time-rtk-gnss-enabled-tracking-system3d9f.html]
[track-na2.hubspot.com/__ptq3813.gif]
[www.sasken.com/insights/success-stories/reduced-go-market-time-global-leader-iot-solutions3d9f.html]
[www.sasken.com/insights/success-stories/enabled-continuous-automated-deployment-applications-and-platforms3d9f]
[www.sasken.com/insights/success-stories/ensured-continuous-releases-new-web-apps-and-apis-global-transportation3d9f]
[track-na2.hubspot.com/__ptq8003.gif]
[www.sasken.com/insights/success-stories/provided-automated-deployment-web-and-mobile-apps-public-cloud-reputed3d9f.html]
[7052064.fs1.hubspotusercontent-na1.net/hubfs/7052064/hub_generated/template_assets/DEFAULT_ASSET/1769811743435/template_layout.min.css]
[track-na2.hubspot.com/__ptqfa08.gif]
[www.sasken.com/insights/success-stories/enabled-customer-launch-next-gen-autosar-compliant-telematics-solution3d9f.html]
[track-na2.hubspot.com/__ptq4767.gif]
[www.sasken.com/insights/success-stories/reduced-t2m-30-core-application-development-instrument-cluster3d9f.html]
[track-na2.hubspot.com/__ptq3a8d.gif]
[www.sasken.com/insights/success-stories/preferred-partner-customers-modem-sustenance-and-customer-engineering3d9f.html]
[track-na2.hubspot.com/__ptqe063.gif]
[www.sasken.com/insights/success-stories/end-end-design-and-platform-migration-bts-railways3d9f.html]
[track-na2.hubspot.com/__ptq2cd5.gif]
[www.sasken.com/insights/success-stories/4g-o-ran-fronthaul3d9f.html]
[track-na2.hubspot.com/__ptq5f44.gif]
[www.sasken.com/insights/success-stories/reduced-time-market-carriers-5g-launch3d9f.html]
[track-na2.hubspot.com/__ptq1320.gif]
[www.sasken.com/insights/success-stories/enabled-successful-road-trials-c-v2x-japan3d9f.html]
[track-na2.hubspot.com/__ptqb4bf.gif]
[www.sasken.com/insights/success-stories/partnering-north-american-tier-1-autonomous-vehicular-validation3d9f.html]
[track-na2.hubspot.com/__ptq1e6e.gif]
[www.sasken.com/insights/success-stories/enabled-zero-glare-car-headlights-pedestrian-convenience3d9f.html]
[track-na2.hubspot.com/__ptq345c.gif]
[www.sasken.com/insights/success-stories/enabled-fabless-semiconductor-company-develop-software-sdk3d9f.html]
[track-na2.hubspot.com/__ptq589c.gif]
[www.sasken.com/insights/success-stories/driver-monitoring-system-nvidia-platform3d9f.html]
[track-na2.hubspot.com/__ptq92ac.gif]
[www.sasken.com/insights/success-stories/android-based-ivi-partnership-japanese-auto-tier-13d9f.html]
[track-na2.hubspot.com/__ptq7280.gif]
[www.sasken.com/insights/success-stories/connectivity-partner-north-american-tier-13d9f.html]
[track-na2.hubspot.com/__ptqc8b0.gif]
[www.sasken.com/insights/success-stories/android-based-ivi-productization-uk-based-tier-13d9f.html]
[track-na2.hubspot.com/__ptq8960.gif]
[www.sasken.com/insights/success-stories/bluetooth-solution-north-american-tier-13d9f.html]
[track-na2.hubspot.com/__ptqbeab.gif]
[www.sasken.com/insights/success-stories/multimedia-integration-genivi-compliant-ivi-system3d9f.html]
[track-na2.hubspot.com/__ptqae9a.gif]
[www.sasken.com/insights/success-stories/reduced-test-effort-75-end-end-test-automation3d9f.html]
[track-na2.hubspot.com/__ptq2ee4.gif]
[www.sasken.com/insights/success-stories/enabled-remote-monitoring-control-high-precision-welding-machine3d9f.html]
[track-na2.hubspot.com/__ptq85ff.gif]
[www.sasken.com/insights/success-stories/track-and-visualize-paving-operations-saas-based-industrial-iot-platform3d9f.html]
[track-na2.hubspot.com/__ptqf5c2.gif]
[www.sasken.com/insights/success-stories/enabled-faster-shipping-devices-leading-japanese-telecom-operator3d9f.html]
[track-na2.hubspot.com/__ptq5de8.gif]
[www.sasken.com/insights/success-stories/delivered-optimized-user-experience-resource-constrained-devices3d9f.html]
[track-na2.hubspot.com/__ptqf442.gif]
[www.sasken.com/insights/success-stories/delivered-test-automation-iot-platform-reducing-time-market3d9f.html]
[track-na2.hubspot.com/__ptq49f3.gif]
[www.sasken.com/insights/success-stories/enabled-infotainment-system-japanese-and-german-tier-1s3d9f.html]
[track-na2.hubspot.com/__ptqe7a3.gif]
[www.sasken.com/insights/success-stories/enabled-ivi-solution-na-oem-next-gen-streaming-technologies3d9f.html]
[track-na2.hubspot.com/__ptqf856.gif]
[www.sasken.com/insights/success-stories/instrument-cluster-verification-validation-na-tier-13d9f.html]
[track-na2.hubspot.com/__ptq018f.gif]
[www.sasken.com/insights/success-stories/enabled-can-interface-european-auto-tier-13d9f.html]
[track-na2.hubspot.com/__ptqfc2d.gif]
[www.sasken.com/insights/success-stories/enabled-automotive-tier-1-launch-ivi-solution-multiple-platforms3d9f.html]
[track-na2.hubspot.com/__ptq3168.gif]
[www.sasken.com/insights/success-stories/asset-performance-management-rolling-stock3d9f.html]
[track-na2.hubspot.com/__ptqec15.gif]
[www.sasken.com/insights/success-stories/developed-industrial-imaging-engine-enabled-edge-intelligence-machine3d9f.html]
[track-na2.hubspot.com/__ptq25ed.gif]
[www.sasken.com/insights/success-stories/developed-industry-40-enabled-welder-connectivity-unprecedented-control-and3d9f.html]
[track-na2.hubspot.com/__ptq5421.gif]
[www.sasken.com/insights/success-stories/enabled-customer-launch-next-gen-lte-based-telematics-solution-03d9f.html]
[track-na2.hubspot.com/__ptq9a0f.gif]
[www.sasken.com/insights/success-stories/enabled-customer-launch-next-gen-lte-based-telematics-solution3d9f.html]
[track-na2.hubspot.com/__ptq791e.gif]
[www.sasken.com/insights/success-stories/grew-market-share-mvp-aftermarket-automotive-ancillary-products3d9f.html]
[track-na2.hubspot.com/__ptq9a3b.gif]
[www.sasken.com/insights/success-stories/first-android-m-upgrade-omap4-platform-rugged-device-oem3d9f.html]
[track-na2.hubspot.com/__ptqd116.gif]
[www.sasken.com/insights/success-stories/automated-testing-telematics-based-application-suite3d9f.html]
[track-na2.hubspot.com/__ptqbc26.gif]
[www.sasken.com/insights/success-stories/first-android-rugged-device-us-market-multimode-modem-support3d9f.html]
[track-na2.hubspot.com/__ptqba5b.gif]
[www.sasken.com/insights/success-stories/provisioned-automated-asset-inspection-industrial-assembly3d9f.html]
[track-na2.hubspot.com/__ptq03ab.gif]
[www.sasken.com/insights/success-stories/high-precision-vehicle-inventory-system-japanese-oem3d9f.html]
[track-na2.hubspot.com/__ptq5bca.gif]
[www.sasken.com/insights/success-stories/redefining-automotive-aftermarket-ancillary-space3d9f.html]
[track-na2.hubspot.com/__ptq8f9f.gif]
[www.sasken.com/insights/success-stories/making-roads-safer-enabling-v2x-communication3d9f.html]
[track-na2.hubspot.com/__ptqbc23.gif]
[www.sasken.com/insights/success-stories/developed-european-tier-1s-india-center-coe-bluetooth3d9f.html]
[track-na2.hubspot.com/__ptq9153.gif]
[www.sasken.com/insights/success-stories/perception-and-driver-monitoring-system-japanese-market3d9f.html]
[track-na2.hubspot.com/__ptqd8d3.gif]
[www.sasken.com/insights/success-stories/reduced-cycle-time-and-faster-time-market-through-automation-android3d9f.html]
[track-na2.hubspot.com/__ptqb825.gif]
[www.sasken.com/insights/success-stories/delivered-test-automation-iot-platform-leading-supplier-automotive-parts3d9f.html]
[track-na2.hubspot.com/__ptq4b78.gif]
[www.sasken.com/insights/success-stories/system-test-automation-tier-1-automotive-ivi-oem3d9f.html]
[track-na2.hubspot.com/__ptqed55.gif]
[www.sasken.com/insights/success-stories/continuous-integration-north-american-tier-13d9f.html]
[track-na2.hubspot.com/__ptq6889.gif]
[www.sasken.com/insights/success-stories/technical-review-benchfield-testing-telematics-solution3d9f.html]
[track-na2.hubspot.com/__ptq923a.gif]
[www.sasken.com/insights/success-stories/android-test-automation-north-american-tier-13d9f.html]
[track-na2.hubspot.com/__ptq4fcc.gif]
[www.sasken.com/insights/success-stories/25-faster-test-cycle-tier-1-auto-ivi-solution-provider3d9f.html]
[track-na2.hubspot.com/__ptq6617.gif]
[www.sasken.com/insights/success-stories/self-service-business-intelligence-platform3d9f.html]
[track-na2.hubspot.com/__ptq3457.gif]
[www.sasken.com/insights/success-stories/video-conferencing-client-enterprise-collaboration3d9f.html]
[track-na2.hubspot.com/__ptqf260.gif]
[www.sasken.com/insights/success-stories/delivering-market-insights-through-mobile-application3d9f.html]
[track-na2.hubspot.com/__ptq5104.gif]
[www.sasken.com/insights/success-stories/enabling-automotive-companies-innovate-next-generation-infotainment-systems3d9f.html]
[track-na2.hubspot.com/__ptqb05d.gif]
[www.sasken.com/insights/success-stories/consolidated-defect-dashboard3d9f.html]
[track-na2.hubspot.com/__ptq5c73.gif]
[www.sasken.com/insights/success-stories/smartphone-based-usage-based-insurance-ubi-solution3d9f.html]
[track-na2.hubspot.com/__ptqa66a.gif]
[www.sasken.com/insights/success-stories/live-video-surveillance-mobile-client3d9f.html]
[track-na2.hubspot.com/__ptq07d3.gif]
[www.sasken.com/insights/success-stories/android-based-smart-tv-middleware-application-development3d9f.html]
[track-na2.hubspot.com/__ptqabae.gif]
[www.sasken.com/insights/success-stories/powering-superior-surveillance-systems-asian-ce-giant3d9f.html]
[track-na2.hubspot.com/__ptq2733.gif]
[www.sasken.com/insights/success-stories/usage-prediction3d9f.html]
[track-na2.hubspot.com/__ptq5caa.gif]
[www.sasken.com/insights/success-stories/helping-leading-sports-brand-leverage-digital-connect-end-consumer3d9f.html]
[track-na2.hubspot.com/__ptqf818.gif]
[www.sasken.com/insights/success-stories/boosting-vehicle-radio-functionalities-support-application-ecosystem3d9f.html]
[track-na2.hubspot.com/__ptq98c0.gif]
[www.sasken.com/insights/success-stories/indoor-navigation-suite-indoor-location-services-provider3d9f.html]
[track-na2.hubspot.com/__ptqa293.gif]
[www.sasken.com/insights/success-stories/pricing-elasticity-analysis3d9f.html]
[track-na2.hubspot.com/__ptqcd45.gif]
[www.sasken.com/insights/success-stories/enabling-digital-video-recording-vehicle-infotainment-systems3d9f.html]
[track-na2.hubspot.com/__ptq5580.gif]
[www.sasken.com/insights/success-stories/churn-prediction3d9f.html]
[track-na2.hubspot.com/__ptqd72f.gif]
[www.sasken.com/insights/success-stories/tablet-clienteling-solution-retail-store-associates3d9f.html]
[track-na2.hubspot.com/__ptq0b08.gif]
[www.sasken.com/insights/success-stories/digital-campaign-management-solution3d9f.html]
[track-na2.hubspot.com/__ptq821d.gif]
[www.sasken.com/insights/success-stories/driving-business-customers-superior-vehicle-infotainment-solutions3d9f.html]
[track-na2.hubspot.com/__ptq0658.gif]
[www.sasken.com/insights/success-stories/store-inventory-and-fulfilment-solution3d9f.html]
[track-na2.hubspot.com/__ptq94e5.gif]
[www.sasken.com/insights/success-stories/demonstrating-value-through-integrated-managed-services3d9f.html]
[track-na2.hubspot.com/__ptq84b1.gif]
[www.sasken.com/insights/success-stories/audio-book-application3d9f.html]
[track-na2.hubspot.com/__ptq7773.gif]
[www.sasken.com/insights/success-stories/mobility-solution-explore-timeline-and-relations-between-physical-objects3d9f.html]
[track-na2.hubspot.com/__ptqb942.gif]
[www.sasken.com/insights/success-stories/inventory-dashboard-supply-chain-visibility-platform3d9f.html]
[track-na2.hubspot.com/__ptq58c7.gif]
[www.sasken.com/insights/success-stories/enabling-superior-music-application-features-windows-mobile-devices3d9f.html]
[track-na2.hubspot.com/__ptq7586.gif]
[www.sasken.com/insights/success-stories/data-warehouse-audit3d9f.html]
[track-na2.hubspot.com/__ptq7d51.gif]
[www.sasken.com/insights/success-stories/helping-oems-give-their-global-consumers-smart-experiences-their-luxury3d9f.html]
[track-na2.hubspot.com/__ptq343f.gif]
[www.sasken.com/insights/success-stories/project-management-dashboard3d9f.html]
[track-na2.hubspot.com/__ptq5b60.gif]
[www.sasken.com/insights/success-stories/helping-rugged-device-oems-give-their-customers-richer-and-more-customized3d9f.html]
[track-na2.hubspot.com/__ptq7520.gif]
[www.sasken.com/insights/success-stories/actionable-insights-platform3d9f.html]
[www.sasken.com/business-continuity-success-stories/author/ravi-kiran.html]
[track-na2.hubspot.com/__ptq13f1.gif]
[www.sasken.com/business-continuity-success-stories/enabled-project-segregation-with-vpn-and-firewall-for-customer-project3d9f.html]
[www.sasken.com/business-continuity-success-stories/author/chandrasekar-selvaraj.html]
[track-na2.hubspot.com/__ptq76ee.gif]
[www.sasken.com/business-continuity-success-stories/ensured-seamless-deliverables-for-odc-projects-by-wfh-with-customers-approval3d9f.html]
[www.sasken.com/business-continuity-success-stories/author/ranjan-r.html]
[track-na2.hubspot.com/__ptqd4fc.gif]
[www.sasken.com/business-continuity-success-stories/coordinated-and-ensured-safe-return-employee-stranded-uk3d9f.html]
[www.sasken.com/business-continuity-success-stories/author/jayna-chopra.html]
[track-na2.hubspot.com/__ptq5f19.gif]
[www.sasken.com/business-continuity-success-stories/successfully-repatriated-employee-japan-india3d9f.html]
[www.sasken.com/business-continuity-success-stories/author/manoj-chidambaram.html]
[track-na2.hubspot.com/__ptq8e47.gif]
[www.sasken.com/business-continuity-success-stories/safely-repatriated-employee-and-his-family-india-uk-during-covid-19-lockdown3d9f.html]
[www.sasken.com/business-continuity-success-stories/author/amita-pande.html]
[track-na2.hubspot.com/__ptq9704.gif]
[www.sasken.com/business-continuity-success-stories/ensured-safe-return-employees-across-various-geographies3d9f.html]
[www.sasken.com/business-continuity-success-stories/author/rishabh-barua.html]
[track-na2.hubspot.com/__ptq6592.gif]
[www.sasken.com/business-continuity-success-stories/delivered-multiple-releases-automated-fare-collection-system-transportation-domain3d9f.html]
[www.sasken.com/business-continuity-success-stories/author/vinay-harugop.html]
[track-na2.hubspot.com/__ptq5534.gif]
[www.sasken.com/business-continuity-success-stories/ensured-consistent-delivery-android-security-management-releases3d9f.html]
[www.sasken.com/business-continuity-success-stories/guaranteed-adas-bsp-validation-japanese-customer3d9f.html]
[www.sasken.com/business-continuity-success-stories/ensured-smooth-oran-kick-during-lockdown3d9f.html]
[www.sasken.com/business-continuity-success-stories/maintained-business-continuity-developing-satellite-terminal-applications3d9f.html]
[www.sasken.com/business-continuity-success-stories/ensured-successful-mse-factory-acceptance-test-execution-customer-during-lockdown3d9f.html]
[www.sasken.com/business-continuity-success-stories/successfully-delivered-final-milestone-c-v2x-project-during-covid-19-lockdown3d9f.html]
[www.sasken.com/business-continuity-success-stories/enabled-android-security-management-amid-covid-19-lockdown3d9f.html]
[www.sasken.com/business-continuity-success-stories/replicated-odc-environment-home-ensure-efficient-functioning-project3d9f.html]
[www.sasken.com/business-continuity-success-stories/ensured-milestone-deliveries-of-odc-projects-during-covid-19-lockdown3d9f.html]
[www.sasken.com/business-continuity-success-stories/going-above-and-beyond-call-duty-enable-delivery-excellence3d9f.html]
[www.sasken.com/business-continuity-success-stories/leveraged-round-robin-system-and-remote-access-ensure-business-continuity3d9f.html]
[www.sasken.com/business-continuity-success-stories/ensured-seamless-transition-wfh-mission-critical-gsm-r-network-project3d9f.html]
[www.sasken.com/business-continuity-success-stories/upped-customer-confidence-proactive-steps-ensure-business-continuity3d9f.html]
[www.sasken.com/business-continuity-success-stories/enabled-smooth-continuity-project-vpn-and-remote-access3d9f.html]
[www.sasken.com/business-continuity-success-stories/enabled-remote-access-hardware-located-japan-verification-purposes3d9f.html]
[www.sasken.com/business-continuity-success-stories/ensured-zero-loss-productivity-during-execution-project3d9f.html]
[www.sasken.com/business-continuity-success-stories/author/praful-khandelwal.html]
[track-na2.hubspot.com/__ptq9fd8.gif]
[www.sasken.com/business-continuity-success-stories/stayed-motivated-and-determined-during-covid-19-crisis3d9f.html]
[www.sasken.com/business-continuity-success-stories/author/bama-s.html]
[track-na2.hubspot.com/__ptq55f4.gif]
[www.sasken.com/business-continuity-success-stories/successfully-enabled-odc-workspace-engineers-homes-customer-projects3d9f.html]
[track-na2.hubspot.com/__ptq5ba4.gif]
[www.sasken.com/business-continuity-success-stories/delivered-bi-weekly-milestones-american-and-european-customers3d9f.html]
[www.sasken.com/insights/case-study/author/sasken-site-admin.html]
[track-na2.hubspot.com/__ptq12e4.gif]
[www.sasken.com/insights/case-study/enhancing-user-experience-with-human-factors-expertise3d9f.html]
[track-na2.hubspot.com/__ptqe384.gif]
[www.sasken.com/insights/case-study/cloud-based-rail-track-monitoring-software-automation3d9f.html]
[www.sasken.com/insights/white-papers/author/vivek-madathil.html]
[track-na2.hubspot.com/__ptqf5f6.gif]
[www.sasken.com/insights/white-papers/product-as-service-paas-business-model-for-oems-sasken3d9f.html]
[www.sasken.com/insights/white-papers/author/praful-khandelwal.html]
[track-na2.hubspot.com/__ptqd484.gif]
[www.sasken.com/insights/white-papers/beyond-the-timestamp-a-strategic-guide-to-selecting-your-time-series-databases3d9f.html]
[www.sasken.com/insights/white-papers/author/vivek-madathil-amit-verma.html]
[track-na2.hubspot.com/__ptqe47f.gif]
[www.sasken.com/insights/white-papers/migrate-with-confidence-a-phased-approach-to-cloud-success3d9f.html]
[track-na2.hubspot.com/__ptq444e.gif]
[www.sasken.com/insights/white-papers/decoding-the-rfid-landscape-exploring-ecosystem-challenges-and-use-cases3d9f.html]
[track-na2.hubspot.com/__ptqc1f1.gif]
[www.sasken.com/insights/white-papers/beyond-the-timestamp-a-strategic-guide-to-selecting-your-time-series-database3d9f.html]
[track-na2.hubspot.com/__ptq96cf.gif]
[www.sasken.com/insights/white-papers/monolith-to-microservices3d9f.html]
[www.sasken.com/insights/white-papers/author/mrinal-sarkar.html]
[track-na2.hubspot.com/__ptqd7ea.gif]
[www.sasken.com/insights/white-papers/revolutionizing-two-wheelers3d9f.html]
[www.sasken.com/insights/white-papers/author/debashis-panigrahi.html]
[track-na2.hubspot.com/__ptq76c5.gif]
[www.sasken.com/insights/white-papers/generative-ai-at-the-edge3d9f.html]
[www.sasken.com/insights/white-papers/author/senthil-kumar-subramani-debashis-panigrahi.html]
[track-na2.hubspot.com/__ptqd146.gif]
[www.sasken.com/insights/white-papers/comparative-analysis-gms-non-gms-enterprise-devices3d9f.html]
[www.sasken.com/insights/white-papers/author/bhabani-prasad-upadhyaya.html]
[track-na2.hubspot.com/__ptqc6f0.gif]
[www.sasken.com/insights/white-papers/data-integration-platform-characteristic-trait3d9f.html]
[www.sasken.com/insights/white-papers/author/amit-palkar-venkata-murali-krishna-adapa.html]
[track-na2.hubspot.com/__ptq9721.gif]
[www.sasken.com/insights/white-papers/an-overview-of-the-open-ran-system3d9f.html]
[www.sasken.com/insights/white-papers/author/by-roney-paul-kurien.html]
[track-na2.hubspot.com/__ptqd0bc.gif]
[www.sasken.com/insights/white-papers/radio-access-networks-evolution3d9f.html]
[www.sasken.com/insights/white-papers/author/veeresh-j-diggavi.html]
[track-na2.hubspot.com/__ptqfc1e.gif]
[www.sasken.com/insights/white-papers/is-manual-testing-dead3d9f.html]
[track-na2.hubspot.com/__ptqf91d.gif]
[www.sasken.com/insights/white-papers/at-the-crossroads-of-another-automotive-transformation3d9f.html]
[www.sasken.com/insights/white-papers/author/vivek-madathil-shweta-naik.html]
[track-na2.hubspot.com/__ptqbf0d.gif]
[www.sasken.com/insights/white-papers/food-cold-chain-challenges-and-opportunities-for-digitalization3d9f.html]
[www.sasken.com/insights/white-papers/author/amit-maheshbhai-bhatt.html]
[track-na2.hubspot.com/__ptq21ee.gif]
[www.sasken.com/insights/white-papers/lte-based-satellite-networks3d9f.html]
[track-na2.hubspot.com/__ptq4c86.gif]
[www.sasken.com/insights/white-papers/cloud-migration-a-phased-approach-to-mitigate-the-risks3d9f.html]
[www.sasken.com/insights/white-papers/author/basavaraj-patil.html]
[track-na2.hubspot.com/__ptqc9a7.gif]
[www.sasken.com/insights/white-papers/wsn-infrastructure-and-testing-of-wireless-sensor-networks3d9f.html]
[www.sasken.com/insights/white-papers/author/sharansunil-lekkad.html]
[track-na2.hubspot.com/__ptq0a30.gif]
[www.sasken.com/insights/white-papers/evolution-of-satellite-mobile-communications3d9f.html]
[www.sasken.com/insights/white-papers/author/debabrata-sahoo.html]
[track-na2.hubspot.com/__ptq48af.gif]
[www.sasken.com/insights/white-papers/to-automate-or-not-to-automate3d9f.html]
[www.sasken.com/insights/white-papers/author/narasimha-bashyam.html]
[track-na2.hubspot.com/__ptq8e18.gif]
[www.sasken.com/insights/white-papers/next-phase-of-android3d9f.html]
[www.sasken.com/insights/white-papers/author/vivek-madathil-amol-kulkarni-rohit-gore.html]
[track-na2.hubspot.com/__ptqa185.gif]
[www.sasken.com/insights/white-papers/framework-for-comparison-of-data-visualization-tools-and-an-illustration-using-power-bi-qliksense-and-google-looker3d9f.html]
[track-na2.hubspot.com/__ptq2981.gif]
[www.sasken.com/insights/white-papers/low-power-wide-area-lpwa-networks-evolution3d9f.html]
[www.sasken.com/insights/white-papers/author/shantanu-das-1.html]
[track-na2.hubspot.com/__ptqd045.gif]
[www.sasken.com/insights/white-papers/designing-cyber-safe-connected-vehicle-architecture-comments3d9f.html]
[www.sasken.com/insights/white-papers/author/amol-shrikant-kulkarni.html]
[track-na2.hubspot.com/__ptqdb5d.gif]
[www.sasken.com/insights/white-papers/strategic-implications-industrial-oems-transitioning-product-service-business3d9f.html]
[www.sasken.com/insights/white-papers/author/vinay-harugop.html]
[track-na2.hubspot.com/__ptq27aa.gif]
[www.sasken.com/insights/white-papers/android-security-release-and-device-update3d9f.html]
[www.sasken.com/insights/white-papers/author/neetu-sasi-kumar.html]
[track-na2.hubspot.com/__ptqa3d6.gif]
[www.sasken.com/insights/white-papers/coupling-5g-and-wi-fi-6-connectivity3d9f.html]
[www.sasken.com/insights/white-papers/author/debashis-panigrahi-vasudevan-mukundan.html]
[track-na2.hubspot.com/__ptqf551.gif]
[www.sasken.com/insights/white-papers/validating-ecockpit-systems-challenges-and-way-forward3d9f.html]
[track-na2.hubspot.com/__ptq1164.gif]
[www.sasken.com/insights/white-papers/how-blockchain-can-be-effectively-leveraged-telecommunication-industry3d9f.html]
[www.sasken.com/insights/white-papers/author/rohit-anand.html]
[track-na2.hubspot.com/__ptqcbf7.gif]
[www.sasken.com/insights/white-papers/insights/white-papers/vehicle-data-monetization-streams-disrupting-traditional-automotive-value3d9f.html]
[www.sasken.com/insights/white-papers/author/naresh-neelakantan.html]
[track-na2.hubspot.com/__ptq193b.gif]
[www.sasken.com/insights/white-papers/leveraging-nash-equilibrium-and-generative-adversarial-networks-autonomous3d9f.html]
[www.sasken.com/insights/white-papers/author/pradeep-chandramouli.html]
[track-na2.hubspot.com/__ptq26ef.gif]
[www.sasken.com/insights/white-papers/multi-access-edge-computing-will-enable-new-business-opportunities-telcos3d9f.html]
[www.sasken.com/insights/white-papers/author/krishna-kishore-vidya-krithivasan.html]
[track-na2.hubspot.com/__ptqe8e5.gif]
[www.sasken.com/insights/white-papers/future-looks-bright-android-work3d9f.html]
[www.sasken.com/insights/white-papers/author/amandeep-singh-uppal.html]
[track-na2.hubspot.com/__ptq2363.gif]
[www.sasken.com/insights/white-papers/computer-vision-based-fire-detection-system3d9f.html]
[www.sasken.com/insights/white-papers/author/allappagoud-biradar.html]
[track-na2.hubspot.com/__ptqea85.gif]
[www.sasken.com/insights/white-papers/python-test-framework-automated-testing-network-protocols3d9f.html]
[track-na2.hubspot.com/__ptq7108.gif]
[www.sasken.com/insights/white-papers/systematic-approach-and-guidelines-cyber-security-testing3d9f.html]
[www.sasken.com/insights/white-papers/author/karthik-kumar-parthasarathy-dorairaj-vembu.html]
[track-na2.hubspot.com/__ptq1587.gif]
[www.sasken.com/insights/white-papers/anatomy-smart-tvs3d9f.html]
[www.sasken.com/insights/white-papers/author/ponmuthusubramaniam-vipin-tyagi-krishna-kishore.html]
[track-na2.hubspot.com/__ptq5425.gif]
[www.sasken.com/insights/white-papers/android-rugged-devices-challenges-and-way-forward3d9f.html]
[www.sasken.com/insights/white-papers/author/manuj-khanra.html]
[track-na2.hubspot.com/__ptq7aef.gif]
[www.sasken.com/insights/white-papers/adaptive-beamforming-towards-5g-systems3d9f.html]
[www.sasken.com/insights/white-papers/author/chetan-sethi.html]
[track-na2.hubspot.com/__ptq0268.gif]
[www.sasken.com/insights/white-papers/real-time-multimedia-system-analysis-breeze-linux3d9f.html]
[www.sasken.com/insights/white-papers/author/samir-amberkar.html]
[track-na2.hubspot.com/__ptq47d6.gif]
[www.sasken.com/insights/white-papers/c-v2x-autonomous-resource-selection-explained3d9f.html]
[www.sasken.com/insights/white-papers/author/girish-bvs.html]
[track-na2.hubspot.com/__ptq182a.gif]
[www.sasken.com/insights/white-papers/blockchain-technology-concepts3d9f.html]
[track-na2.hubspot.com/__ptq507f.gif]
[www.sasken.com/insights/white-papers/insights/white-papers/ran-virtualization-impact-operator-economics-ecosystem-and-value-chain3d9f.html]
[www.sasken.com/insights/white-papers/author/dorairaj-vembu.html]
[track-na2.hubspot.com/__ptqcbce.gif]
[www.sasken.com/insights/white-papers/how-can-v2x-technology-increase-safety-and-security-autonomous-car3d9f.html]
[www.sasken.com/insights/white-papers/author/vinod-vasudevan.html]
[track-na2.hubspot.com/__ptq5617.gif]
[www.sasken.com/insights/white-papers/automotive-security3d9f.html]
[www.sasken.com/insights/white-papers/author/asghar-ali.html]
[track-na2.hubspot.com/__ptqabad.gif]
[www.sasken.com/insights/white-papers/edge-processing-paradigm-instantaneous-value-realization3d9f.html]
[track-na2.hubspot.com/__ptqe871.gif]
[www.sasken.com/insights/white-papers/insights/white-papers/private-lte5g-networks-catalyst-industry-403d9f.html]
[www.sasken.com/insights/white-papers/author/krishna-kishore.html]
[track-na2.hubspot.com/__ptq8238.gif]
[www.sasken.com/insights/white-papers/enabling-adoption-latest-android-versions-using-project-treble-sasken3d9f.html]
[track-na2.hubspot.com/__ptq4582.gif]
[www.sasken.com/insights/white-papers/connected-cars-architecture-challenges-and-way-forward-03d9f.html]
[www.sasken.com/insights/white-papers/author/anees-haidary.html]
[track-na2.hubspot.com/__ptq8659.gif]
[www.sasken.com/insights/white-papers/cultural-arena-projects3d9f.html]
[www.sasken.com/insights/white-papers/author/dr-v-sridhar-anees-haidary.html]
[track-na2.hubspot.com/__ptqabd8.gif]
[www.sasken.com/insights/white-papers/project-management-lessons-outsourced-product-development-03d9f.html]
[www.sasken.com/insights/white-papers/author/confidex-and-sasken.html]
[track-na2.hubspot.com/__ptqbab9.gif]
[www.sasken.com/insights/white-papers/dynamic-parts-authentication-cure-counterfeiting-pandemic-automotive-industry3d9f.html]
[www.sasken.com/insights/buzz/author/admin.html]
[track-na2.hubspot.com/__ptqef12.gif]
[www.sasken.com/insights/buzz/sasken-enable-home-gateway-solution-australias-leading-iot-company3d9f.html]
[track-na2.hubspot.com/__ptqfff2.gif]
[www.sasken.com/insights/buzz/enabling-android-security-management-releases-american-multinational-conglomerate3d9f.html]
[track-na2.hubspot.com/__ptqd16c.gif]
[www.sasken.com/insights/buzz/sasken-wins-exciting-electric-vehicle-project-with-a-leading-2-wheeler-ev-oem3d9f.html]
[track-na2.hubspot.com/__ptqb8f8.gif]
[www.sasken.com/insights/buzz/sasken-wins-5g-based-telematics-platform-project-from-tier-1-auto-vendors3d9f.html]
[track-na2.hubspot.com/__ptq544b.gif]
[www.sasken.com/insights/buzz/sasken-powers-android-upgrade-project-for-a-japanese-ultra-rugged-device-manufacturer3d9f.html]
[track-na2.hubspot.com/__ptq3797.gif]
[www.sasken.com/insights/buzz/sasken-was-entrusted-with-the-new-product-introduction-by-a-japanese-oem3d9f.html]
[track-na2.hubspot.com/__ptq078f.gif]
[www.sasken.com/insights/buzz/sasken-wins-new-android-project-with-the-pioneer-in-opensource-software-platforms3d9f.html]
[track-na2.hubspot.com/__ptqd77b.gif]
[www.sasken.com/insights/buzz/sasken-extends-collaboration-with-a-japanese-oem-for-android-security-management3d9f.html]
[track-na2.hubspot.com/__ptq7801.gif]
[www.sasken.com/insights/buzz/sasken-receives-beautiful-bengalurus-green-award-for-sustainability-initiatives3d9f.html]
[track-na2.hubspot.com/__ptq6273-2.gif]
[www.sasken.com/insights/buzz/sasken-wins-new-digital-project-with-the-pioneers-in-affordable-internet-access3d9f.html]
[track-na2.hubspot.com/__ptq7978.gif]
[www.sasken.com/insights/buzz/sasken-receives-infhra-award-ecologically-sustainable-initiatives3d9f.html]
[track-na2.hubspot.com/__ptq80d5.gif]
[www.sasken.com/insights/buzz/sasken-secures-automotive-project-for-north-american-auto-oem3d9f.html]
[track-na2.hubspot.com/__ptqc8e1.gif]
[www.sasken.com/insights/buzz/developed-highly-available-digital-key-management-solution-german-customer3d9f.html]
[track-na2.hubspot.com/__ptqf5a0.gif]
[www.sasken.com/insights/buzz/optimized-prototype-development-next-gen-infotainment-systems-german-customer3d9f.html]
[track-na2.hubspot.com/__ptqe0b1.gif]
[www.sasken.com/insights/buzz/sasken-wins-crucial-digital-key-management-project-with-a-leading-transportation-solutions-provider3d9f.html]
[track-na2.hubspot.com/__ptqf5e7.gif]
[www.sasken.com/insights/buzz/provided-end-end-android-upgrade-roadmap-japanese-customer3d9f.html]
[track-na2.hubspot.com/__ptqe75d.gif]
[www.sasken.com/insights/buzz/delivered-smart-industrial-scanner-proof-concept-american-conglomerate3d9f.html]
[track-na2.hubspot.com/__ptqb108.gif]
[www.sasken.com/insights/buzz/accelerated-commercialization-autonomous-driving-solution-japanese-customer3d9f.html]
[track-na2.hubspot.com/__ptqd2e4.gif]
[www.sasken.com/insights/buzz/accelerated-research-development-goals-image-scanner-japanese-customer3d9f.html]
[track-na2.hubspot.com/__ptqcca1.gif]
[www.sasken.com/insights/buzz/enabled-intuitive-digital-insights-german-customer3d9f.html]
[track-na2.hubspot.com/__ptq2b7e.gif]
[www.sasken.com/insights/buzz/provided-firmware-enhancements-american-conglomerates-onsite-security-products3d9f.html]
[track-na2.hubspot.com/__ptq3cb4.gif]
[www.sasken.com/insights/buzz/end-end-management-android-upgrades-japanese-enterprise-device-manufacturer3d9f.html]
[track-na2.hubspot.com/__ptq034c.gif]
[www.sasken.com/insights/buzz/providing-competent-hardware-verification-support-american-multinational-technology3d9f.html]
[track-na2.hubspot.com/__ptq2235.gif]
[www.sasken.com/insights/buzz/providing-critical-ux-research-and-design-expertise-french-heavy-equipment3d9f.html]
[track-na2.hubspot.com/__ptq8cc1.gif]
[www.sasken.com/insights/buzz/developed-efficient-android-test-scripts-and-test-frameworks-japanese-customer3d9f.html]
[track-na2.hubspot.com/__ptqce10.gif]
[www.sasken.com/insights/buzz/designed-diverse-range-connected-and-smart-handheld-industrial-devices-american3d9f.html]
[track-na2.hubspot.com/__ptq2f38.gif]
[www.sasken.com/insights/buzz/ensured-traceability-across-cold-supply-chain-enhanced-digital-capabilities3d9f.html]
[track-na2.hubspot.com/__ptq9f1a.gif]
[www.sasken.com/insights/buzz/enabling-end-end-seamless-upgrades-android-devices-japanese-customer3d9f.html]
[track-na2.hubspot.com/__ptq4f57.gif]
[www.sasken.com/insights/buzz/delivering-seamless-android-upgrades-japanese-enterprise-device-manufacturer3d9f.html]
[track-na2.hubspot.com/__ptqf5aa.gif]
[www.sasken.com/insights/buzz/leveraged-digital-expertise-automating-and-refining-swiss-multinationals-lab3d9f.html]
[track-na2.hubspot.com/__ptq6459.gif]
[www.sasken.com/insights/buzz/novel-approach-estimating-channel-statistics-improve-receiver-performance3d9f.html]
[track-na2.hubspot.com/__ptqe06e.gif]
[www.sasken.com/insights/buzz/sasken-delivers-mvp-data-lake-solution-europes-largest-mvno3d9f.html]
[track-na2.hubspot.com/__ptq8a09.gif]
[www.sasken.com/insights/buzz/sasken-wins-golden-peacock-award-international-conference-corporate-social3d9f.html]
[track-na2.hubspot.com/__ptq355a.gif]
[www.sasken.com/insights/buzz/sasken-ensures-iiot-platform-big-data-validation-swiss-swedish-fortune-500-company3d9f.html]
[track-na2.hubspot.com/__ptq41ce.gif]
[www.sasken.com/insights/buzz/providing-efficient-android-upgrade-roadmap-asian-electronics-manufacturer3d9f.html]
[track-na2.hubspot.com/__ptq4373.gif]
[www.sasken.com/insights/buzz/delivering-wireless-protocol-validation-test-equipment-products3d9f.html]
[track-na2.hubspot.com/__ptq4147.gif]
[www.sasken.com/insights/buzz/enabling-digital-transformation-railway-track-maintenance-and-laying-machines3d9f.html]
[track-na2.hubspot.com/__ptq3d0e.gif]
[www.sasken.com/insights/buzz/accelerating-product-development-roadmap-our-customers3d9f.html]
[track-na2.hubspot.com/__ptq5ddd.gif]
[www.sasken.com/insights/buzz/adding-digital-transformation-public-transportation-space3d9f.html]
[track-na2.hubspot.com/__ptq6961.gif]
[www.sasken.com/insights/buzz/scaling-new-heights-advanced-driver-assistance-technologies3d9f.html]
[track-na2.hubspot.com/__ptqa053.gif]
[www.sasken.com/insights/buzz/sasken-leading-way-connected-valve-solutions3d9f.html]
[track-na2.hubspot.com/__ptq43a5.gif]
[www.sasken.com/insights/buzz/sasken-scores-patent-computer-vision-technology3d9f.html]
[track-na2.hubspot.com/__ptqcce0.gif]
[www.sasken.com/insights/buzz/sasken-bags-patent-method-encoding-and-decoding-data-03d9f.html]
[track-na2.hubspot.com/__ptq8273.gif]
[www.sasken.com/insights/buzz/accelerating-development-next-gen-machine-tools3d9f.html]
[track-na2.hubspot.com/__ptq0f14.gif]
[www.sasken.com/insights/buzz/sasken-takes-android-based-inflight-infotainment-system3d9f.html]
[track-na2.hubspot.com/__ptqa26d.gif]
[www.sasken.com/insights/buzz/enabling-safer-commute-advanced-autonomous-driving-solutions3d9f.html]
[track-na2.hubspot.com/__ptq2fbd.gif]
[www.sasken.com/insights/buzz/sasken-continues-soar-automotive-electronics3d9f.html]
[track-na2.hubspot.com/__ptqc4bd.gif]
[www.sasken.com/insights/buzz/think-android-think-sasken3d9f.html]
[track-na2.hubspot.com/__ptq5571.gif]
[www.sasken.com/insights/buzz/creating-next-gen-iot-enabled-aftermarket-auto-products3d9f.html]
[track-na2.hubspot.com/__ptqc2e1.gif]
[www.sasken.com/insights/buzz/sasken-files-patent-multiple-1-d-barcode-localization3d9f.html]
[track-na2.hubspot.com/__ptq07f7.gif]
[www.sasken.com/insights/buzz/sasken-delivers-firmware-modem-chipset-powers-premium-smart-watch3d9f.html]
[track-na2.hubspot.com/__ptqb60f.gif]
[www.sasken.com/insights/buzz/sasken-manages-all-2g3g-modem-firmware-worlds-largest-chip-manufacturer3d9f.html]
[track-na2.hubspot.com/__ptq0ffd.gif]
[www.sasken.com/insights/buzz/sasken-develops-smart-phone-application-allowing-interaction-satellite-terminal3d9f.html]
[track-na2.hubspot.com/__ptq9e6b.gif]
[www.sasken.com/insights/buzz/asian-ce-conglomerate-reposes-confidence-saskens-android-prowess3d9f.html]
[track-na2.hubspot.com/__ptq1c6f.gif]
[www.sasken.com/insights/buzz/sasken-powers-security-management-enterprise-grade-devices3d9f.html]
[track-na2.hubspot.com/__ptq9d9f.gif]
[www.sasken.com/insights/buzz/developing-android-based-display-audio-system-japanese-tier-13d9f.html]
[track-na2.hubspot.com/__ptqd0e9.gif]
[www.sasken.com/insights/buzz/sasken-develop-iot-coe-and-industry-40-features-european-customer3d9f.html]
[track-na2.hubspot.com/__ptqb2c3.gif]
[www.sasken.com/insights/buzz/enhancing-robustness-handheld-and-mobile-imaging-products3d9f.html]
[track-na2.hubspot.com/__ptqb102.gif]
[www.sasken.com/insights/buzz/rtk-positioning-and-gnss-japanese-auto-oem3d9f.html]
[track-na2.hubspot.com/__ptq7ae7.gif]
[www.sasken.com/insights/buzz/sasken-files-patent-blockchain-based-authentication-and-security-solution-iot3d9f.html]
[track-na2.hubspot.com/__ptqdb97.gif]
[www.sasken.com/insights/buzz/reducing-product-development-cycle-time-asian-ce-conglomerate3d9f.html]
[track-na2.hubspot.com/__ptq5377.gif]
[www.sasken.com/insights/buzz/leading-way-automotive-electronics3d9f.html]
[track-na2.hubspot.com/__ptqd69c.gif]
[www.sasken.com/insights/buzz/sasken-rings-new-win-chip-cognition-space3d9f.html]
[track-na2.hubspot.com/__ptq4345.gif]
[www.sasken.com/insights/buzz/providing-smart-mobility-solutions-automotive-industry3d9f.html]
[track-na2.hubspot.com/__ptqecc5.gif]
[www.sasken.com/insights/buzz/enabling-superior-customer-experience-mobile-and-web-based-touch-points3d9f.html]
[track-na2.hubspot.com/__ptq9cb7.gif]
[www.sasken.com/insights/buzz/making-safe-driving-possible-machine-learning-and-computer-vision3d9f.html]
[track-na2.hubspot.com/__ptq31d4.gif]
[www.sasken.com/insights/buzz/saskens-expertise-imaging-powers-new-machine-vision-products-customer3d9f.html]
[track-na2.hubspot.com/__ptq18cd.gif]
[www.sasken.com/insights/buzz/first-voice-call-achieved-customers-ip-based-access-network3d9f.html]
[track-na2.hubspot.com/__ptq8752.gif]
[www.sasken.com/insights/buzz/driving-results-customers-digital-enablement3d9f.html]
[track-na2.hubspot.com/__ptq1443-2.gif]
[www.sasken.com/insights/buzz/sasken-powers-voice-recognition-capabilities-global-semiconductor-company3d9f.html]
[track-na2.hubspot.com/__ptqc218.gif]
[www.sasken.com/insights/buzz/sasken-build-end-end-device-industry-40-space3d9f.html]
[track-na2.hubspot.com/__ptqba4f.gif]
[www.sasken.com/insights/buzz/sasken-implemented-yle-areena-app-featured-apples-best-20173d9f.html]
[track-na2.hubspot.com/__ptqb1cd.gif]
[www.sasken.com/insights/buzz/sasken-scores-perfect-55-c-sat-fortune-500-company3d9f.html]
[track-na2.hubspot.com/__ptqa618.gif]
[www.sasken.com/insights/buzz/sasken-led-innovation-workshop-benefits-asian-ce-conglomerate3d9f.html]
[track-na2.hubspot.com/__ptq34eb.gif]
[www.sasken.com/insights/buzz/providing-engineering-services-customers-latest-iot-platform3d9f.html]
[track-na2.hubspot.com/__ptq4a48.gif]
[www.sasken.com/insights/buzz/visualizing-and-presenting-machine-data-hybrid-app3d9f.html]
[track-na2.hubspot.com/__ptq3d51.gif]
[www.sasken.com/insights/buzz/sasken-wins-prestigious-infhra-award-ecological-sustainable-initiatives3d9f.html]
[track-na2.hubspot.com/__ptqe903.gif]
[www.sasken.com/insights/buzz/artificial-intelligence-and-deep-learning-based-solutions-automotive3d9f.html]
[track-na2.hubspot.com/__ptq1eec.gif]
[www.sasken.com/insights/buzz/perfect-10-sasken-german-japanese-auto-oem3d9f.html]
[track-na2.hubspot.com/__ptqa920.gif]
[www.sasken.com/insights/buzz/sasken-achieves-iso-14001-certification3d9f.html]
[track-na2.hubspot.com/__ptqd35f.gif]
[www.sasken.com/insights/buzz/sasken-provide-item-level-intelligence-services-and-real-time-data-analytics-solutions3d9f.html]
[track-na2.hubspot.com/__ptq8c91.gif]
[www.sasken.com/insights/buzz/sasken-embarks-smart-speaker-project-worlds-largest-chip-manufacturer3d9f.html]
[track-na2.hubspot.com/__ptqebd4.gif]
[www.sasken.com/insights/buzz/best-prefer-sasken3d9f.html]
[track-na2.hubspot.com/__ptq6f10.gif]
[www.sasken.com/insights/buzz/leading-japanese-oem-ranks-sasken-553d9f.html]
[track-na2.hubspot.com/__ptqb16f.gif]
[www.sasken.com/insights/buzz/upping-ante-leading-na-oem-android-l-upgrade3d9f.html]
[track-na2.hubspot.com/__ptqddc7.gif]
[www.sasken.com/insights/buzz/tier-1-network-equipment-manufacturer-chose-sasken-network-automation-testing-project3d9f.html]
[track-na2.hubspot.com/__ptqca4f.gif]
[www.sasken.com/insights/buzz/bettering-vehicle-security-connected-cars3d9f.html]
[track-na2.hubspot.com/__ptqd843.gif]
[www.sasken.com/insights/buzz/japans-largest-smartphone-oem-has-chosen-sasken-help-deliver-their-newest-leading3d9f.html]
[track-na2.hubspot.com/__ptq5017.gif]
[www.sasken.com/insights/buzz/sasken-enables-leader-rfid-deliver-smart-logistics-solutions-retail-market3d9f.html]
[track-na2.hubspot.com/__ptqd0a5.gif]
[www.sasken.com/insights/buzz/sasken-delivers-nfc-solution-pioneer-industrial-mobility-solutions3d9f.html]
[track-na2.hubspot.com/__ptqe811.gif]
[www.sasken.com/insights/buzz/saskens-newest-patent-will-help-deliver-low-cost-and-efficient-business-solutions3d9f.html]
[track-na2.hubspot.com/__ptq8725.gif]
[www.sasken.com/insights/buzz/sasken-develops-mobile-application-indian-internet-portal-major-over-95-million3d9f.html]
[track-na2.hubspot.com/__ptqe9dc.gif]
[www.sasken.com/insights/buzz/sasken-delivers-isatphone-2-inmarsat-industry-leader-and-pioneer-mobile-satellite3d9f.html]
[track-na2.hubspot.com/__ptq6e45.gif]
[www.sasken.com/insights/buzz/saskens-makes-headway-medical-devices-field-leading-north-american-blood-glucose3d9f.html]
[track-na2.hubspot.com/__ptqca62.gif]
[www.sasken.com/insights/buzz/sasken-test-customers-os-based-handsets-using-its-proprietary-test-automation-tool3d9f.html]
[track-na2.hubspot.com/__ptq844f.gif]
[www.sasken.com/insights/buzz/sasken-receives-global-iso-90012008-certification3d9f.html]
[track-na2.hubspot.com/__ptq4621.gif]
[www.sasken.com/insights/buzz/sasken-bags-patent-automatic-gain-control-speech-signals3d9f.html]
[www.sasken.com/hubfs/Sasken_Slider_Files/ajax-loader.html]
[www.sasken.com/hubfs/Sasken_Slider_Files/fonts/slick.html]
[www.sasken.com/hubfs/Sasken_Slider_Files/fonts/slickd41d.html]
[www.sasken.com/hubfs/Sasken_Slider_Files/fonts/slick-2.html]
[www.sasken.com/hubfs/Sasken_Slider_Files/fonts/slick-3.html]
[www.sasken.com/hubfs/Sasken_Slider_Files/fonts/slick-4.html]
[www.sasken.com/hubfs/hub_generated/module_assets/1/70980246694/1743342457138/module_Sasken_Back_To_Page_Button.min.css]
[www.sasken.com/hubfs/hub_generated/module_assets/1/70981795181/1743342458208/module_Sasken_Directors_Accordion_Module.min.css]
[2401243.fs1.hubspotusercontent-na2.net/hubfs/2401243/Sasken Feb-2022/text-plain.png]
[www.sasken.com/hubfs/hub_generated/module_assets/1/71065852519/1743342460908/module_Sasken_File_Download_Advanced_Module_Module.min.css]
[www.sasken.com/hubfs/Sasken Feb-2022/pdf-files/Consol Key Metrics-1.pdf]
[www.sasken.com/hubfs/Sasken Feb-2022/pdf-files/Q4FY22 Board presentation 21 Apr 2022-1.pdf]
[www.sasken.com/hubfs/Sasken Feb-2022/pdf-files/consolidated Results-1.pdf]
[www.sasken.com/hubfs/Sasken Feb-2022/pdf-files/Standalone Results-1.pdf]
[www.sasken.com/hubfs/Sasken Feb-2022/pdf-files/Ltr_to_SE_on_outcome_of_BM_21Apr22-1.pdf]
[www.sasken.com/investors/chairmans-remarks-22-q4.html]
[www.sasken.com/hubfs/Sasken Feb-2022/pdf-files/Presentation_6-1.pdf]
[www.sasken.com/hubfs/Sasken Feb-2022/pdf-files/Media_Release-1.pdf]
[www.sasken.com/hubfs/Sasken Feb-2022/pdf-files/Consolidated_Financial_Results-1.pdf]
[www.sasken.com/hubfs/Sasken Feb-2022/pdf-files/Standalone_Financial_Results-1.pdf]
[www.sasken.com/hubfs/Sasken Feb-2022/pdf-files/Ltr_to_SE_Outcome_of_BM_Jan_20_2022-1.pdf]
[www.sasken.com/investors/chairmans-remarks-22.html]
[www.sasken.com/hubfs/Sasken Feb-2022/pdf-files/Key_Metrics_Q2_21_22-1.pdf]
[www.sasken.com/hubfs/Sasken Feb-2022/pdf-files/Q2FY22_Board_presentation_Web_upload-1.pdf]
[www.sasken.com/hubfs/Sasken Feb-2022/pdf-files/Press_release-1.pdf]
[www.sasken.com/hubfs/Sasken Feb-2022/pdf-files/Consol_Financials-1.pdf]
[www.sasken.com/hubfs/Sasken Feb-2022/pdf-files/Standalone_Financials-1.pdf]
[www.sasken.com/hubfs/Sasken Feb-2022/pdf-files/Ltr_sent_to_SE_Outcome_of_Board_Meeting_Oct_21_2021-1.pdf]
[www.sasken.com/investors/chairmans-remarks-21.html]
[www.sasken.com/hubfs/Sasken Feb-2022/pdf-files/Key_Metrics_Q1_FY22.pdf]
[www.sasken.com/hubfs/Sasken Feb-2022/pdf-files/Presentation_5.pdf]
[www.sasken.com/hubfs/Sasken Feb-2022/pdf-files/Q1_FY_22_Media_Release.pdf]
[www.sasken.com/hubfs/Sasken Feb-2022/pdf-files/Financial_Results_Consolidated.pdf]
[www.sasken.com/hubfs/Sasken Feb-2022/pdf-files/Financial_Results_Standalone.pdf]
[www.sasken.com/hubfs/Sasken Feb-2022/pdf-files/Outcome_of_Board_Meeting_21July2021.pdf]
[www.sasken.com/investors/chairmans-remarks-20.html]
[www.sasken.com/hubfs/Sasken Feb-2022/pdf-files/key_metrics_Q4_21-1.pdf]
[www.sasken.com/hubfs/Sasken Feb-2022/pdf-files/presentation_Q4_21-1.pdf]
[www.sasken.com/hubfs/Sasken Feb-2022/pdf-files/press_release_Q4_21-1.pdf]
[www.sasken.com/hubfs/Sasken Feb-2022/pdf-files/consolidated_Q4_21-1.pdf]
[www.sasken.com/hubfs/Sasken Feb-2022/pdf-files/standalone_Q4_21-2.pdf]
[www.sasken.com/hubfs/Sasken Feb-2022/pdf-files/Outcome_of_Board_Meeting_22Apr2021-1.pdf]
[www.sasken.com/investors/chairmans-remarks-19.html]
[www.sasken.com/hubfs/Sasken Feb-2022/pdf-files/Q3_FY21_Key_Metrics_0.pdf]
[www.sasken.com/hubfs/Sasken Feb-2022/pdf-files/Q3_FY21_presentation_0.pdf]
[www.sasken.com/hubfs/Sasken Feb-2022/pdf-files/Q3_FY21_Press_Release_0.pdf]
[www.sasken.com/hubfs/Sasken Feb-2022/pdf-files/Q3_FY21_Consolidated_0.pdf]
[www.sasken.com/hubfs/Sasken Feb-2022/pdf-files/Q3_FY21_Standalone_0.pdf]
[www.sasken.com/hubfs/Sasken Feb-2022/pdf-files/Ltr_SE_outcome_BM_20Jan2021_0.pdf]
[www.sasken.com/investors/chairmans-remarks-18.html]
[www.sasken.com/hubfs/Sasken Feb-2022/pdf-files/key_metrics_Q2_FY_21-1.pdf]
[www.sasken.com/hubfs/Sasken Feb-2022/pdf-files/presentation_Q2_FY_21-1.pdf]
[www.sasken.com/hubfs/Sasken Feb-2022/pdf-files/press_release_Q2_FY_21-1.pdf]
[www.sasken.com/hubfs/Sasken Feb-2022/pdf-files/Consolidated_financial_Q2_FY_21-1.pdf]
[www.sasken.com/hubfs/Sasken Feb-2022/pdf-files/standalone_financials_Q2_FY_21-1.pdf]
[www.sasken.com/hubfs/Sasken Feb-2022/pdf-files/Ltr_to_SE_outcome_of_Bd_Mtg_21Oct2020-1.pdf]
[www.sasken.com/investors/chairmans-remarks-17.html]
[www.sasken.com/hubfs/Sasken Feb-2022/pdf-files/key_metrics_Q1_FY_21_0-1.pdf]
[www.sasken.com/hubfs/Sasken Feb-2022/pdf-files/presentation_Q1_FY_21.pdf]
[www.sasken.com/hubfs/Sasken Feb-2022/pdf-files/press_release_Q1_FY_21_0-1.pdf]
[www.sasken.com/hubfs/Sasken Feb-2022/pdf-files/financial_results_consolidated_Q1_FY_21_0-1.pdf]
[www.sasken.com/hubfs/Sasken Feb-2022/pdf-files/financial_results_standalone_Q1_FY_21_0-1.pdf]
[www.sasken.com/hubfs/Sasken Feb-2022/pdf-files/Ltr_SE_outcome_Bd_Mtg_29July20-1.pdf]
[www.sasken.com/investors/chairmans-remarks-16.html]
[www.sasken.com/hubfs/Sasken Feb-2022/pdf-files/key_metrics_Q4_FY20-1.pdf]
[www.sasken.com/hubfs/Sasken Feb-2022/pdf-files/presentation_Q4_FY20-1.pdf]
[www.sasken.com/hubfs/Sasken Feb-2022/pdf-files/press_release_Q4_FY20-1.pdf]
[www.sasken.com/hubfs/Sasken Feb-2022/pdf-files/consolidated_financials_Q4_FY20-1.pdf]
[www.sasken.com/hubfs/Sasken Feb-2022/pdf-files/standalone_financials_Q4_FY20-1.pdf]
[www.sasken.com/hubfs/Sasken Feb-2022/pdf-files/audited_financial_results_Q4_FY20-1.pdf]
[www.sasken.com/investors/chairmans-remarks-15.html]
[www.sasken.com/hubfs/Sasken Feb-2022/pdf-files/Board_ppt_Q3_FY20 (1).pdf]
[www.sasken.com/hubfs/Sasken Feb-2022/pdf-files/Metrics_Q3_FY20-1.pdf]
[www.sasken.com/hubfs/Sasken Feb-2022/pdf-files/Board_ppt_Q3_FY20-1.pdf]
[www.sasken.com/hubfs/Sasken Feb-2022/pdf-files/Media_Release_Q3_FY20-1.pdf]
[www.sasken.com/hubfs/Sasken Feb-2022/pdf-files/Consolidated_Financials_Q3_FY20-1.pdf]
[www.sasken.com/hubfs/Sasken Feb-2022/pdf-files/Standalone_Financials_Q3_FY20-1.pdf]
[www.sasken.com/hubfs/Sasken Feb-2022/pdf-files/Ltr_SE_outcome_BM_21Jan2020-1.pdf]
[www.sasken.com/investors/chairmans-remarks-14.html]
[www.sasken.com/hubfs/Sasken Feb-2022/pdf-files/Presentation_4-1.pdf]
[www.sasken.com/hubfs/Sasken Feb-2022/pdf-files/Key Metrics_2-1.pdf]
[www.sasken.com/hubfs/Sasken Feb-2022/pdf-files/Presentation_4 (1).pdf]
[www.sasken.com/hubfs/Sasken Feb-2022/pdf-files/Media Release_0-1.pdf]
[www.sasken.com/hubfs/Sasken Feb-2022/pdf-files/Financial Results – Consolidated_0-1.pdf]
[www.sasken.com/hubfs/Sasken Feb-2022/pdf-files/Financial Results – Standalone_0-1.pdf]
[www.sasken.com/hubfs/Sasken Feb-2022/pdf-files/Ltr to SE on Q2 FY19 results-1.pdf]
[www.sasken.com/investors/chairmans-remarks-13.html]
[www.sasken.com/hubfs/Sasken Feb-2022/pdf-files/presentation_0 (1)-2.pdf]
[www.sasken.com/hubfs/Sasken Feb-2022/pdf-files/key_metrics-1.pdf]
[www.sasken.com/hubfs/Sasken Feb-2022/pdf-files/presentation_0-2.pdf]
[www.sasken.com/hubfs/Sasken Feb-2022/pdf-files/press_release_1-1.pdf]
[www.sasken.com/hubfs/Sasken Feb-2022/pdf-files/consolidated_financial-1.pdf]
[www.sasken.com/hubfs/Sasken Feb-2022/pdf-files/standalone_financial-1.pdf]
[www.sasken.com/hubfs/Sasken Feb-2022/pdf-files/Ltr_SE_outcome_BM_18July2019_0.pdf]
[www.sasken.com/investors/chairmans-remarks-12.html]
[www.sasken.com/hubfs/Sasken Feb-2022/pdf-files/Board ppt Q419V7.8 Final v1 (1).pdf]
[www.sasken.com/hubfs/Sasken Feb-2022/pdf-files/key metric-1.pdf]
[www.sasken.com/hubfs/Sasken Feb-2022/pdf-files/Board ppt Q419V7.8 Final v1-1.pdf]
[www.sasken.com/hubfs/Sasken Feb-2022/pdf-files/Media Release-1.pdf]
[www.sasken.com/hubfs/Sasken Feb-2022/pdf-files/Consolidated Financials-1.pdf]
[www.sasken.com/hubfs/Sasken Feb-2022/pdf-files/Standalone Financials-1.pdf]
[www.sasken.com/hubfs/Sasken Feb-2022/pdf-files/Ltr_SE_outcome_Board_Meeting_Apr2019-1.pdf]
[www.sasken.com/investors/chairmans-remarks-11.html]
[www.sasken.com/hubfs/Sasken Feb-2022/pdf-files/Board ppt Q319 Final (1).pdf]
[www.sasken.com/hubfs/Sasken Feb-2022/pdf-files/Metrics_master Q3 FY19-1.pdf]
[www.sasken.com/hubfs/Sasken Feb-2022/pdf-files/Board ppt Q319 Final-1.pdf]
[www.sasken.com/hubfs/Sasken Feb-2022/pdf-files/Press Release_1.pdf]
[www.sasken.com/hubfs/Sasken Feb-2022/pdf-files/Press Release_0-1.pdf]
[www.sasken.com/hubfs/Sasken Feb-2022/pdf-files/Standalone_0-1.pdf]
[www.sasken.com/hubfs/Sasken Feb-2022/pdf-files/Ltr to SE on outcome of BM 21 Jan 2019-1.pdf]
[www.sasken.com/investors/chairmans-remarks-10.html]
[www.sasken.com/hubfs/Sasken Feb-2022/pdf-files/Presentation Q2 FY19 (1).pdf]
[www.sasken.com/hubfs/Sasken Feb-2022/pdf-files/Key Metrics Q2 FY19-1.pdf]
[www.sasken.com/hubfs/Sasken Feb-2022/pdf-files/Presentation Q2 FY19-1.pdf]
[www.sasken.com/hubfs/Sasken Feb-2022/pdf-files/Press Release Q2 FY19-1.pdf]
[www.sasken.com/hubfs/Sasken Feb-2022/pdf-files/Consol Financials Q2 FY19-1.pdf]
[www.sasken.com/hubfs/Sasken Feb-2022/pdf-files/Standalone Financials Q2 FY19-1.pdf]
[www.sasken.com/hubfs/Sasken Feb-2022/pdf-files/Ltr to SE on outcome of BM 23 Oct 18-signed-1.pdf]
[www.sasken.com/investors/chairmans-remarks-9.html]
[www.sasken.com/hubfs/Sasken Feb-2022/pdf-files/Presentation_2 (1).pdf]
[www.sasken.com/hubfs/Sasken Feb-2022/pdf-files/Key Metrics_0-1.pdf]
[www.sasken.com/hubfs/Sasken Feb-2022/pdf-files/Presentation_2-1.pdf]
[www.sasken.com/hubfs/Sasken Feb-2022/pdf-files/Press Release-1.pdf]
[www.sasken.com/hubfs/Sasken Feb-2022/pdf-files/Financial Results – Consolidated-1.pdf]
[www.sasken.com/hubfs/Sasken Feb-2022/pdf-files/Financial Results – Standalone-1.pdf]
[www.sasken.com/hubfs/Sasken Feb-2022/pdf-files/Audited Financial Results for the quarter ended 30th June 2018 sent to stock exchanges-1.pdf]
[www.sasken.com/investors/chairmans-remarks-8.html]
[www.sasken.com/hubfs/Sasken Feb-2022/pdf-files/Presentation_1 (1).pdf]
[www.sasken.com/hubfs/Sasken Feb-2022/pdf-files/key-metrics-2.pdf]
[www.sasken.com/hubfs/Sasken Feb-2022/pdf-files/Presentation_1-1.pdf]
[www.sasken.com/hubfs/Sasken Feb-2022/pdf-files/press_release_Q2_FY_21 (1).pdf]
[www.sasken.com/hubfs/Sasken Feb-2022/pdf-files/consolidated-2.pdf]
[www.sasken.com/investors/chairmans-remarks-7.html]
[www.sasken.com/hubfs/Sasken Feb-2022/pdf-files/Q3 FY18_presentation (1).pdf]
[www.sasken.com/hubfs/Sasken Feb-2022/pdf-files/Metrics_master Q3 FY18-1.pdf]
[www.sasken.com/hubfs/Sasken Feb-2022/pdf-files/Q3 FY18_presentation-1.pdf]
[www.sasken.com/hubfs/Sasken Feb-2022/pdf-files/Media Release_Q3 FY 18-1.pdf]
[www.sasken.com/hubfs/Sasken Feb-2022/pdf-files/Consol Financials 31 Dec 17-1.pdf]
[www.sasken.com/hubfs/Sasken Feb-2022/pdf-files/Standalone Financials 31 Dec 17-1.pdf]
[www.sasken.com/hubfs/Sasken Feb-2022/pdf-files/Audited Financial Results sent to SE-1.pdf]
[www.sasken.com/investors/chairmans-remarks-6.html]
[www.sasken.com/hubfs/Sasken Feb-2022/pdf-files/Presentation_Q2_FY_18 (1).pdf]
[www.sasken.com/hubfs/Sasken Feb-2022/pdf-files/Key_Metrics_ Q2_FY_18-1.pdf]
[www.sasken.com/hubfs/Sasken Feb-2022/pdf-files/Presentation_Q2_FY_18-1.pdf]
[www.sasken.com/hubfs/Sasken Feb-2022/pdf-files/Press_Release_Q2_FY_18-1.pdf]
[www.sasken.com/hubfs/Sasken Feb-2022/pdf-files/Consolidated_Financials_Q2_FY_18-1.pdf]
[www.sasken.com/hubfs/Sasken Feb-2022/pdf-files/Standalone_Financials_Q2_FY_18-1.pdf]
[www.sasken.com/hubfs/Sasken Feb-2022/pdf-files/Audited_FR_sent_to_SE_Q2_FY18-1.pdf]
[www.sasken.com/investors/chairmans-remarks-5.html]
[www.sasken.com/hubfs/Sasken Feb-2022/pdf-files/Presentation_0 (3)-1.pdf]
[www.sasken.com/hubfs/Sasken Feb-2022/pdf-files/Key-Metrics (1)-2.pdf]
[www.sasken.com/hubfs/Sasken Feb-2022/pdf-files/Presentation_0 (2).pdf]
[www.sasken.com/hubfs/Sasken Feb-2022/pdf-files/press_release_0-1.pdf]
[www.sasken.com/hubfs/Sasken Feb-2022/pdf-files/Consolidated-Financial-Result-1.pdf]
[www.sasken.com/hubfs/Sasken Feb-2022/pdf-files/Consolidated-Financial-Result-2.pdf]
[www.sasken.com/hubfs/Sasken Feb-2022/pdf-files/Audited-Financial-Results-sent-to-SE-1.pdf]
[www.sasken.com/investors/chairmans-remarks-4.html]
[www.sasken.com/hubfs/Sasken Feb-2022/pdf-files/Presentation (1)-2.pdf]
[www.sasken.com/hubfs/Sasken Feb-2022/pdf-files/Key Metrics-2.pdf]
[www.sasken.com/hubfs/Sasken Feb-2022/pdf-files/Presentation-1.pdf]
[www.sasken.com/hubfs/Sasken Feb-2022/pdf-files/Press-Release-2.pdf]
[www.sasken.com/hubfs/Sasken Feb-2022/pdf-files/Consolidated (1)-2.pdf]
[www.sasken.com/hubfs/Sasken Feb-2022/pdf-files/Standalone-1.pdf]
[www.sasken.com/hubfs/Sasken Feb-2022/pdf-files/audited-result_0-1.pdf]
[www.sasken.com/investors/chairmans-remarks-3.html]
[www.sasken.com/hubfs/Sasken Feb-2022/pdf-files/presentation (4).pdf]
[www.sasken.com/hubfs/Sasken Feb-2022/pdf-files/key-metrics (3).pdf]
[www.sasken.com/hubfs/Sasken Feb-2022/pdf-files/presentation (3).pdf]
[www.sasken.com/hubfs/Sasken Feb-2022/pdf-files/press-release (1).pdf]
[www.sasken.com/hubfs/Sasken Feb-2022/pdf-files/consolidated (2).pdf]
[www.sasken.com/hubfs/Sasken Feb-2022/pdf-files/standalone (2).pdf]
[www.sasken.com/hubfs/Sasken Feb-2022/pdf-files/audited-result-1.pdf]
[www.sasken.com/investors/chairmans-remarks-1.html]
[www.sasken.com/hubfs/Sasken Feb-2022/pdf-files/Sasken_Q1FY16_results_0-2.pdf]
[www.sasken.com/hubfs/Sasken Feb-2022/pdf-files/Sasken_Q2FY17_Key Metrics_0 (1).pdf]
[www.sasken.com/hubfs/Sasken Feb-2022/pdf-files/Sasken_Q2FY17_Presentation.pdf]
[www.sasken.com/hubfs/Sasken Feb-2022/pdf-files/Sasken_Q2FY17_Press Release.pdf]
[www.sasken.com/hubfs/Sasken Feb-2022/pdf-files/Sasken_Q2FY17_Consolidated.pdf]
[www.sasken.com/hubfs/Sasken Feb-2022/pdf-files/Sasken_Q2FY17_Standalone.pdf]
[www.sasken.com/hubfs/Sasken Feb-2022/pdf-files/Sasken_Q1FY17_Audited-Result_0 (1).pdf]
[www.sasken.com/investors/chairman-remarks-q217.html]
[www.sasken.com/hubfs/Sasken Feb-2022/pdf-files/Sasken_Q1FY17_Presentation (1) (1).pdf]
[www.sasken.com/hubfs/Sasken Feb-2022/pdf-files/Sasken_Q1FY17_Presentation (1).pdf]
[www.sasken.com/hubfs/Sasken Feb-2022/pdf-files/Sasken_Q1FY17_Key-Metrics (1).pdf]
[www.sasken.com/hubfs/Sasken Feb-2022/pdf-files/Sasken_Q1FY17_Standalone (1).pdf]
[www.sasken.com/hubfs/Sasken Feb-2022/pdf-files/Sasken_Q1FY17_Press-Release (1).pdf]
[www.sasken.com/hubfs/Sasken Feb-2022/pdf-files/Sasken_Q1FY17_Consolidated (1).pdf]
[www.sasken.com/hubfs/Sasken Feb-2022/pdf-files/Sasken_Q1FY17_Audited-Result (1).pdf]
[www.sasken.com/investors/chairman-remarks-q117.html]
[www.sasken.com/hubfs/Sasken Feb-2022/pdf-files/Sasken_Q4FY16_results.pdf]
[www.sasken.com/hubfs/Sasken Feb-2022/pdf-files/Sasken_Q4FY16_Metrics_0.pdf]
[www.sasken.com/hubfs/Sasken Feb-2022/pdf-files/Sasken_Q4FY16_results_0.pdf]
[www.sasken.com/hubfs/Sasken Feb-2022/pdf-files/Sasken_Q4FY16_Media-Release_0.pdf]
[www.sasken.com/hubfs/Sasken Feb-2022/pdf-files/Sasken_Q4FY16_Consolidated_0.pdf]
[www.sasken.com/hubfs/Sasken Feb-2022/pdf-files/Sasken_Q4FY16_Standalone_0.pdf]
[www.sasken.com/investors/chairman-remarks-q416.html]
[www.sasken.com/hubfs/Sasken Feb-2022/pdf-files/Sasken_Q3FY16_results.pdf]
[www.sasken.com/hubfs/Sasken Feb-2022/pdf-files/Sasken_Q3FY16_Metrics_0.pdf]
[www.sasken.com/hubfs/Sasken Feb-2022/pdf-files/Sasken_Q3FY16_results (1).pdf]
[www.sasken.com/hubfs/Sasken Feb-2022/pdf-files/Sasken_Q3FY16_Media-Release_0.pdf]
[www.sasken.com/hubfs/Sasken Feb-2022/pdf-files/Sasken_Q3FY16_Consolidated_0.pdf]
[www.sasken.com/hubfs/Sasken Feb-2022/pdf-files/Sasken_Q3FY16_Standalone_0.pdf]
[www.sasken.com/hubfs/Sasken Feb-2022/pdf-files/Sasken_Q3FY16_complete_set_0.pdf]
[www.sasken.com/investors/chairman-remarks-q316.html]
[www.sasken.com/hubfs/Sasken Feb-2022/pdf-files/Sasken_Q1FY16_results (2) (1).pdf]
[www.sasken.com/hubfs/Sasken Feb-2022/pdf-files/Sasken_Q2FY16_Metrics_0.pdf]
[www.sasken.com/hubfs/Sasken Feb-2022/pdf-files/Sasken_Q2FY16_results_0.pdf]
[www.sasken.com/hubfs/Sasken Feb-2022/pdf-files/Sasken_Q2FY16_Media-Release_0.pdf]
[www.sasken.com/hubfs/Sasken Feb-2022/pdf-files/Sasken_Q2FY16_Consolidated_0.pdf]
[www.sasken.com/hubfs/Sasken Feb-2022/pdf-files/Sasken_Q2FY16_Standalone_0.pdf]
[www.sasken.com/investors/chairmans-remarks-2.html]
[www.sasken.com/hubfs/Sasken Feb-2022/pdf-files/Sasken_Q1FY16_results.pdf]
[www.sasken.com/hubfs/Sasken Feb-2022/pdf-files/Sasken_Q1FY16_Metrics.pdf]
[www.sasken.com/hubfs/Sasken Feb-2022/pdf-files/Sasken_Q1FY16_results (1).pdf]
[www.sasken.com/hubfs/Sasken Feb-2022/pdf-files/Sasken_Q1FY16_Media-Release.pdf]
[www.sasken.com/hubfs/Sasken Feb-2022/pdf-files/Sasken_Q1FY16_Consolidated_0.pdf]
[www.sasken.com/hubfs/Sasken Feb-2022/pdf-files/Sasken_Q1FY16_Standalone_0.pdf]
[www.sasken.com/investors/chairmans-remarks.html]
[www.sasken.com/hubfs/hub_generated/module_assets/1/71149103175/1743342461963/module_Annual_Report_Year_Module.min.css]
[www.sasken.com/hubfs/hub_generated/module_assets/1/70998461290/1743342459798/module_Sasken_Committees_of_the_Board.min.css]
[www.sasken.com/suppliers-code-of-conduct.html]
[www.sasken.com/ehs-policy.html]
[www.sasken.com/corporate/governance-report.html]
[www.sasken.com/investors/shareholding-pattern6256.html]
[www.sasken.com/hubfs/hub_generated/module_assets/1/99513895576/1743342487490/module_SG-Listing_Regulations_Table_Module.min.css]
[www.sasken.com/hubfs/hub_generated/module_assets/1/72819517784/1743342473923/module_Leader_Detail_Filter.min.css]
[www.sasken.com/hubfs/hub_generated/module_assets/1/70273156227/1743342439346/module_Leaders_Details.min.css]
[www.sasken.com/hubfs/hub_generated/module_assets/1/72819450232/1743342472319/module_Relevent_Leaders.min.css]
[www.sasken.com/hubfs/hub_generated/module_assets/1/70275277705/1743342441005/module_Sasken_Success_Stories_Year_Filter_Module.min.css]
[www.sasken.com/news/press-releases/lte-based-mobile-satellite-equipment3d9f.html]
[www.sasken.com/hubfs/Mr.Rajiv C Mody - Sasken Technologies Limiteds launch of the worlds first LTE-based Mobile Satellite Equipment.png]
[www.sasken.com/news/press-releases/lte-based-mobile-satellite-equipment.html]
[www.sasken.com/news/press-releases/sasken-joins-the-soafee-sig-as-a-voting-member.html]
[www.sasken.com/news/press-releases/sasken-joins-the-soafee-sig-as-a-voting-member3d9f.html]
[www.sasken.com/news/press-releases/sasken-q2-fy21-22-result-announced.html]
[www.sasken.com/news/press-releases/sasken-q2-fy21-22-result-announced3d9f.html]
[www.sasken.com/news/press-releases/sasken-q1-fy21-22-result-announced.html]
[www.sasken.com/news/press-releases/sasken-q1-fy21-22-result-announced3d9f.html]
[www.sasken.com/news/press-releases/sasken-q4-fy20-21-result-announced.html]
[www.sasken.com/news/press-releases/sasken-q4-fy20-21-result-announced3d9f.html]
[www.sasken.com/news/press-releases/sasken-and-primatec-partner-enable-end-end-product-engineering-services.html]
[www.sasken.com/news/press-releases/sasken-and-primatec-partner-enable-end-end-product-engineering-services3d9f.html]
[www.sasken.com/news/press-releases/sasken-q2-fy20-21-result-announced.html]
[www.sasken.com/news/press-releases/sasken-q2-fy20-21-result-announced3d9f.html]
[www.sasken.com/news/press-releases/sasken-appoints-edwin-moses-president-and-coo.html]
[www.sasken.com/news/press-releases/sasken-appoints-edwin-moses-president-and-coo3d9f.html]
[www.sasken.com/news/press-releases/sasken-q1-fy20-21-result-announced.html]
[www.sasken.com/news/press-releases/sasken-q1-fy20-21-result-announced3d9f.html]
[www.sasken.com/news/press-releases/sasken-q4-fy19-20-result-announced.html]
[www.sasken.com/news/press-releases/sasken-q4-fy19-20-result-announced3d9f.html]
[www.sasken.com/news/press-releases/sasken-q3-fy19-20-result-announced.html]
[www.sasken.com/news/press-releases/sasken-q3-fy19-20-result-announced3d9f.html]
[www.sasken.com/news/press-releases/sasken-technologies-and-qualcomm-join-forces-extend-engineering.html]
[www.sasken.com/news/press-releases/sasken-technologies-and-qualcomm-join-forces-extend-engineering3d9f.html]
[www.sasken.com/news/press-releases/sasken-joins-mediatek-rich-iot-program-drive-innovation-across-intelligent.html]
[www.sasken.com/news/press-releases/sasken-joins-mediatek-rich-iot-program-drive-innovation-across-intelligent3d9f.html]
[www.sasken.com/news/press-releases/sasken-q2-fy19-20-result-announced.html]
[www.sasken.com/news/press-releases/sasken-q2-fy19-20-result-announced3d9f.html]
[www.sasken.com/news/press-releases/sasken-joins-siemens-mindsphere-partner-program-accelerate-adoption-digital.html]
[www.sasken.com/news/press-releases/sasken-joins-siemens-mindsphere-partner-program-accelerate-adoption-digital3d9f.html]
[www.sasken.com/news/press-releases/sasken-showcase-autonomous-driving-solutions-ceatec-2019.html]
[www.sasken.com/news/press-releases/sasken-showcase-autonomous-driving-solutions-ceatec-20193d9f.html]
[www.sasken.com/news/press-releases/sasken-strengthens-its-focus-growth-appointment-gajendra-singh-chowhan-svp-and.html]
[www.sasken.com/news/press-releases/sasken-strengthens-its-focus-growth-appointment-gajendra-singh-chowhan-svp-and3d9f.html]
[www.sasken.com/news/press-releases/sasken-q1-fy19-20-result-announced.html]
[www.sasken.com/news/press-releases/sasken-q1-fy19-20-result-announced3d9f.html]
[www.sasken.com/news/press-releases/cohda-wireless-and-sasken-partner-accelerate-adoption-v2x-connected-vehicles.html]
[www.sasken.com/news/press-releases/cohda-wireless-and-sasken-partner-accelerate-adoption-v2x-connected-vehicles3d9f.html]
[www.sasken.com/news/press-releases/sasken-q4-fy18-19-result-announced.html]
[www.sasken.com/news/press-releases/sasken-q4-fy18-19-result-announced3d9f.html]
[www.sasken.com/news/press-releases/sasken-becomes-member-ethercat-technology-group.html]
[www.sasken.com/news/press-releases/sasken-becomes-member-ethercat-technology-group3d9f.html]
[www.sasken.com/news/press-releases/smartrac-and-sasken-announce-iot-solutions-alliance.html]
[www.sasken.com/news/press-releases/smartrac-and-sasken-announce-iot-solutions-alliance3d9f.html]
[www.sasken.com/news/press-releases/sasken-positioned-leadership-zone-automotive-category-zinnov-zones-erd-services3d9f.html]
[www.sasken.com/hubfs/Imported_Blog_Media/zinnov_1.jpg]
[www.sasken.com/hubfs/Imported_Blog_Media/zinnov_2.jpg]
[www.sasken.com/news/press-releases/sasken-positioned-leadership-zone-automotive-category-zinnov-zones-erd-services.html]
[www.sasken.com/news/press-releases/sasken-q3-fy18-19-result-announced.html]
[www.sasken.com/news/press-releases/sasken-q3-fy18-19-result-announced3d9f.html]
[www.sasken.com/news/press-releases/sasken-launches-automotive-center-excellence-detroit-usa3d9f.html]
[www.sasken.com/hubfs/Imported_Blog_Media/launch.jpg]
[www.sasken.com/news/press-releases/sasken-launches-automotive-center-excellence-detroit-usa.html]
[www.sasken.com/news/press-releases/sasken-unveils-new-logo-reflect-its-30-year-old-heritage.html]
[www.sasken.com/news/press-releases/sasken-unveils-new-logo-reflect-its-30-year-old-heritage3d9f.html]
[www.sasken.com/news/press-releases/sasken-showcase-its-chip-cognition-solutions-ces-2019.html]
[www.sasken.com/news/press-releases/sasken-showcase-its-chip-cognition-solutions-ces-20193d9f.html]
[www.sasken.com/news/press-releases/everest-group-peak-matrix-recognizes-sasken-aspirant-digital-services3d9f.html]
[www.sasken.com/hubfs/Imported_Blog_Media/peak_matrix.jpg]
[www.sasken.com/news/press-releases/everest-group-peak-matrix-recognizes-sasken-aspirant-digital-services.html]
[www.sasken.com/news/press-releases/sasken-q3-fy17-18-result-announced.html]
[www.sasken.com/news/press-releases/sasken-q3-fy17-18-result-announced3d9f.html]
[www.sasken.com/news/press-releases/sasken-and-iarcs-proudly-present-indian-finalists-international-olympiad.html]
[www.sasken.com/news/press-releases/sasken-and-iarcs-proudly-present-indian-finalists-international-olympiad3d9f.html]
[www.sasken.com/news/press-releases/sequans-and-sasken-team-bring-new-lte-devices-vertical-markets.html]
[www.sasken.com/news/press-releases/sequans-and-sasken-team-bring-new-lte-devices-vertical-markets3d9f.html]
[www.sasken.com/news/press-releases/sasken-strengthens-its-automotive-business-appointment-calvin-nichols-vp-and.html]
[www.sasken.com/news/press-releases/sasken-strengthens-its-automotive-business-appointment-calvin-nichols-vp-and3d9f.html]
[www.sasken.com/news/press-releases/sasken-appoints-vinita-shrivastava-chief-people-officer.html]
[www.sasken.com/news/press-releases/sasken-appoints-vinita-shrivastava-chief-people-officer3d9f.html]
[www.sasken.com/news/press-releases/sasken-showcases-digital-expertise-and-solutions-industrial-iot-liveworx-2018.html]
[www.sasken.com/news/press-releases/sasken-showcases-digital-expertise-and-solutions-industrial-iot-liveworx-20183d9f.html]
[www.sasken.com/news/press-releases/sasken-showcased-5g-cellular-v2x-and-computer-vision-machine-learning-based.html]
[www.sasken.com/news/press-releases/sasken-showcased-5g-cellular-v2x-and-computer-vision-machine-learning-based3d9f.html]
[www.sasken.com/news/press-releases/zinnov-ranks-sasken-leadership-zone-semiconductor-and-telecommunications.html]
[www.sasken.com/news/press-releases/zinnov-ranks-sasken-leadership-zone-semiconductor-and-telecommunications3d9f.html]
[www.sasken.com/news/press-releases/sasken-q4-fy17-18-result-announced.html]
[www.sasken.com/news/press-releases/sasken-q4-fy17-18-result-announced3d9f.html]
[www.sasken.com/news/press-releases/sasken-strengthens-its-industrials-business-appointment-mihir-kumar-svp-and-head.html]
[www.sasken.com/news/press-releases/sasken-strengthens-its-industrials-business-appointment-mihir-kumar-svp-and-head3d9f.html]
[www.sasken.com/news/press-releases/sasken-showcases-expertise-developing-lte-based-devices-satellite-2018.html]
[www.sasken.com/news/press-releases/sasken-showcases-expertise-developing-lte-based-devices-satellite-20183d9f.html]
[www.sasken.com/news/press-releases/sasken-becomes-member-american-public-transportation-association.html]
[www.sasken.com/news/press-releases/sasken-becomes-member-american-public-transportation-association3d9f.html]
[www.sasken.com/news/press-releases/sasken-q2-fy18-19-result-announced.html]
[www.sasken.com/news/press-releases/sasken-q2-fy18-19-result-announced3d9f.html]
[www.sasken.com/news/press-releases/sasken-q1-fy18-19-result-announced.html]
[www.sasken.com/news/press-releases/sasken-q1-fy18-19-result-announced3d9f.html]
[www.sasken.com/news/press-releases/bengaluru-january-24-2018.html]
[www.sasken.com/hubfs/hub_generated/module_assets/1/70405534067/1743342445480/module_Sasken_Related_Media_Blog_Post_Module.min.css]
[www.sasken.com/news/press-releases/bengaluru-january-24-20183d9f.html]
[www.sasken.com/news/press-releases/author/admin.html]
[track-na2.hubspot.com/__ptqbf28.gif]
[www.sasken.com/news/press-releases/sasken-confirms-no-business-impact-from-recent-u.s3d9f.html]
[track-na2.hubspot.com/__ptqcd32.gif]
[www.sasken.com/news/press-releases/sasken-technologies-completes-acquisition-of-borqs-technologies-to-strengthen-iot-and-5g-product-engineering-capabilities3d9f.html]
[track-na2.hubspot.com/__ptq2a32.gif]
[www.sasken.com/news/press-releases/sasken-technologies-to-acquire-borqs-technologies-incs-business-to-expand-capabilities-and-market-reach3d9f.html]
[track-na2.hubspot.com/__ptq5d13.gif]
[www.sasken.com/news/press-releases/sasken-partners-with-trustonic-to-bring-advanced-security-options-to-automotive-oems3d9f.html]
[www.sasken.com/hubfs/hub_generated/module_assets/1/73874661721/1743342479254/module_Sasken-Finland_Country_Details_Module.min.css]
[www.sasken.com/hubfs/Sasken Feb-2022/Slider Files/ajax-loader.html]
[www.sasken.com/hubfs/Sasken Feb-2022/Slider Files/fonts/slick.html]
[www.sasken.com/hubfs/Sasken Feb-2022/Slider Files/fonts/slickd41d.html]
[www.sasken.com/hubfs/Sasken Feb-2022/Slider Files/fonts/slick-2.html]
[www.sasken.com/hubfs/Sasken Feb-2022/Slider Files/fonts/slick-3.html]
[www.sasken.com/hubfs/Sasken Feb-2022/Slider Files/fonts/slick-4.html]
[www.sasken.com/insights/success-stories/author/admin.html]
[www.sasken.com/hubfs/hub_generated/module_assets/1/73874558901/1743342477623/module_Sasken-Finland_Header_2022.min.css]
[www.sasken.com/hubfs/hub_generated/module_assets/1/71488599352/1743342466393/module_Sasken-Finland_Footer.min.css]
[www.sasken.com/fi/contact-us.html]
[www.sasken.com/hubfs/hub_generated/module_assets/1/74067829167/1743342482380/module_pop-up_form_on_fixed_icon.min.css]
[www.sasken.com/hubfs/Sasken_Finland/Sasken-Finland_Industry_Offerings/Industries_Telecom_0.jpg]
[www.sasken.com/hubfs/Sasken_Finland/Sasken Finland Competencies Images/rf_design_0.png]
[www.sasken.com/hubfs/Sasken_Finland/Sasken-Finland_Industry_Offerings/telecom.png]
[cdn.jsdelivr.net/npm/bootstrap@4.6.1/dist/css/bootstrap.min.css]
[cdn.jsdelivr.net/npm/jquery@3.6.0/dist/jquery.slim.min.js]
[cdn.jsdelivr.net/npm/popper.js@1.16.1/dist/umd/popper.min.js]
[cdn.jsdelivr.net/npm/bootstrap@4.6.1/dist/js/bootstrap.bundle.min.js]
[www.sasken.com/hs-fs/hubfs/Sasken_Finland/Global Images/Contact_Us_Icon_011de.png]
[www.sasken.com/fi/industries/telecom.html]
[www.sasken.com/hubfs/hub_generated/module_assets/1/74585768522/1743342483502/module_Sasken-Finland_Tab_With_Content_Module.min.js]
[www.sasken.com/hubfs/Sasken_Finland/Sasken-Finland_Industry_Offerings/satcom_new1.jpg]
[www.sasken.com/hubfs/Sasken_Finland/Home_Page/ind-img8.png]
[www.sasken.com/hubfs/Sasken_Finland/Sasken-Finland_Industry_Offerings/satcom_illustration.png]
[www.sasken.com/fi/industries/satcom.html]
[www.sasken.com/hubfs/Sasken_Finland/Sasken-Finland_Industry_Offerings/medical.jpg]
[www.sasken.com/hubfs/Sasken_Finland/Sasken-Finland_Industry_Offerings/Sasken_Icons-06.png]
[www.sasken.com/fi/industries/medical-devices.html]
[www.sasken.com/hubfs/Sasken_Finland/Sasken-Finland_Industry_Offerings/industrials.jpg]
[www.sasken.com/hubfs/Sasken_Finland/Sasken-Finland_Industry_Offerings/ind-img4-01_0.png]
[www.sasken.com/hubfs/Sasken_Finland/Sasken-Finland_Industry_Offerings/industrial_illustration_0.png]
[www.sasken.com/fi/industries/industrial-defense.html]
[www.sasken.com/hubfs/Sasken_Finland/Sasken Finland Images/mediacl_fi.jpg]
[www.sasken.com/hubfs/Sasken_Finland/Sasken Finland Images/Sasken_Icons-01.png]
[www.sasken.com/fi/competencies/antenna-design.html]
[www.sasken.com/hubfs/Sasken_Finland/Sasken Finland Images/audio_0_0.jpg]
[www.sasken.com/hubfs/Sasken_Finland/Sasken Finland Images/audio_0.png]
[www.sasken.com/fi/competencies/audio-and-acoustics-0.html]
[www.sasken.com/hubfs/Sasken_Finland/Sasken Finland Images/Competencies_Connectivity_0.jpg]
[www.sasken.com/hubfs/Sasken_Finland/Sasken Finland Images/competency3-01.png]
[www.sasken.com/fi/competencies/connectivity.html]
[www.sasken.com/hubfs/Sasken_Finland/Sasken Finland Images/cross_0.jpg]
[www.sasken.com/hubfs/Sasken_Finland/Sasken Finland Images/cpt_0.png]
[www.sasken.com/fi/competencies/cross-platform-technologies.html]
[www.sasken.com/hubfs/Sasken_Finland/Sasken Finland Images/Electronics-Design.jpg]
[www.sasken.com/hubfs/Sasken_Finland/Sasken Finland Images/Sasken_Icons-02.png]
[www.sasken.com/fi/competencies/electronics-design.html]
[www.sasken.com/hubfs/Sasken_Finland/Sasken Finland Images/Competencies_Analytics_1_0_0.jpg]
[www.sasken.com/hubfs/Sasken_Finland/Sasken Finland Images/fsd_0.png]
[www.sasken.com/fi/competencies/full-stack-development.html]
[www.sasken.com/hubfs/Sasken_Finland/Sasken Finland Competencies Images/Mechanics_2_0.jpg]
[www.sasken.com/hubfs/Sasken_Finland/Sasken Finland Competencies Images/Sasken_Icons-03.png]
[www.sasken.com/fi/competencies/mechanics-design.html]
[www.sasken.com/hubfs/Sasken_Finland/Sasken Finland Competencies Images/Competencies_Multimedia_0.jpg]
[www.sasken.com/hubfs/Sasken_Finland/Sasken Finland Competencies Images/competency4-01.png]
[www.sasken.com/fi/competencies/multimedia.html]
[www.sasken.com/hubfs/Sasken_Finland/Sasken Finland Competencies Images/pcb-layout.jpg]
[www.sasken.com/hubfs/Sasken_Finland/Sasken Finland Competencies Images/Sasken_Icons-04.png]
[www.sasken.com/fi/competencies/pcb-layout-and-board-design.html]
[www.sasken.com/hubfs/Sasken_Finland/Sasken Finland Competencies Images/production-testing.jpg]
[www.sasken.com/hubfs/Sasken_Finland/Sasken Finland Competencies Images/testing_0_0.png]
[www.sasken.com/fi/competencies/production-testing.html]
[www.sasken.com/hubfs/Sasken_Finland/Sasken Finland Competencies Images/rf-design_0.jpg]
[www.sasken.com/fi/competencies/rf-design.html]
[www.sasken.com/hubfs/Sasken_Finland/Sasken Finland Services Image Folder/product-development_0.jpg]
[www.sasken.com/hubfs/Sasken_Finland/Sasken Finland Services Image Folder/Product Development_0.png]
[www.sasken.com/fi/services/product-development.html]
[www.sasken.com/hubfs/Sasken_Finland/Sasken Finland Competencies Images/Competencies_Analytics_1_0_0.jpg]
[www.sasken.com/hubfs/Sasken_Finland/Sasken Finland Services Image Folder/software_develop_0.png]
[www.sasken.com/fi/services/software-development.html]
[www.sasken.com/hubfs/Sasken_Finland/Sasken Finland Services Image Folder/uxdesign_banner.jpg]
[www.sasken.com/hubfs/Sasken_Finland/Sasken Finland Services Image Folder/ux_design.png]
[www.sasken.com/fi/services/conceptualization-and-ux-design.html]
[www.sasken.com/hubfs/Sasken_Finland/Sasken Finland Services Image Folder/testing_banner_0.jpg]
[www.sasken.com/hubfs/Sasken_Finland/Sasken Finland Services Image Folder/testing_0.png]
[www.sasken.com/fi/services/testing.html]
[www.sasken.com/hubfs/Sasken_Finland/Sasken Finland Services Image Folder/Consulting_Blue_0.png]
[www.sasken.com/fi/services/consulting.html]
[www.sasken.com/hubfs/Sasken_Finland/Sasken Finland About Us Images/About_Us_Corporate_Profile.jpg]
[www.sasken.com/hubfs/Sasken_Q-S-E_Policy_2025.pdf]
[www.sasken.com/fi/about-us/corporate-profile.html]
[www.sasken.com/hubfs/Sasken_Finland/Sasken Finland About Us Images/About_Us_Leadership_Team.jpg]
[www.sasken.com/fi/about-us/leadership-team/jani-turpeinen.html]
[www.sasken.com/hubfs/Sasken_Finland/Sasken Finland Key Contacts Images/Jani_Turpeinen_web.jpg]
[www.sasken.com/fi/about-us/leadership-team/mikko-keskilammi.html]
[www.sasken.com/hubfs/Sasken_Finland/Sasken Finland Key Contacts Images/Mikko_Keskilammi_web.jpg]
[www.sasken.com/fi/about-us/leadership-team/tero-pernu.html]
[www.sasken.com/hubfs/Sasken_Finland/Sasken Finland Key Contacts Images/Tero_Pernu_web.jpg]
[www.sasken.com/fi/about-us/leadership-team/pasi-luikko.html]
[www.sasken.com/hubfs/Sasken_Finland/Pasi_Liukko_web.jpg]
[www.sasken.com/fi/about-us/key-contacts.html]
[www.sasken.com/hubfs/hub_generated/module_assets/1/72806424409/1743342471245/module_Competencies_Offerings_Box_Module.min.css]
[www.sasken.com/hubfs/hub_generated/module_assets/1/73984125559/1743342480884/module_Sasken-Finland_Worker_Expnc_Slider_Module.min.css]
[www.sasken.com/hubfs/Sasken_Finland/Sasken-Finland_Industry_Offerings/Industries_11.jpg]
[www.sasken.com/hubfs/Sasken_Finland/Home_Page/rf_design.png]
[www.sasken.com/hubfs/Sasken_Finland/Sasken-Finland_Industry_Offerings/Mikko_Employee_Testimonial_0.jpg]
[www.sasken.com/hubfs/Sasken_Finland/Sasken-Finland_Industry_Offerings/Career_Resized_image2.jpg]
[www.sasken.com/hubfs/Sasken_Finland/Sasken-Finland_Industry_Offerings/Career_Resized_image.jpg]
[www.sasken.com/fi/industries.html]
[www.sasken.com/hubfs/hub_generated/module_assets/1/73984125559/1743342480884/module_Sasken-Finland_Worker_Expnc_Slider_Module.min.js]
[www.sasken.com/hubfs/Sasken_Finland/Sasken Finland Competencies Images/Competencies.jpg]
[www.sasken.com/hubfs/Sasken_Finland/Sasken Finland Competencies Images/Sasken_Icons-01.png]
[www.sasken.com/hubfs/Sasken_Finland/Sasken Finland Competencies Images/audio_0.png]
[www.sasken.com/hubfs/Sasken_Finland/Sasken Finland Competencies Images/competency3-01.png]
[www.sasken.com/hubfs/Sasken_Finland/Sasken Finland Competencies Images/cpt_0.png]
[www.sasken.com/hubfs/Sasken_Finland/Sasken Finland Competencies Images/Sasken_Icons-02.png]
[www.sasken.com/hubfs/Sasken_Finland/Sasken Finland Competencies Images/fsd_0.png]
[www.sasken.com/fi/competencies.html]
[www.sasken.com/hubfs/Sasken_Finland/Sasken Finland Services Image Folder/Services_12.jpg]
[www.sasken.com/fi/services.html]
[www.sasken.com/hubfs/Sasken_Finland/Sasken Finland About Us Images/About_Us_2.jpg]
[www.sasken.com/hubfs/Sasken_Finland/Sasken Finland About Us Images/About_Us_02.png]
[www.sasken.com/hubfs/Sasken_Finland/Sasken Finland About Us Images/About_Us_01.png]
[www.sasken.com/fi/about-us.html]
[www.sasken.com/fi/terms-use.html]
[www.sasken.com/fi/privacy-policy.html]
[sasken.mykampaign.com/media/js/sasken-tracking.js]
[track-na2.hubspot.com/__ptqd7ff.gif]
[www.sasken.com/insights/success-stories/enabled-continuous-automated-deployment-applications-and-platforms3d9f]
[track-na2.hubspot.com/__ptqc477.gif]
[www.sasken.com/insights/success-stories/ensured-continuous-releases-new-web-apps-and-apis-global-transportation3d9f]
[www.sasken.com/business-continuity-success-stories/author/ravi-kiran.html]
[www.sasken.com/business-continuity-success-stories/author/chandrasekar-selvaraj.html]
[www.sasken.com/business-continuity-success-stories/author/ranjan-r.html]
[www.sasken.com/business-continuity-success-stories/author/jayna-chopra.html]
[www.sasken.com/business-continuity-success-stories/author/manoj-chidambaram.html]
[www.sasken.com/business-continuity-success-stories/author/amita-pande.html]
[www.sasken.com/business-continuity-success-stories/author/rishabh-barua.html]
[www.sasken.com/business-continuity-success-stories/author/vinay-harugop.html]
[www.sasken.com/business-continuity-success-stories/author/gururaj-rao]
[www.sasken.com/business-continuity-success-stories/author/atul-girigosavi]
[www.sasken.com/business-continuity-success-stories/author/rizwanul-islam-rajkumar-karunaikumar]
[www.sasken.com/business-continuity-success-stories/author/manish-dhanake]
[track-na2.hubspot.com/__ptq40b9.gif]
[track-na2.hubspot.com/__ptq1367.gif]
[track-na2.hubspot.com/__ptqebf7.gif]
[www.sasken.com/business-continuity-success-stories/author/sonali-mohite]
[www.sasken.com/business-continuity-success-stories/author/biswajit-mohanty]
[track-na2.hubspot.com/__ptq88e1.gif]
[www.sasken.com/business-continuity-success-stories/author/rohini-lingadevaru]
[track-na2.hubspot.com/__ptq0201.gif]
[track-na2.hubspot.com/__ptq9955.gif]
[www.sasken.com/business-continuity-success-stories/author/venkat-pulusuganti]
[www.sasken.com/business-continuity-success-stories/author/veerabharathi-v]
[track-na2.hubspot.com/__ptq3157.gif]
[track-na2.hubspot.com/__ptq54f9.gif]
[www.sasken.com/business-continuity-success-stories/author/sanjay-kumar-radhakrishna]
[www.sasken.com/business-continuity-success-stories/author/rajiv-nagendra]
[track-na2.hubspot.com/__ptq14a9.gif]
[www.sasken.com/business-continuity-success-stories/author/suresh-jayappa]
[track-na2.hubspot.com/__ptqf41c.gif]
[www.sasken.com/business-continuity-success-stories/author/somesh-dewangan]
[track-na2.hubspot.com/__ptqcda4.gif]
[www.sasken.com/business-continuity-success-stories/author/chetan-sethi]
[track-na2.hubspot.com/__ptq812f.gif]
[www.sasken.com/business-continuity-success-stories/author/praful-khandelwal.html]
[www.sasken.com/business-continuity-success-stories/author/bama-s.html]
[www.sasken.com/insights/case-study/author/sasken-site-admin.html]
[www.sasken.com/insights/white-papers/author/vivek-madathil.html]
[www.sasken.com/insights/white-papers/author/praful-khandelwal.html]
[www.sasken.com/insights/white-papers/author/vivek-madathil-amit-verma.html]
[www.sasken.com/insights/white-papers/author/mrinal-sarkar.html]
[www.sasken.com/insights/white-papers/author/debashis-panigrahi.html]
[www.sasken.com/insights/white-papers/author/senthil-kumar-subramani-debashis-panigrahi.html]
[www.sasken.com/insights/white-papers/author/bhabani-prasad-upadhyaya.html]
[www.sasken.com/insights/white-papers/author/amit-palkar-venkata-murali-krishna-adapa.html]
[www.sasken.com/insights/white-papers/author/by-roney-paul-kurien.html]
[www.sasken.com/insights/white-papers/author/veeresh-j-diggavi.html]
[www.sasken.com/insights/white-papers/author/vivek-madathil-shweta-naik.html]
[www.sasken.com/insights/white-papers/author/amit-maheshbhai-bhatt.html]
[www.sasken.com/insights/white-papers/author/basavaraj-patil.html]
[www.sasken.com/insights/white-papers/author/sharansunil-lekkad.html]
[www.sasken.com/insights/white-papers/author/debabrata-sahoo.html]
[www.sasken.com/insights/white-papers/author/narasimha-bashyam.html]
[www.sasken.com/insights/white-papers/author/vivek-madathil-amol-kulkarni-rohit-gore.html]
[www.sasken.com/insights/white-papers/author/shantanu-das-1.html]
[www.sasken.com/insights/white-papers/author/amol-shrikant-kulkarni.html]
[www.sasken.com/insights/white-papers/author/vinay-harugop.html]
[www.sasken.com/insights/white-papers/author/neetu-sasi-kumar.html]
[www.sasken.com/insights/white-papers/author/debashis-panigrahi-vasudevan-mukundan.html]
[www.sasken.com/insights/white-papers/author/rohit-anand.html]
[www.sasken.com/insights/white-papers/author/naresh-neelakantan.html]
[www.sasken.com/insights/white-papers/author/pradeep-chandramouli.html]
[www.sasken.com/insights/white-papers/author/krishna-kishore-vidya-krithivasan.html]
[www.sasken.com/insights/white-papers/author/amandeep-singh-uppal.html]
[www.sasken.com/insights/white-papers/author/allappagoud-biradar.html]
[www.sasken.com/insights/white-papers/author/karthik-kumar-parthasarathy-dorairaj-vembu.html]
[www.sasken.com/insights/white-papers/author/ponmuthusubramaniam-vipin-tyagi-krishna-kishore.html]
[www.sasken.com/insights/white-papers/author/manuj-khanra.html]
[www.sasken.com/insights/white-papers/author/chetan-sethi.html]
[www.sasken.com/insights/white-papers/author/samir-amberkar.html]
[www.sasken.com/insights/white-papers/author/girish-bvs.html]
[www.sasken.com/insights/white-papers/author/dorairaj-vembu.html]
[www.sasken.com/insights/white-papers/author/vinod-vasudevan.html]
[www.sasken.com/insights/white-papers/author/asghar-ali.html]
[www.sasken.com/insights/white-papers/author/krishna-kishore.html]
[www.sasken.com/insights/white-papers/author/anees-haidary.html]
[www.sasken.com/insights/white-papers/author/dr-v-sridhar-anees-haidary.html]
[www.sasken.com/insights/white-papers/author/confidex-and-sasken.html]
[www.sasken.com/insights/buzz/author/admin.html]
[track-na2.hubspot.com/__ptq60d1.gif]
[track-na2.hubspot.com/__ptq6571.gif]
[track-na2.hubspot.com/__ptqbc68.gif]
[track-na2.hubspot.com/__ptqe75e.gif]
[www.sasken.com/news/press-releases/lte-based-mobile-satellite-equipment3d9f.html]
[track-na2.hubspot.com/__ptq7182.gif]
[www.sasken.com/news/press-releases/sasken-joins-the-soafee-sig-as-a-voting-member3d9f.html]
[track-na2.hubspot.com/__ptq9d39.gif]
[www.sasken.com/news/press-releases/sasken-q2-fy21-22-result-announced3d9f.html]
[track-na2.hubspot.com/__ptq9053.gif]
[www.sasken.com/news/press-releases/sasken-q1-fy21-22-result-announced3d9f.html]
[track-na2.hubspot.com/__ptq3a0a.gif]
[www.sasken.com/news/press-releases/sasken-q4-fy20-21-result-announced3d9f.html]
[track-na2.hubspot.com/__ptqd71c.gif]
[www.sasken.com/news/press-releases/sasken-and-primatec-partner-enable-end-end-product-engineering-services3d9f.html]
[track-na2.hubspot.com/__ptq9b93.gif]
[www.sasken.com/news/press-releases/sasken-q2-fy20-21-result-announced3d9f.html]
[track-na2.hubspot.com/__ptqe3fa.gif]
[www.sasken.com/news/press-releases/sasken-appoints-edwin-moses-president-and-coo3d9f.html]
[track-na2.hubspot.com/__ptq8567.gif]
[www.sasken.com/news/press-releases/sasken-q1-fy20-21-result-announced3d9f.html]
[track-na2.hubspot.com/__ptq347d.gif]
[www.sasken.com/news/press-releases/sasken-q4-fy19-20-result-announced3d9f.html]
[track-na2.hubspot.com/__ptqdfe1.gif]
[www.sasken.com/news/press-releases/sasken-q3-fy19-20-result-announced3d9f.html]
[track-na2.hubspot.com/__ptqd1f1.gif]
[www.sasken.com/news/press-releases/sasken-technologies-and-qualcomm-join-forces-extend-engineering3d9f.html]
[track-na2.hubspot.com/__ptqa1b4.gif]
[www.sasken.com/news/press-releases/sasken-joins-mediatek-rich-iot-program-drive-innovation-across-intelligent3d9f.html]
[track-na2.hubspot.com/__ptqc6a3.gif]
[www.sasken.com/news/press-releases/sasken-q2-fy19-20-result-announced3d9f.html]
[track-na2.hubspot.com/__ptq9f30.gif]
[www.sasken.com/news/press-releases/sasken-joins-siemens-mindsphere-partner-program-accelerate-adoption-digital3d9f.html]
[track-na2.hubspot.com/__ptq5b08.gif]
[www.sasken.com/news/press-releases/sasken-showcase-autonomous-driving-solutions-ceatec-20193d9f.html]
[track-na2.hubspot.com/__ptq3672.gif]
[www.sasken.com/news/press-releases/sasken-strengthens-its-focus-growth-appointment-gajendra-singh-chowhan-svp-and3d9f.html]
[track-na2.hubspot.com/__ptq947e.gif]
[www.sasken.com/news/press-releases/sasken-q1-fy19-20-result-announced3d9f.html]
[track-na2.hubspot.com/__ptq3e28.gif]
[www.sasken.com/news/press-releases/cohda-wireless-and-sasken-partner-accelerate-adoption-v2x-connected-vehicles3d9f.html]
[track-na2.hubspot.com/__ptqc2e6.gif]
[www.sasken.com/news/press-releases/sasken-q4-fy18-19-result-announced3d9f.html]
[track-na2.hubspot.com/__ptqff67.gif]
[www.sasken.com/news/press-releases/sasken-becomes-member-ethercat-technology-group3d9f.html]
[track-na2.hubspot.com/__ptq224c.gif]
[www.sasken.com/news/press-releases/smartrac-and-sasken-announce-iot-solutions-alliance3d9f.html]
[track-na2.hubspot.com/__ptq727d.gif]
[www.sasken.com/news/press-releases/sasken-positioned-leadership-zone-automotive-category-zinnov-zones-erd-services3d9f.html]
[track-na2.hubspot.com/__ptq828d.gif]
[www.sasken.com/news/press-releases/sasken-q3-fy18-19-result-announced3d9f.html]
[track-na2.hubspot.com/__ptq266d.gif]
[www.sasken.com/news/press-releases/sasken-launches-automotive-center-excellence-detroit-usa3d9f.html]
[track-na2.hubspot.com/__ptqf6b6.gif]
[www.sasken.com/news/press-releases/sasken-unveils-new-logo-reflect-its-30-year-old-heritage3d9f.html]
[track-na2.hubspot.com/__ptq2545.gif]
[www.sasken.com/news/press-releases/sasken-showcase-its-chip-cognition-solutions-ces-20193d9f.html]
[track-na2.hubspot.com/__ptqcbe7.gif]
[www.sasken.com/news/press-releases/everest-group-peak-matrix-recognizes-sasken-aspirant-digital-services3d9f.html]
[track-na2.hubspot.com/__ptq12b1.gif]
[www.sasken.com/news/press-releases/sasken-q3-fy17-18-result-announced3d9f.html]
[track-na2.hubspot.com/__ptq6132.gif]
[www.sasken.com/news/press-releases/sasken-and-iarcs-proudly-present-indian-finalists-international-olympiad3d9f.html]
[track-na2.hubspot.com/__ptq0df4.gif]
[www.sasken.com/news/press-releases/sequans-and-sasken-team-bring-new-lte-devices-vertical-markets3d9f.html]
[track-na2.hubspot.com/__ptqf5e1.gif]
[www.sasken.com/news/press-releases/sasken-strengthens-its-automotive-business-appointment-calvin-nichols-vp-and3d9f.html]
[track-na2.hubspot.com/__ptqfe25.gif]
[www.sasken.com/news/press-releases/sasken-appoints-vinita-shrivastava-chief-people-officer3d9f.html]
[track-na2.hubspot.com/__ptqcaca.gif]
[www.sasken.com/news/press-releases/sasken-showcases-digital-expertise-and-solutions-industrial-iot-liveworx-20183d9f.html]
[track-na2.hubspot.com/__ptqddc4.gif]
[www.sasken.com/news/press-releases/sasken-showcased-5g-cellular-v2x-and-computer-vision-machine-learning-based3d9f.html]
[track-na2.hubspot.com/__ptq0ba4.gif]
[www.sasken.com/news/press-releases/zinnov-ranks-sasken-leadership-zone-semiconductor-and-telecommunications3d9f.html]
[track-na2.hubspot.com/__ptq4554.gif]
[www.sasken.com/news/press-releases/sasken-q4-fy17-18-result-announced3d9f.html]
[track-na2.hubspot.com/__ptq7894.gif]
[www.sasken.com/news/press-releases/sasken-strengthens-its-industrials-business-appointment-mihir-kumar-svp-and-head3d9f.html]
[track-na2.hubspot.com/__ptq2725.gif]
[www.sasken.com/news/press-releases/sasken-showcases-expertise-developing-lte-based-devices-satellite-20183d9f.html]
[track-na2.hubspot.com/__ptq2e15.gif]
[www.sasken.com/news/press-releases/sasken-becomes-member-american-public-transportation-association3d9f.html]
[track-na2.hubspot.com/__ptq8b10.gif]
[www.sasken.com/news/press-releases/sasken-q2-fy18-19-result-announced3d9f.html]
[track-na2.hubspot.com/__ptqfb70.gif]
[www.sasken.com/news/press-releases/sasken-q1-fy18-19-result-announced3d9f.html]
[track-na2.hubspot.com/__ptq3310.gif]
[www.sasken.com/news/press-releases/bengaluru-january-24-20183d9f.html]
[www.sasken.com/news/press-releases/author/admin.html]
[www.sasken.com/hubfs/hub_generated/module_assets/1/74067829167/1743342482380/module_pop-up_form_on_fixed_icon.min.css]
[cdn.jsdelivr.net/npm/bootstrap@4.6.1/dist/css/bootstrap.min.css]
[www.sasken.com/fi/about-us/leadership-team/jani-turpeinen.html]
[www.sasken.com/fi/about-us/leadership-team/mikko-keskilammi.html]
[www.sasken.com/fi/about-us/leadership-team/tero-pernu.html]
[www.sasken.com/fi/about-us/leadership-team/pasi-luikko.html]
[www.sasken.com/hubfs/hub_generated/module_assets/1/72806424409/1743342471245/module_Competencies_Offerings_Box_Module.min.css]
[www.sasken.com/hubfs/hub_generated/module_assets/1/73984125559/1743342480884/module_Sasken-Finland_Worker_Expnc_Slider_Module.min.css]
[f.hubspotusercontent40.net/hubfs/2401243/Sasken Feb-2022/arrowmore.png]
[www.sasken.com/business-continuity-success-stories/author/atul-girigosavi]
[www.sasken.com/business-continuity-success-stories/author/gururaj-rao]
[www.sasken.com/business-continuity-success-stories/author/rizwanul-islam-rajkumar-karunaikumar]
[www.sasken.com/business-continuity-success-stories/author/manish-dhanake]
[www.sasken.com/business-continuity-success-stories/author/sonali-mohite]
[www.sasken.com/business-continuity-success-stories/author/biswajit-mohanty]
[www.sasken.com/business-continuity-success-stories/author/rohini-lingadevaru]
[www.sasken.com/business-continuity-success-stories/author/venkat-pulusuganti]
[www.sasken.com/business-continuity-success-stories/author/veerabharathi-v]
[www.sasken.com/business-continuity-success-stories/author/sanjay-kumar-radhakrishna]
[www.sasken.com/business-continuity-success-stories/author/rajiv-nagendra]
[www.sasken.com/business-continuity-success-stories/author/suresh-jayappa]
[www.sasken.com/hubfs/shutterstock_589267616.jpg]
[www.sasken.com/hubfs/shutterstock_1992336341.jpg]
[www.sasken.com/business-continuity-success-stories/author/somesh-dewangan]
[www.sasken.com/business-continuity-success-stories/author/chetan-sethi]
[f.hubspotusercontent40.net/hubfs/2401243/Sasken Feb-2022/searchbar-icon.png]
[www.sasken.com/hubfs/hub_generated/module_assets/1/74585768522/1743342483502/module_Sasken-Finland_Tab_With_Content_Module.min.css]
[www.sasken.com/hubfs/hub_generated/module_assets/1/74585768522/1743342483502/module_Sasken-Finland_Tab_With_Content_Module.min.css]
